title,developer,url,group,monthlyUsers,totalUsers,rating,reviews,description
Google Maps Scraper,Compass,https://apify.com/compass/crawler-google-places?fpr=youssef,google-maps,39326,633081,4.7,1818,"Extract data from thousands of Google Maps locations and businesses, including reviews, reviewer details, images, contact info, including full name, email, and job title, opening hours, prices & more. Export data, run via API, schedule and monitor runs, or integrate with other tools"
Instagram Profile Scraper,Apify,https://apify.com/apify/instagram-profile-scraper?fpr=youssef,social-leads,30624,237725,4.7,175,"Scrape all Instagram profile info. Just add Instagram usernames, IDs or URLs and extract name, join date, number of followers, location, bio, website, related profiles, video&post count, latest posts. Export scraped data, schedule scraper via API, and integrate with other tools or AI workflows"
Google Search Results Scraper,Apify,https://apify.com/apify/google-search-scraper?fpr=youssef,other-lead-sources,21276,197172,4.6,218,"Scrape Google Search Engine Results Pages (SERPs). Select the country or language and extract organic and paid results, AI Mode, AI overviews, ads, queries, People Also Ask, prices, reviews, like a Google SERP API. Export data, run the scraper via API, schedule runs, or integrate with other tools"
Linkedin Jobs Scraper,Curious Coder,https://apify.com/curious_coder/linkedin-jobs-scraper?fpr=youssef,linkedin,17708,167205,4.6,141,"Scrape Linkedin jobs from jobs search results using search URLs or filters. Get full job details, job poster and company details"
LinkedIn Profile Scraper + Email No Cookies,HarvestAPI,https://apify.com/harvestapi/linkedin-profile-scraper?fpr=youssef,email-finders,11292,76602,4.6,93,"Extract detailed information from LinkedIn profiles in bulk, including complete work experience, education history, skills and more. No cookies or account required"
LinkedIn Profile Posts Scraper (No Cookies),HarvestAPI,https://apify.com/harvestapi/linkedin-profile-posts?fpr=youssef,linkedin,9970,38996,4.4,55,"Extract posts from LinkedIn profiles, including content, media, engagement, reactions, comments, and more. No cookies or account required"
Tweet Scraper V2 - X Scraper / Twitter Scraper / X.com Scraper,API Dojo,https://apify.com/apidojo/tweet-scraper?fpr=youssef,social-leads,8377,103901,3.9,196,"Lightning-fast search, URL, list, and profile scraping, with customizable filters., and 30-80 tweets per second, it is ideal for researchers, entrepreneurs, and businesses! Get comprehensive insights from Twitter (X) now!"
Linkedin Post Search Scraper (No Cookies),HarvestAPI,https://apify.com/harvestapi/linkedin-post-search?fpr=youssef,linkedin,7512,31497,5.0,53,Search LinkedIn Posts with advanced filters by target profiles or companies. No cookies or account required
Facebook Ads Library Scraper,Apify,https://apify.com/apify/facebook-ads-scraper?fpr=youssef,social-leads,7126,40853,4.0,59,"Extract advertising data from Facebook, Instagram, WhatsApp, Threads. Get ads, publishers, prices, reach estimates, impressions, links, images, IDs, timestamps, product info, and more from Facebook Ad Library. Export ad data, schedule runs via API, and integrate with other tools or AI workflows"
LinkedIn Profile Search Scraper No Cookies Find all people,HarvestAPI,https://apify.com/harvestapi/linkedin-profile-search?fpr=youssef,linkedin,6544,46686,4.4,103,"Search for LinkedIn profiles with filters and extract detailed profile information, including work experience, education history, location, and more. No cookies or account required"
Linkedin Company Details Scraper (No Cookies) Bulk,HarvestAPI,https://apify.com/harvestapi/linkedin-company?fpr=youssef,linkedin,6494,24042,4.5,33,"Extract detailed information from LinkedIn Companies such as company name, address, phone numbers, website, employee count, and more. Find LinkedIn company URLs by name in Bulk. No cookies or account required"
Facebook Ad Library Scraper,Curious Coder,https://apify.com/curious_coder/facebook-ads-library-scraper?fpr=youssef,social-leads,6184,43515,4.8,111,Scrape ads from facebook ads library search results and facebook pages. Cost
Facebook Pages Scraper,Apify,https://apify.com/apify/facebook-pages-scraper?fpr=youssef,social-leads,5936,64981,4.6,54,"Extract basic data from multiple Facebook Pages or Profiles. Extract Facebook page details, website, email, address, messenger, likes, followers, rating, ad running status, and other public data. Export scraped data, schedule scraper via API, integrate with other tools or AI workflows"
LinkedIn Company Employees Scraper No Cookies,HarvestAPI,https://apify.com/harvestapi/linkedin-company-employees?fpr=youssef,linkedin,5312,31018,3.9,47,"Extract all LinkedIn Company employees with filters and detailed profile information, including complete work experience, and more. No cookies or account required. This actor can try to find contact emails"
Tweet Scraper| Pay-Per Result | No Rate Limits,Kaito T,https://apify.com/kaitoeasyapi/twitter-x-data-tweet-scraper-pay-per-result-cheapest?fpr=youssef,social-leads,5267,29126,4.3,85,"Twitter scraping, 100% reliability, swift data retrieval.This incredible low price is almost too good to be true.Thanks to our large-scale operations and efficient servers, we can offer you rock-bottom prices that no competitors can match"
LinkedIn Company Posts Scraper (No Cookies),HarvestAPI,https://apify.com/harvestapi/linkedin-company-posts?fpr=youssef,linkedin,4022,13176,5.0,21,"Extract posts from LinkedIn companies including content, media, engagement, reactions, comments and more. No cookies or account required. Concurrency + fast response times make mass scraping fast"
LinkedIn Jobs Scraper,Bebity,https://apify.com/bebity/linkedin-jobs-scraper?fpr=youssef,linkedin,3937,41755,4.3,72,"ℹ Designed for both personal and professional use, simply enter your desired job title and location to receive a tailored list of job opportunities. Try it today!"
Google Maps Extractor,Compass,https://apify.com/compass/google-maps-extractor?fpr=youssef,google-maps,3915,103599,4.9,232,"Extract data from hundreds of places fast. Scrape Google Maps by keyword, category, location, URLs & other filters. Get addresses, contact info, opening hours, popular times, prices, menus & more. Export scraped data, run the scraper via API, schedule and monitor runs, or integrate with other tools"
"Reddit Scraper - Posts, Comments, Search & Subreddits",Harsh Maur,https://apify.com/harshmaur/reddit-scraper?fpr=youssef,social-leads,3827,15089,4.5,40,"Scrape Reddit posts, comments, subreddits, user profiles, and keyword search results - no API key, no rate limits, no login., pay only for what you use. Full comment threads, 60+ fields per post, media and galleries. Works with AI Agents, MCP, n8n, Make, Zapier and more"
Google Maps Email Extractor,Lukáš Křivka,https://apify.com/lukaskrivka/google-maps-with-contact-details?fpr=youssef,google-maps,2898,91264,4.6,222,"Extract Google Maps contact details. Scrape websites of Google Maps places for contact details and get email addresses, website, location, address, zipcode, phone number, social media links. Export scraped data, run the scraper via API, schedule and monitor runs or integrate with other tools"
Contact Details Scraper,Vojta Drmota,https://apify.com/vdrmota/contact-info-scraper?fpr=youssef,email-finders,2398,61810,4.7,92,"Email extractor and lead scraper to extract and download emails, phone numbers, Facebook, Twitter, LinkedIn, Instagram, Threads, Snapchat, and Telegram profiles from any website. Extract contact information at scale from lists of URLs and download the data as Excel, CSV, JSON, HTML, and XML"
"Taobao 淘宝 Product Detail Scraper - SKUs, Prices, Reviews",Zen Studio,https://apify.com/zen-studio/taobao-detail-scraper?fpr=youssef,other-lead-sources,2313,3336,5.0,2,"Extract SKUs, prices, attributes, optional reviews, images, videos, shop data, and category metadata from Taobao (淘宝) and Tmall (天猫) product URLs or item IDs. Export clean JSON, CSV, and Excel rows"
Profile Posts Scraper for LinkedIn [No Cookies],API Maestro,https://apify.com/apimaestro/linkedin-profile-posts?fpr=youssef,linkedin,2207,23132,4.8,67,"Scrape LinkedIn posts data for a given LinkedIn profile including post content, reactions, comments count, and media attachments"
Profile Details Scraper for LinkedIn + EMAIL (No Cookies),API Maestro,https://apify.com/apimaestro/linkedin-profile-detail?fpr=youssef,email-finders,2166,20222,4.7,64,"Scrape comprehensive LinkedIn profile data including work experience, education history, certifications, and location details. Get structured information from any public LinkedIn profile using their username"
Twitter (X.com) Scraper Unlimited: No Limits,API Dojo,https://apify.com/apidojo/twitter-scraper-lite?fpr=youssef,social-leads,2122,34618,4.8,101,"Introducing Twitter Scraper Unlimited, the most comprehensive Twitter data extraction solution available. Our enterprise-grade scraper offers unmatched capabilities with a transparent event-based pricing model, making it perfect for both small-scale and large-scale data extraction needs"
Leads Finder - Emails [Apollo Alternative],Code Pioneer,https://apify.com/code_crafter/leads-finder?fpr=youssef,email-finders,2086,48300,3.5,546,"Affordable alternative to ZoomInfo, Lusha & Apollo. Get Business email, Mobile Number, Personal email, LinkedIn profiles, company details etc"
LinkedIn Post Comments Scraper (No Cookies) (No Cookies),HarvestAPI,https://apify.com/harvestapi/linkedin-post-comments?fpr=youssef,linkedin,2027,8417,4.8,22,"Extract LinkedIn post comments or comment replies in bulk, as well as comment social activities such as the number of likes and reactions. No cookies or account required"
Instagram Followers/Following Scraper | No Login | No Cookies,Scraping Solutions,https://apify.com/scraping_solutions/instagram-scraper-followers-following-no-cookies?fpr=youssef,social-leads,1886,16448,4.8,16,"Download Instagram followers or following from any public account. No login, no cookies required. Supports multiple usernames, auto-pagination, and continuation tokens for large exports. Export to JSON, CSV, Excel. Perfect for lead generation, influencer research, and competitor analysis"
Linkedin Profile Search By Name scraper No Cookies,HarvestAPI,https://apify.com/harvestapi/linkedin-profile-search-by-name?fpr=youssef,linkedin,1850,8425,4.5,17,"Search for LinkedIn profiles by name with filters and extract detailed profile information, including work experience, education history, location and more. No cookies or account required"
Advanced LinkedIn Job Search API,Fantastic.jobs,https://apify.com/fantastic-jobs/advanced-linkedin-job-search-api?fpr=youssef,linkedin,1816,15408,2.9,20,"Access our real-time LinkedIn Jobs database with over 10 million new jobs per month. With detailed company data, recruiter data, and AI enrichments! Get exact results with our advanced filters on title, description, location, company description, no. of employees, industry. Powered by Fantastic.jobs"
X Tweet Scraper | Pay-Per-Result,Xquik,https://apify.com/xquik/x-tweet-scraper?fpr=youssef,social-leads,1806,5400,4.7,16,"Scrape X (Twitter) tweets, replies, profiles, lists, and searches on every Apify plan. Get 63 fields per tweet, 50+ filters, batch lookup & flat exports. No X login. Built by Xquik. World's fastest & cheapest X (Twitter) scraper service. Not affiliated with X Corp"
Facebook Posts Search,Scraper One,https://apify.com/scraper_one/facebook-posts-search?fpr=youssef,social-leads,1718,22144,4.2,14,"Search for Facebook posts using keywords or hashtags. Retrieve post URLs, content, publication dates, author details, and engagement metrics. Ideal for monitoring brand mentions on Facebook over time"
Tiktok Scraper (Pay Per Result),API Dojo,https://apify.com/apidojo/tiktok-scraper?fpr=youssef,social-leads,1684,11580,4.4,30,"Extract TikTok profiles, videos, hashtags, comments at 600 posts/sec. No proxy, 98% success rate. Scrape music, locations & user data with query builder. Export JSON/CSV, API integration. Perfect for influencer discovery, lead gen, market research"
Instagram Post & Reel Details Scraper · No Login,Data Slayer,https://apify.com/data-slayer/instagram-post-details?fpr=youssef,social-leads,1586,3909,5,1,"Get full details from any Instagram post or Reel by URL - no login. 128 fields: likes, comments, views, shares, saves, reposts, captions, audio metadata, video URLs, and creator profiles. Bulk URL input. Includes repost_count missing from Apify's own scraper. JSON/CSV/Excel"
Naukri Job Scraper | India & Gulf Jobs,Muhammet Akkurt,https://apify.com/muhammetakkurtt/naukri-job-scraper?fpr=youssef,jobs-hiring-signals,1566,20713,4.4,11,"Naukri Job Scraper extracts job postings from Naukri.com (India) and NaukriGulf.com (Gulf). Scrape job title, company, salary, experience, description and recruiter email by keyword, URL or filters. Export structured data for recruitment analytics, market research and lead generation"
Career Site Job Listing API,Fantastic.jobs,https://apify.com/fantastic-jobs/career-site-job-listing-api?fpr=youssef,jobs-hiring-signals,1498,7905,4.1,13,"The perfect Job Posting API for high-quality real jobs! Direct postings from over 275k+ company career sites across 58 ATS platforms like: Workday, Greenhouse, and Ashby. Enriched with AI and LinkedIn company data! Includes Lever, Rippling, SuccessFactors, iCIMS. Powered by Fantastic.jobs"
Linkedin Post Scraper No cookies,Supreme Coder,https://apify.com/supreme_coder/linkedin-post?fpr=youssef,linkedin,1474,16745,4.1,54,"Scrape unlimited Linkedin posts without risking your Linkedin account. Live data, Super fast scraping at affordable cost. High success rate"
LinkedIn Company Search Scraper No Cookies,HarvestAPI,https://apify.com/harvestapi/linkedin-company-search?fpr=youssef,linkedin,1460,8375,4.4,22,Search for LinkedIn companies with filters and extract detailed company information. No cookies or account required. Fast and reliable actor
Posts Search Scraper for LinkedIn | No Cookies,API Maestro,https://apify.com/apimaestro/linkedin-posts-search-scraper-no-cookies?fpr=youssef,linkedin,1316,12519,4.7,37,"Scrape LinkedIn posts by keyword without login. Get post content, reactions, author details, and media. Sort by relevance or date. Perfect for research, analysis, and monitoring trends"
Fast Instagram Profile Posts Scraper,Instagram Scraper,https://apify.com/instagram-scraper/fast-instagram-post-scraper?fpr=youssef,social-leads,1270,6969,4.7,10,"Instagram Post Scraper. Post data: hashtags, comment_count, like_count, usertags, images, videos, shortcode and etc. Scrape Instagram Posts with Ease and Speed"
Leads Scraper /Run With EMAILSLike Apollo,Pipeline Labs,https://apify.com/pipelinelabs/lead-scraper-apollo-zoominfo-lusha-ppe?fpr=youssef,email-finders,1250,16327,3.0,87,"Scrape Up to 50K leads per run with Emails, LinkedIn URL, Phone Numbers, & More! Similar to Apollo, ZoomInfo, Lusha. 250+ Million Verified Database!"
Mass Linkedin Profile Scraper with Email (No Cookies),Dev Fusion,https://apify.com/dev_fusion/Linkedin-Profile-Scraper?fpr=youssef,email-finders,1237,63514,3.6,158,"Extract full LinkedIn profile insights: verified email, phone number, work history, education, and more"
Bulk Email Verifier & Validator - BounceVerify,Redify,https://apify.com/bounceverify/bounceverify-email-verifier?fpr=youssef,email-finders,1113,3810,4.8,5,"Bulk email verifier & validator with SMTP validation, catch-all detection, and disposable filtering. The best ZeroBounce & NeverBounce alternative on Apify. Clean leads from Apollo, LinkedIn, or any scraper. Reduce bounce rate to under 2%. GDPR compliant"
LinkedIn Profile Extractor & Enricher (No Login Required),Unseen User,https://apify.com/unseenuser/LinkedIn-Profile?fpr=youssef,linkedin,1079,2304,5,4,"Extract complete LinkedIn profile data - experience, education, skills, certifications, location, headline. No login, no cookies. Built for B2B sales and lead-gen teams"
Instagram Followers and Following Scraper,Apify,https://apify.com/apify/instagram-followers-following-scraper?fpr=youssef,social-leads,1067,3427,4.8,10,"Scrape Instagram followers' names. Just add Instagram profile and extract followers' username, name, profile picture URL, private or public status, verified status and Instagram user ID. Export scraped data, schedule scraper via API, and integrate with other tools or AI workflows"
Threads Scraper,Automation Lab,https://apify.com/automation-lab/threads-scraper?fpr=youssef,social-leads,1043,3460,4.2,8,"Scrape Meta Threads posts, profiles, and search results. No login needed. Extract text, likes, reply counts, reposts, media, and user data"
LinkedIn Post Reactions Scraper (No Cookies) (No Cookies),HarvestAPI,https://apify.com/harvestapi/linkedin-post-reactions?fpr=youssef,linkedin,1042,5130,5.0,19,"Extract reactions of LinkedIn posts or comments, such as likes, appreciations, etc. No cookies or account required"
"Fast Twitter (X) User Scraper API | Extract Profiles, Followers",API Dojo,https://apify.com/apidojo/twitter-user-scraper?fpr=youssef,social-leads,1005,9287,4.4,16,"Introducing Twitter (X) User Scraper, the ultimate solution for direct user extraction from Twitter (X). It offers blazing speed and comprehensiveness, delivering lightning-fast user extraction features"
Facebook (Meta) Ads Library Scraper,Iñigo Garcia Olaizola,https://apify.com/igolaizola/facebook-ad-library-scraper?fpr=youssef,social-leads,1004,3626,3.9,11,"Extract powerful ad insights from Meta's Facebook Ads Library. Scrape comprehensive data including IDs, ad text, images, links, and page details to fuel digital marketing strategies and competitive research. Optimize and boost campaigns with current, actionable ad data for maximum impact"
Company Posts Scraper for LinkedIn - No Cookies,API Maestro,https://apify.com/apimaestro/linkedin-company-posts?fpr=youssef,linkedin,916,8769,5.0,17,"Extract public posts and activity from companies including post content, reactions, comments count, and media attachments"
Leads Finder - Email + Mobile Number ​,Caleb David,https://apify.com/microworlds/leads-finder?fpr=youssef,email-finders,884,21531,3.7,113,"Cheap alternative to Apollo, ZoomInfo & Lusha. Get business emails, LinkedIn profiles, company details etc.. With verified email and mobile number ​"
Post Comments & Engagements Scraper for LinkedIn | No Cookies,API Maestro,https://apify.com/apimaestro/linkedin-post-comments-replies-engagements-scraper-no-cookies?fpr=youssef,linkedin,799,5630,5.0,8,"Scrape in Batch all LinkedIn post related data including comments, stats, reactions, replies and media attachments"
Instagram Scraper (Pay Per Result),API Dojo,https://apify.com/apidojo/instagram-scraper?fpr=youssef,social-leads,789,9420,4.7,36,"Famous for its blazing-fast speed and completeness, it offers rapid and efficient scraping of many URLs such as; location, audio, tag, and profile. It's incredibly cost-effective at for every 1000 posts, capable of scraping 100-200 posts each second!"
"Naukri Job Scraper - Salary, Skills & Detail",Black Falcon Data,https://apify.com/blackfalcondata/naukri-jobs-feed?fpr=youssef,jobs-hiring-signals,782,5063,5,2,"Naukri Job Scraper for naukri.com: India's largest job board (500K+ listings). Salary, walk-in contacts, skills, company profiles, full descriptions. plans; no monthly fee. Incremental mode; compact output for AI/MCP"
Linkedin Profile Scraper with Email & Company Data (No Cookie),Data Doping,https://apify.com/datadoping/linkedin-profile-scraper?fpr=youssef,email-finders,776,4616,3.4,11,"For, LinkedIn Profile with Email & Company Data and get complete lead information, including verified emails, using their username, URL, or URN. This advanced scraper integrates with tools like Apollo, Hunter, Lusha etc. to ensure accurate and up-to-date email data"
Skip Trace,ONE API,https://apify.com/one-api/skip-trace?fpr=youssef,enrichment-verification,773,16889,4.6,32,"Locate hard-to-find individuals with our powerful skip trace/tracing API. TruePeopleSearch, Fastpeoplesearch, Lead Finder, Truthfinder, Spokeo, BeenVerified, PeopleFinders. Please leave 5 stars if found useful. If you do not receive any results, please contact: support@realtyapi.io"
LinkedIn Email Finder Find Emails for LinkedIn Profiles,VulnV,https://apify.com/vulnv/linkedin-email-finder?fpr=youssef,email-finders,764,4524,5,5,"LinkedIn email finder: paste profile URLs, get business email addresses back. Bulk lookups, JSON or CSV export, pay per email found. Works on free Apify plans, no cookies or login needed"
Company Employees Scraper for LinkedIn | No Cookies,API Maestro,https://apify.com/apimaestro/linkedin-company-employees-scraper-no-cookies?fpr=youssef,linkedin,738,7961,2.9,18,"Extract LinkedIn company employees without sharing your cookies or account. Get structured data including profile details, job titles, and current positions. No login required"
Reddit Scraper,Automation Lab,https://apify.com/automation-lab/reddit-scraper?fpr=youssef,social-leads,731,4309,4.8,6,"Scrape public Reddit search results and subreddit listings, with posts, comments, and profiles available on a best-effort basis. No Reddit account or API key required"
Google Maps Scraper,VortexData,https://apify.com/vortex_data/google-maps?fpr=youssef,google-maps,730,3425,4.9,19,"Stop wasting your budget on slow, resource-heavy browser-based scrapers. This is the fastest, most cost-effective, and data-rich Google Maps scraper on Apify, designed for high-scale lead generation and market research"
Tiktok Profile Scraper (Pay Per Result),API Dojo,https://apify.com/apidojo/tiktok-profile-scraper?fpr=youssef,social-leads,721,5369,4.4,17,"Scrape TikTok user profiles at 425 posts/sec with 98% success, no proxy needed. Get followers, bio, badges, full video history & engagement. Username or URL input. Export JSON/CSV, API ready. Perfect for influencer research, lead gen & brand deals"
Facebook Search Scraper,Jan Danecki,https://apify.com/danek/facebook-search-ppr?fpr=youssef,social-leads,678,43035,4.1,18,"Scrap Facebook search results fast and easy. It is designed to be fast and efficient, so it can extract a large number of results for low price. It is also less likely to be blocked by Facebook"
Trustpilot All Reviews Scraper + · No Cap · AI Insights,Muhamed Didovic,https://apify.com/memo23/trustpilot-scraper-ppe?fpr=youssef,directories,665,2906,4.8,20,"[] Export every Trustpilot review - past the ~200-review web cap. Incremental mode: pull only reviews newer than a date, so daily syncs stay cheap. 40+ fields, company replies, ratings, reviewer country. Filter by star, language, date, verified. Brand search, regional domains"
Facebook Ads Library Scraper,Automation Lab,https://apify.com/automation-lab/facebook-ads-library?fpr=youssef,social-leads,656,2356,4.5,3,"Scrape Facebook / Meta Ad Library for competitor ad monitoring. Search by keyword, Page URL, pasted Ads Library URL, country, status, and media type. Extract creatives, copy, links, media, platforms, spend. No login or Meta API token required"
LinkedIn Profile Comments Scraper (No Cookies),HarvestAPI,https://apify.com/harvestapi/linkedin-profile-comments?fpr=youssef,linkedin,649,2142,5.0,12,"Extract LinkedIn profile comments, as well as comment social activities such as likes and reactions. No cookies or account required, fast response times"
Leads Scraper Apollo | LinkedIn Profile,Peaky Dev,https://apify.com/peakydev/leads-scraper-ppe?fpr=youssef,linkedin,648,17050,4.0,154,"Cheap ways to Extract leads with verified Mobile Work & Personal Emails. Similar to Apollo, ZoomInfo, Lusha, LinkedIn | Google Maps"
Leads Finder Apollo Alternative,Pipeline Labs,https://apify.com/pipelinelabs/leads-finder-with-emails-apollo-lusha-zoominfo?fpr=youssef,email-finders,645,4324,3.9,13,"Find verified B2B leads with emails, LinkedIn URLs & phone numbers. 250M+ contact database with 100% email coverage. Apollo, Zoominfo & Lusha alternative. Up to 50,000 leads per run"
Google Maps Scraper,ScraperLink,https://apify.com/scraperlink/google-maps-scraper?fpr=youssef,google-maps,642,4091,5.0,31,"**CHEAPEST** Google Maps Scraper on Apify - 4× cheaper than competitors. Proxies & platform costs included. Results in seconds. Extract names, phones, addresses, ratings, hours & more. Multi-query, up to 200 results per search"
1688 Wholesale Products Scraper - 50+ Fields from 1688.com,Zen Studio,https://apify.com/zen-studio/1688-wholesale-scraper?fpr=youssef,other-lead-sources,628,2470,5,4,"Extract 50+ fields per product from 1688.com at 250+ products/minute. Tiered wholesale pricing, supplier verification, factory stats, dropship channels, certifications, trade service scores. Search by keyword (Chinese/English) or offer IDs. JSON output, no login required"
Trustpilot Reviews Scraper,Automation Lab,https://apify.com/automation-lab/trustpilot?fpr=youssef,directories,627,2471,5,1,"Extract Trustpilot reviews with ratings, replies, reviewer info, and company data. Tiered per-review pricing applies, plus a run start fee"
"Bulk Linkedin Email Finder, Super Cheap",Sniper Coder,https://apify.com/snipercoder/bulk-linkedin-email-finder?fpr=youssef,email-finders,625,3895,4.7,13,"Input: linkedIn|Output: Name, Email, Title, Company, etc. In Bulk| Perfect for Email campaigns, Data Enrichment, Linkedin/Linkedin sales nav Leads. Forget Instantly.ai, apollo.io, and hunter.io, they are all to break the Bank"
Naukri Job Scraper - India + Gulf · Emails & 41 Fields,Muhamed Didovic,https://apify.com/memo23/naukri-scraper?fpr=youssef,email-finders,619,4968,4.7,17,"Scrape Naukri and NaukriGulf in one actor - India and the Gulf in one run, so you buy one scraper instead of two. 41 fields per job: salary bands, skills, education, apply links, plus optional employer emails and AmbitionBox company ratings. Rated 4.7 by 17 users. JSON or CSV"
Upwork Job Scraper,Neatrat,https://apify.com/neatrat/upwork-job-scraper?fpr=youssef,jobs-hiring-signals,590,6907,4.8,33,"Scrape Upwork jobs without limits Bypass CAPTCHAs & apply custom filters. Apify is retiring rental Actors, so pricing is changing. For many users around ~7k jobs/month, cost should stay near the old You still get the same no-cookie setup, with in-house Upwork accounts and proxies built in"
Instagram Followers Scraper (No Cookie),Data Doping,https://apify.com/datadoping/instagram-followers-scraper?fpr=youssef,social-leads,585,6043,4.5,14,"Extract Instagram profile followers in bulk without requiring login, session ID, or cookies. This actor provides complete API support, and seamless export options, making large-scale follower collection efficient and reliable"
Linkedin Profile Scraper No cookie,Supreme Coder,https://apify.com/supreme_coder/linkedin-profile-scraper?fpr=youssef,linkedin,564,8780,4.9,32,Scrape Linkedin profiles without risking your Linkedin account. Live data
Twitter Scraper,Jan Danecki,https://apify.com/danek/twitter-scraper?fpr=youssef,social-leads,524,8030,4.4,20,"Scrap Twitter fast and easy. It is designed to be fast and efficient, so it can extract a large number of post for low price"
YouTube Comments Scraper API - Extract Video Comments Fast,API Dojo,https://apify.com/apidojo/youtube-comments-scraper?fpr=youssef,social-leads,517,3219,4.8,12,"YouTube Comments Scraper, the ultimate solution for extensive YouTube comments data retrieval. With its high-speed scraping abilities, it provides unmatched effectiveness and thoroughness. Additionally, its cost-effectiveness is unmatched, priced at !"
X (Twitter) Posts Search,Scraper One,https://apify.com/scraper_one/x-posts-search?fpr=youssef,social-leads,499,2554,5,2,"Search for X (formerly Twitter) posts using keywords or hashtags. Retrieve post URLs, content, publication dates, author details, and engagement metrics. Ideal for monitoring brand mentions on X over time"
Twitter Profile Scraper: Get Profile Tweets + Their Replies,API Dojo,https://apify.com/apidojo/twitter-profile-scraper?fpr=youssef,social-leads,482,2983,3.4,11,"Extract tweets, replies & engagement data from Twitter profiles. 40 tweets FREE. Get likes, retweets, views & media URLs. Date filtering, reply extraction, custom data transformation. No authentication, no proxy required. Event-based pricing, only pay for what you scrape!"
Threads Search Scraper,Sachin Kumar Yadav,https://apify.com/igview-owner/threads-search-scraper?fpr=youssef,social-leads,475,8791,3.5,6,"Powerful Meta Threads search scraper for posts and users. Filter by keywords or usernames, export structured data for analytics, research, monitoring and reporting"
Leads Finder | Similar to Apollo LinkedIn Leads Generator,Brave Leads,https://apify.com/braveleads/leads-finder-linkedin-apollo-leads-generator?fpr=youssef,linkedin,468,4670,4.5,49,"Maximum Result issue fixed---. Get premium leads similar to apollo, linkedin, zoominfo. Work emails, Phone numbers and more"
Email Verifier & Validator | Bulk Email Verification,Michael G,https://apify.com/michael.g/email-verifier-validator?fpr=youssef,email-finders,454,2018,4.7,37,"Bulk email verifier and email validator for email list verification. Verify email addresses, detect invalid emails, check deliverability, and clean email lists to reduce bounce rates"
"LinkedIn Company Scraper - Profiles, Search, Posts [No Login]",Unseen User,https://apify.com/unseenuser/LinkedIn-Company-Scraper?fpr=youssef,linkedin,452,1312,5,3,"Scrape LinkedIn company data 3 ways - full profiles, ICP search, and recent posts - without logging in. No cookies, no extension, no account risk. Exact employee counts, every office, industries, org tree. Clean JSON/CSV for HubSpot, Salesforce, Clay, n8n. 99.8% success"
X Tweet Scraper | Pay-Per-Result,ScrapeBadger,https://apify.com/scrape.badger/twitter-tweets-scraper?fpr=youssef,social-leads,448,2932,3.3,17,"Scrape X/Twitter tweets for. Advanced search with 40+ filters, batch tweet lookup, replies, retweeters, favoriters, quotes, and similar tweets. No API key needed, no rate limits"
TikTok Followers Scraper,Clockworks,https://apify.com/clockworks/tiktok-followers-scraper?fpr=youssef,social-leads,446,12195,4.7,24,"Scrape TikTok followers and following profiles from any account. Input a profile name, and get detailed lists of followers and following profiles with complete metadata. Perfect for lead generation, audience analysis, and segmentation"
LinkedIn Profile Reactions Scraper (No Cookies),HarvestAPI,https://apify.com/harvestapi/linkedin-profile-reactions?fpr=youssef,linkedin,446,1590,4.8,15,"Extract LinkedIn profile reactions, as well as full post data and social activities. No cookies or account required. Concurrency + fast response times"
"Instagram Profile Scraper - Emails, Bio Links & Post Likers",Andrey Afanasenko,https://apify.com/afanasenko/instagram-profile-scraper?fpr=youssef,email-finders,441,4048,2.5,10,"Scrape Instagram profiles at scale - followers and following lists, post likers and commenters, similar-account and influencer discovery, Instagram keyword and location search. Every profile returns emails, bio links, engagement rate, business category and language. No login needed"
Profile Details Batch Scraper for LinkedIn + EMAIL (No Cookies),API Maestro,https://apify.com/apimaestro/linkedin-profile-batch-scraper-no-cookies-required?fpr=youssef,email-finders,438,11804,4.4,18,"(no cookies need) Extract In Bulk comprehensive LinkedIn profile data including work experience, education history, certifications, and location details. Get structured information from any public LinkedIn profile using their username"
LinkedIn Profile Scraper for cheap lead enrichment,Anchor,https://apify.com/anchor/linkedin-profile-enrichment?fpr=youssef,linkedin,436,9966,4.9,21,"Extract LIVE LinkedIn profile data from LinkedIn URLs. Works with people and companies. Upload a CSV of LinkedIn URLs or use the API. Automate your LinkedIn enrichment with N8N, Make, Zapier integrations... No Cookies. Cheap, high-quality, live lead enrichment for LinkedIn profiles !"
"Fast YouTube Channel Scraper API | Profiles, Subs & Stats",API Dojo,https://apify.com/apidojo/youtube-channel-information-scraper?fpr=youssef,social-leads,421,2456,5,8,"Extreme flexibility with search functionalities enables you to retrieve extensive channel information in detail. Not just that but YouTube Channel Information Scraper offers you Country, Language, and Location geo-targeting capabilities. !"
Post Data Scraper for LinkedIn | No Cookies,API Maestro,https://apify.com/apimaestro/linkedin-post-detail?fpr=youssef,linkedin,419,1603,5.0,3,"Linkedin Posts Data Scraper: Extract detailed information from LinkedIn profiles including work experience, education history, and location details"
Instagram Following Scraper (No Cookie),Data Doping,https://apify.com/datadoping/instagram-following-scraper?fpr=youssef,social-leads,418,3336,3.4,6,"Extract Instagram profile following in bulk without requiring login, session ID, or cookies. This actor provides complete API support, and seamless export options, making large-scale follower collection efficient and reliable"
StepStone Job Scraper - Keyword/URL Search + Emails [],Muhamed Didovic,https://apify.com/memo23/stepstone-search-cheerio-ppr?fpr=youssef,email-finders,418,1521,5,9,"StepStone job scraper - keyword & listing search on StepStone Germany, Austria & Belgium, or drop in any job link for one clean row per posting: title, company, salary, location, skills, dates, labels + employer emails. Pure HTTP, no browser. Totaljobs/CWJobs too"
App Store Reviews Scraper API,The Wolves,https://apify.com/thewolves/appstore-reviews-scraper?fpr=youssef,other-lead-sources,415,2408,5.0,10,"App Store Reviews Scraper is your ultimate tool to retrieve the reviews directly from the Apple Store. With extremely capable information retrieval, the lowest price, and lightning speed, this actor is unbeatable. It's priced at !"
"Fast Instagram Scraper API - Posts, Reels, Profiles & Hashtags",API Dojo,https://apify.com/apidojo/instagram-scraper-api?fpr=youssef,social-leads,395,2644,5,9,"Instagram Scraper API - extract posts, reels, profiles, hashtags, locations & audio FASTat 100-200 posts/sec. Transparent event-based pricing +, FREE posts per query, no login, proxies or API keys. Perfect for influencer analysis, brand & social media monitoring"
Linkedin Companies & Profiles Bulk Scraper,Bebity,https://apify.com/bebity/linkedin-premium-actor?fpr=youssef,linkedin,391,15740,3.3,42,Companies & Profiles Linkedin scraper. Get comprehensive profiles of individuals and companies based on your keywords and filters. Unleash the power of data!
Indeed jobs scraper,Curious Coder,https://apify.com/curious_coder/indeed-scraper?fpr=youssef,jobs-hiring-signals,385,4505,4.8,49,This is an actively maintained indeed scraper which can extract job postings and hiring company details at scale from any indeed search results page for a fixed monthly rental price. Well documented with examples and demos
Fast Instagram Profile Reels Scraper,Instagram Scraper,https://apify.com/instagram-scraper/instagram-profile-reels-scraper?fpr=youssef,social-leads,384,1531,5,3,"This Actor scrapes public Instagram Reels from profile pages (the Reels tab). It runs in no‑login mode, which makes it fast to start and easy to use for analytics, research, and content monitoring workflows"
Google Jobs Scraper,John,https://apify.com/johnvc/Google-Jobs-Scraper?fpr=youssef,jobs-hiring-signals,383,3917,4.5,13,"The most advanced Google Jobs Scraper available! Built with enterprise-grade flexibility, lightning-fast performance, and comprehensive customization options. Extract detailed job data, application links, company information, and full job descriptions. Unlimited usage, no monthly rental fees"
Youtube Scraper (Pay Per Result),API Dojo,https://apify.com/apidojo/youtube-scraper?fpr=youssef,social-leads,369,30303,3.3,21,"Experience unparalleled efficiency and depth with its ultra-fast capabilities in searching, URL, playlist, channel, and profile scraping. It comes equipped with a variety of filters to customize your data collection precisely. Plus, it's incredibly affordable at !"
Google Ads Scraper,Gustavo Silva (Coherent Paradox),https://apify.com/silva95gustavo/google-ads-scraper?fpr=youssef,other-lead-sources,367,4510,4.9,19,"Extract up to 400 ads per minute along with text, image and video ads from Google Ads, scraped from the ad library provided by the Google Ads Transparency Center. Gain access to ad details, ad copy, locations and more for a faster competitive edge"
"Job Scraper - Job Board API: LinkedIn Jobs, Indeed, Glassdoor",Pika Choo,https://apify.com/openclawai/job-board-scraper?fpr=youssef,linkedin,353,3017,5.0,5,"Job scraper for LinkedIn Jobs, Indeed, Glassdoor, ZipRecruiter & more job boards in one run. Get title, company, salary, location, job type, full description & company info as JSON or CSV. No login, no API key. MCP-ready for AI agents"
Profile Full Sections Scraper for LinkedIn + EMAIL | No Cookies,API Maestro,https://apify.com/apimaestro/linkedin-profile-full-sections-scraper?fpr=youssef,email-finders,348,3609,5,8,"Scrape complete LinkedIn profile data including work experience, education history, certifications, and location details. Get structured information from any public LinkedIn profile using their username"
Instagram Profile Scraper (Bio & Posts),CoderX,https://apify.com/coderx/instagram-profile-scraper-bio-posts?fpr=youssef,social-leads,336,6555,5.0,9,Instagram Profile Insights Scraper is a lightweight tool that collects detailed public data from a list of Instagram usernames. It fetches profile info and recent posts to help you analyze accounts at scale
Glassdoor Reviews & Jobs · No 200-Cap · AI Employer Intel,Muhamed Didovic,https://apify.com/memo23/glassdoor-scraper-ppr?fpr=youssef,jobs-hiring-signals,333,1729,4.6,11,"Glassdoor scraper that survives the anti-bot wall - no login, no 200-review cap: full reviews with sub-ratings, pros/cons, employer replies, plus jobs, salaries & interviews. New AI Employer Intelligence: complaint themes, attrition-risk signals & quick wins from real reviews"
TikTok Profile Scraper (Private & Public),Abe,https://apify.com/abe/tiktok-profile-scraper?fpr=youssef,social-leads,330,23229,4.6,22,"Scrapes basic profile info for a TikTok page for a given username(s), both private & public. Info returned includes counts for followers, following & likes; as well as name, tagline, bio, image URL and link"
Twitter (X) Follower Scraper | Email| No Rate Limit,Kaito T,https://apify.com/kaitoeasyapi/premium-x-follower-scraper-following-data?fpr=youssef,email-finders,325,5792,4.5,24,"/following! The most affordable X data scraper. Get instant access to follower & following lists. Trusted by marketing pros for accurate social data. Lightning - fast extraction, 99.9% success rate. Start collecting valuable twitter(X) data today!"
Wellfound Startup Job Scraper - Equity Ranges & Job Alerts,Black Falcon Data,https://apify.com/blackfalcondata/wellfound-scraper?fpr=youssef,jobs-hiring-signals,322,1823,5,2,"Scrape wellfound.com startup jobs with salary and equity ranges, location, remote status, experience level, and company name and size. Company-only lead-gen mode, incremental runs, and Slack/Telegram/Discord alerts on new postings"
Upwork Scraper - Freelance Job Listings with Client Intel,Black Falcon Data,https://apify.com/blackfalcondata/upwork-scraper?fpr=youssef,jobs-hiring-signals,319,1082,5,8,"Scrape Upwork jobs with full client intelligence - country, total spent, payment-verified, rating, reviews, and exact applicant count. 14 filters and incremental mode that reliably emits only new or changed listings across runs"
Google Maps Reviews Scraper,Billy,https://apify.com/web_wanderer/google-reviews-scraper?fpr=youssef,google-maps,316,2024,4.7,8,"Scrape all Google Maps reviews using keywords, place URLs, or IDs. Filter by date, rating, or keyword, and capture reviewer details, translations, photos, aspect ratings, owner replies, and complete business info in structured format"
Etsy Listings Scraper - Live Carts & Ads,Yakugusa Yumitori,https://apify.com/yumitori/etsy-listings-scraper?fpr=youssef,other-lead-sources,311,1185,,0,"Scrape Etsy listings by keyword with data no other scraper exposes - live cart counts, ""X people bought in 24h"" signals, Etsy Ads slot positions, bestseller and star-seller badges, seller velocity. Up to 1,080 per keyword, any country. No proxy or captcha needed"
Linkedin Posts Search Scraper (No Cookie),Data Doping,https://apify.com/datadoping/linkedin-posts-search-scraper?fpr=youssef,linkedin,303,1927,5,1,"For, scrape LinkedIn posts of a keyword and extract full content, engagement stats, and author details using their profile URL. Note: If you're on free tier you can only scrape 4 profile and 100 posts per profile per run (12 profiles in total)"
SEEK Job Scraper - Australia & New Zealand Job Listings,Black Falcon Data,https://apify.com/blackfalcondata/seek-scraper?fpr=youssef,jobs-hiring-signals,301,1467,5,3,"Scrape SEEK's Australia & New Zealand job boards - seek.com.au and seek.co.nz. Structured salary ranges and company intelligence, optional applicant-demand signals for low-competition roles, and incremental new/changed detection"
Youtube Channel Email Scraper,Data Over Coffee,https://apify.com/dataovercoffee/Youtube-Channel-Business-Email-Scraper?fpr=youssef,email-finders,294,4336,4.4,30,"Extract real YouTube channel emails at scale with logged-in accounts & CAPTCHA solving - No BS, Real Emails"
YouTube Channel Search Scraper,Maxime Dupré,https://apify.com/maximedupre/youtube-channel-search-scraper?fpr=youssef,social-leads,290,1405,5.0,2,"Find public YouTube channels from keywords or reusable search URLs. Export channel identity, public metrics, profile details, and discovery evidence for its first saved match"
Google Maps Reviews Scraper - Most Comprehensive,Kai,https://apify.com/kaix/google-maps-reviews-scraper?fpr=youssef,google-maps,288,1599,4.9,12,"~ most comprehensive Google Maps review scraper. Extract reviews with ratings, text, translations, photos, author details, owner responses, structured dining/hotel/attraction data, and 65+ place fields. Supports keyword filtering, sorting"
Instagram Followers Scraper,Seemu Scraping,https://apify.com/seemuapps/instagram-followers-scraper?fpr=youssef,social-leads,284,1471,5,1,Fetch followers or following list for any public Instagram profile
Email Finder & Verifier - B2B Email Lookup API,ClearPath,https://apify.com/clearpath/email-finder-api?fpr=youssef,email-finders,283,2265,3.8,4,"Find verified business emails using first name, last name, and company domain. Tests common patterns and validates with SMTP checks. Upload CSV or Excel files for bulk processing. Returns quality-ranked results with alternative emails and confidence scores. Export to JSON or CSV"
Instagram Email Phone Scraper - No Cookies,DataFusionX,https://apify.com/devil_port369-owner/instagram-email-phone-scraper-pay-per-result?fpr=youssef,email-finders,282,3452,4.0,17,"Scrape Instagram email, phone number, bio, and business data from any public profile - no login or cookies needed. Includes optional real-time email verification for safe-to-send leads. Perfect for marketers, lead gen agencies, and analysts building - most reliable Instagram email & phone scraper"
Facebook Marketplace [] Get newest items ASAP,Muhamed Didovic,https://apify.com/memo23/facebook-marketplace-scraper-ppe?fpr=youssef,social-leads,280,1138,4.8,16,"scraper with no cookies or login - anti-bot handled and maintained so your pipeline doesn't die mid-contract. Keyword or URL search, price/condition/radius filters; cars include make, model, odometer & VIN. - a per-result price you can quote to clients"
"LinkedIn Engagers | Likers, Commenters, Reshares | No Cookies",Scraping Solutions,https://apify.com/scraping_solutions/linkedin-posts-engagers-likers-and-commenters-no-cookies?fpr=youssef,linkedin,279,1475,5,2,"Extract likers, commenters, and resharers from public LinkedIn posts. No login or cookies. Process multiple URLs and export JSON, CSV, or Excel with profiles, comments, source posts, and engagement types for lead generation, ABM, recruiting, and analysis"
Indeed Jobs Scraper API/Keyword or URL/No Login · Emails,Muhamed Didovic,https://apify.com/memo23/apify-indeed-cheerio-ppr?fpr=youssef,email-finders,278,1050,4.5,8,"Indeed jobs + company-leads scraper - search by keyword or URL. Returns salaries, GPS, full descriptions, the resolved external/ATS apply URL, and employer firmographics (CEO, revenue, industry, website) plus optional contact-email enrichment. Clean flat output; hard maxJobs cap"
LinkedIn Job Scraper,Crawlworks,https://apify.com/crawlworks/linkedin-jobs-scraper?fpr=youssef,linkedin,275,3032,4.8,13,"Scrape job listings from LinkedIn.com including title, company, location, and posting details. Fast, reliable LinkedIn jobs data scraper for hiring, research, and analytics"
Quora Scraper | No Cookies,Fatih Tahta,https://apify.com/fatihtahta/quora-scraper?fpr=youssef,other-lead-sources,274,20544,5.0,3,"Extracts detailed data from Questions, Answers, Posts, and Profiles for any search query, filter combination, or direct URL on Quora. Ideal for in-depth market research, analyzing authentic public conversations and expert opinions"
LinkedIn Company Scraper - Company Data for Lead Enrichment,Automation Lab,https://apify.com/automation-lab/linkedin-company-scraper?fpr=youssef,linkedin,272,994,5,1,"Scrape LinkedIn company pages for website, industry, size, employee count, headquarters, specialties, and profile metadata. Use the website field as the starting point for contact discovery and email verification workflows"
All Jobs Scraper (39 Sites),AgentX,https://apify.com/agentx/all-jobs-scraper?fpr=youssef,jobs-hiring-signals,271,3075,3.7,11,"All Jobs Scraper is a job scraper API for 42 platforms that returns 41 unified job, salary, company, application, and public contact fields. One country-aware input can search multiple job boards in the same run"
Instagram Comments Scraper (No Login),Louis Deconinck,https://apify.com/louisdeconinck/instagram-comments-scraper?fpr=youssef,social-leads,268,4004,4.5,11,"Scrape all comments from any Instagram post in seconds. No login required. Get text, likes, timestamps, and usernames - even from large posts. Fast, affordable, and easy to use. Ideal for lead gen, research, and trend spotting. Just paste the URL and go"
Linkedin Sales Navigator Scraper,FreshData,https://apify.com/freshdata/linkedin-sales-navigator-scraper?fpr=youssef,linkedin,261,1517,3.0,4,A powerful tool designed to extract detailed leads information from a sales navigator URL - without the need for cookies or login
"Instagram Comments, Replies and Subscribers Scraper (No Cookie)",Data Doping,https://apify.com/datadoping/instagram-comments-and-replies-scraper?fpr=youssef,social-leads,258,1341,2.9,7,This scraper will help you scrape comments without the need of cookie or your session id. It is able to scrape replies from all users (not just owner's reply). It is able to scrape subscribers if there badge is turned on. This is a paid scraper so scraping is limited for freemium users
Instagram Following Scraper,Louis Deconinck,https://apify.com/louisdeconinck/instagram-following-scraper?fpr=youssef,social-leads,256,5856,3.9,13,"Instantly scrape who any Instagram user follows - no login needed. Just drop a profile URL, get thousands of “Following” users in seconds. Perfect for growth hacking, competitor research, and lead gen. Fast, cheap, reliable. Built by a top 1% Apify dev"
Instagram Email & Phone Scraper,Seemu Scraping,https://apify.com/seemuapps/instagram-contact-scraper?fpr=youssef,email-finders,254,1548,2.3,3,"Find emails and phone numbers for Instagram profiles. Reads the IG contact button, scans the bio, and follows link-in-bio tools (Linktree, Beacons, Stan, Bento, 40+ more)"
Meta (Facebook) Ad Library Scraper - Fast & Reliable,Anas Nadeem,https://apify.com/whoareyouanas/meta-ad-scraper?fpr=youssef,social-leads,253,3586,5.0,14,"Scrape Meta ads in seconds - no fluff, just instant access to the ad data and insights you need. Get detailed ad information including title, description, images, videos, CTA, Social platform and metadata"
Google Maps Scraper - Most Comprehensive,Kai,https://apify.com/kaix/google-maps-places-scraper?fpr=youssef,google-maps,251,1410,5,2,"~ most comprehensive Google Maps scraper available. Extract 76+ fields per place including photos, review breakdowns, owner info, contacts, coordinates, and 30+ service options. Just type a keyword and location"
WhatsApp Number Validator,Oussama Production,https://apify.com/devscrapper/whatsapp-number-validator?fpr=youssef,social-leads,250,3461,5,5,"Instantly verify if a phone number is active on WhatsApp. Fast, secure, and reliable validation service"
Seek Job Scraper,Jacob,https://apify.com/websift/seek-job-scraper?fpr=youssef,jobs-hiring-signals,250,2249,4.8,9,"Effortlessly extract detailed job listings from all Seek sites! This powerful tool scrapes information based on your custom parameters, providing it in a clean, organized, and easily usable format. Perfect for lead generation, market research, or your job search"
Post Reactions Scraper for LinkedIn,API Maestro,https://apify.com/apimaestro/linkedin-post-reactions?fpr=youssef,linkedin,249,2193,5,5,Scrape all reactions data for a given post
Facebook Ads Library Scraper - Meta & Instagram Ads,Yuliia Kulakova,https://apify.com/brilliant_gum/facebook-ads-library-scraper?fpr=youssef,social-leads,249,1644,5,1,"Extract ads from the Meta Ads Library (Facebook & Instagram). Get ad copy, running days, EU spend data, carousel cards, and landing page URLs. The only scraper that tracks how long each ad has been running - your key signal for finding competitor winning ads"
Google Play Reviews Scraper API,The Wolves,https://apify.com/thewolves/google-play-reviews-scraper?fpr=youssef,other-lead-sources,248,1672,4.0,8,"Google Play Reviews Scraper stands as the most enhanced solution for extracting reviews directly from Google Play, offering unparalleled data retrieval efficiency, unbeatable pricing, and exceptional speed. It charges for 1000 reviews in lightning-speed"
"Pinterest Scraper | Pins, Boards and Profiles",SilentFlow,https://apify.com/silentflow/pinterest-scraper-ppr?fpr=youssef,social-leads,248,1168,5,2,"Pay per result Pinterest scraper. Extract pins, boards, users and search results. Pay only for the data you get -. 30+ data fields including images, engagement metrics, SEO metadata and prices"
Google Maps Scraper emails,Caleb David,https://apify.com/microworlds/crawler-google-places?fpr=youssef,google-maps,247,17778,4.3,115,"Extract data from thousands of Google Maps locations and businesses, including reviews, reviewer details, images, contact info, including full name, email, and job title, opening hours, prices & more. Export data, run via API, schedule and monitor runs, or integrate with other tools"
Google Ads Scraper,Lexis Solutions,https://apify.com/lexis-solutions/google-ads-scraper?fpr=youssef,other-lead-sources,244,2151,4.9,32,"[+Usage] Scrape any company's current & past Google ads - faster than any competitor with unique extra fields they don't have. Get ad copy, impressions, shown dates, media (images & videos), plus unique insights like full ad links, first shown date & audience targeting"
Career Site Job Listing Feed,Fantastic.jobs,https://apify.com/fantastic-jobs/career-site-job-listing-feed?fpr=youssef,jobs-hiring-signals,240,1429,5.0,9,"The perfect Job Posting Feed for high-quality real jobs! Direct postings from over 275k company career sites across 58 ATS platforms like: Workday, Greenhouse, and Ashby. Enriched with AI and LinkedIn company data! Includes Lever, Rippling, SuccessFactors, iCIMS. Powered by Fantastic.jobs"
Instagram Profile Scraper · Account Age & Verified Emails,Data Slayer,https://apify.com/data-slayer/instagram-user-info-scraper-cookieless?fpr=youssef,email-finders,240,981,,0,"Scrape public Instagram profiles in bulk. Get the published account-creation month, registration country, username-change count, followers, bio, links, public email and phone, with optional email verification. No login or cookies"
Yelp Reviews Scraper,Billy,https://apify.com/web_wanderer/yelp-reviews-scraper?fpr=youssef,directories,237,860,5,1,"Easily extract Yelp business reviews at scale. This Yelp Reviews Scraper collects ratings, review text, reviewer details, timestamps, photos, and business info. Export data in JSON, CSV, Excel, or via API"
Shopee Search & Category Scraper - Cheapest,Farhan Febrian Nauval,https://apify.com/xtracto/shopee-search?fpr=youssef,enrichment-verification,236,1207,5.0,3,"Search Shopee products by keyword, category URL, or any Shopee listing URL. Optionally enrich each result with full product detail (price variants, stock, images, attributes, seller info) across multiple countries. Fast, lightweight, and no browser or account required"
Instagram Highlights Scraper,Seemu Scraping,https://apify.com/seemuapps/instagram-highlights-scraper?fpr=youssef,social-leads,235,1462,5,1,Fetch Instagram highlights and their stories for any public profile
Instagram Hashtag Scraper | Posts & Reels | No Cookies,Scraping Solutions,https://apify.com/scraping_solutions/instagram-hashtag-scraper-pro-no-cookies?fpr=youssef,social-leads,233,1241,5,5,"Extract public Instagram posts and Reels from one or more hashtags without login or cookies. Choose Top, Recent, or Reels-only feeds and export structured results to JSON, CSV, or Excel for trend research, campaign monitoring, influencer discovery, and lead generation"
Facebook Post Search Scraper,PowerAI,https://apify.com/powerai/facebook-post-search-scraper?fpr=youssef,social-leads,231,7835,5,5,"Extract Facebook posts by keyword with advanced filters, supporting auto-pagination and up to 5000 results per run. Ideal for social media research and content analysis"
Linkedin Sales Navigator Scraper,Linkedin Scrapers,https://apify.com/bestscrapers/linkedin-sales-navigator-scraper?fpr=youssef,linkedin,229,3053,3.5,31,A powerful tool designed to extract detailed lead information from a Sales Navigator URL - without the need for cookies or login
Web Traffic Boots,Hung Dinh,https://apify.com/hung.ad4gate/web-traffic-boots?fpr=youssef,other-lead-sources,226,1180,5.0,2,Generate realistic web traffic for Google Analytics (GA) with sophisticated bot detection avoidance and human-like behavior simulation capabilities. traffic generator auto traffic generate website free traffic web traffic bot unlimited website traffic software organic traffic generator tool
Instagram Likes Scraper (No Cookie),Data Doping,https://apify.com/datadoping/instagram-likes-scraper?fpr=youssef,social-leads,223,2356,5,8,This scraper will help you scrape likes without the need of cookie or your session id. It is able to scrape around 1000 unique likers (max in the market). It also shows total likes of a post whose like count is hidden
Profile Comments Scraper for LinkedIn [No Cookies],API Maestro,https://apify.com/apimaestro/linkedin-profile-comments?fpr=youssef,linkedin,222,1710,5,7,"Linkedin User comments scraper: Extract comments LinkedIn profiles and users including post content, reactions, stats, media attachments and more"
"Decision makers Email finder, Super cheap",Sniper Coder,https://apify.com/snipercoder/decision-maker-email-finder?fpr=youssef,email-finders,219,2281,3.9,12,"Input: Domain|Output: Name, Email, Title, Company, etc of Decision makers.| Perfect for Lead Generation, Email campaigns, Data Enrichment. Forget AnymailFinder, apollo.io, hunter.io, they are all to break the Bank"
Leads Scraper | 300M base | Like Apollo,Hundevmode Labs,https://apify.com/x_guru/Leads-Scraper-apollo-zoominfo?fpr=youssef,b2b-databases,217,12465,2.0,31,"Extract up to 100K leads per run with Emails, LinkedIn URLs, Phone Numbers & More! Similar to Apollo, ZoomInfo, Lusha. 300M+ Verified Database!. Powered by Dievio.com"
"WhatsApp Number Lookup - Profile, Leaks, Telegram, Bulk",Eduardo Airaudo,https://apify.com/eduair94/whatsapp-data-lookup?fpr=youssef,social-leads,214,1947,4.9,13,"Verify any WhatsApp number worldwide. Returns profile picture (real pics for normal users, not just businesses), about/status, business flag, Telegram cross-check, Google/TrueCaller intel, leak/breach data, and bulk verification. Covers gaps left by generic WA lookup actors"
"Threads Full Scraper - Posts, Profiles & Replies | No Login",Raven,https://apify.com/pro100chok/threads-scraper-usage?fpr=youssef,social-leads,212,840,4.9,5,"All-in-one Meta Threads.net scraper: search posts by keyword, extract user profiles with followers, and collect reply threads. Full engagement data, contact extraction, media URLs. 20 parallel workers, auto-retry, proxy rotation. No login"
Scweet Twitter/X Scraper,JEB,https://apify.com/altimis/scweet?fpr=youssef,social-leads,210,2162,4.9,10,"Scrape X (Twitter) tweets and follower lists. Search by keywords, hashtags, users, dates. Export JSON/CSV/XLSX.. Free plan included"
"B2B Leads Finder [NO COOKIES] - like apollo, linkedIn",Olympus,https://apify.com/olympus/b2b-leads-finder?fpr=youssef,linkedin,209,4370,4.6,82,Extract premium leads from your favorite b2b platform Work & Personal Emails Phone
Facebook Posts Scraper,Scraper One,https://apify.com/scraper_one/facebook-posts-scraper?fpr=youssef,social-leads,209,1771,5,5,"Scrape Facebook posts from Facebook profiles, pages, groups etc. Retrieve post URLs, content, publication dates, author details, and engagement metrics. Ideal for Facebook monitoring solutions"
Fast TikTok Scraper API | Influencer Data & Analytics API,API Dojo,https://apify.com/apidojo/tiktok-scraper-api?fpr=youssef,social-leads,206,1261,5,8,"TikTok Scraper API - fast TikTok data extraction for videos, profiles, hashtags, music, locations and search. 200 posts/sec, 98% success rate. 10-20 posts FREE, then. No login, proxies or API keys needed; JSON/CSV output for analytics"
Meta Ads Library Scraper,SolidCode,https://apify.com/solidcode/meta-ads-library-scraper?fpr=youssef,social-leads,206,1154,5,2,"[ ] Extract ads from Meta's public Ad Library across Facebook, Instagram, Messenger, Audience Network, Threads, and WhatsApp. Search by keyword, advertiser page, or Ad Library URL. Returns ad copy, CTAs, advertiser details, dates, platforms, and audience estimates. No login required"
Instagram Related Profiles Scraper - Similar Accounts,Andrey Afanasenko,https://apify.com/afanasenko/instagram-related-profiles-scraper?fpr=youssef,social-leads,206,1000,4,2,"Scrape Instagram suggested accounts and similar profiles for any handle - competitor accounts, lookalike accounts and niche discovery from Instagram's own Suggested for You. Expand 1-5 seeds into a whole niche, with emails, bio links, engagement rate and Reels views per profile. No login needed"
Linkedin Sales Navigator Scraper,Curious Coder,https://apify.com/curious_coder/linkedin-sales-navigator-search-scraper?fpr=youssef,linkedin,204,8811,4.4,38,"Scrape Linkedin sales navigator search results, lists, new results, profiles to extract social media urls, company website, positions"
Facebook Pages Posts PPR,Jan Danecki,https://apify.com/danek/facebook-pages-posts-ppr?fpr=youssef,social-leads,203,1950,2.3,8,"Scrap Facebook pages posts fast and easy. It is designed to be fast and efficient, so it can extract a large number of results for low price. It is also less likely to be blocked by Facebook"
Instagram Related Users Scraper,The Netaji,https://apify.com/thenetaji/instagram-related-user-scraper?fpr=youssef,social-leads,203,1392,3.7,7,"Discover Instagram accounts similar to a seed profile, chain discovery up to 5 levels deep to map a whole niche, export the connection graph, and enrich every result with business email, phone, category and address for outreach-ready leads"
Profile Search Scraper for LinkedIn + EMAIL (No Cookies),API Maestro,https://apify.com/apimaestro/linkedin-profile-search-scraper?fpr=youssef,email-finders,201,2661,4.9,4,"Find and extract detailed LinkedIn profile data by name, location, and job title. Get professional information, contact details, current positions, and more. Perfect for recruitment, sales prospecting, and lead generation. Clean, structured data ready for your business needs"
Facebook Ads Scraper - Meta Ad Library Scraper & API,Automly,https://apify.com/automly/facebook-ad-library-scraper?fpr=youssef,social-leads,201,1328,4.3,4,"Scrape Facebook and Instagram ads from the Meta Ad Library by keyword, Page or Ad Library link: ad text, images, videos, start and end dates, spend, reach and advertiser details. No login. Export to CSV, JSON or Excel, schedule runs or use the API"
Instagram Followers/Following Scraper (No cookies/login),CoderX,https://apify.com/coderx/instagram-followers-following-scraper-no-cookies-login?fpr=youssef,social-leads,199,2337,5.0,8,"Scrape followers and following lists from any public Instagram account - no login required. Get structured profile data for every user, with pagination support to extract thousands of accounts in one run"
20+ Million Business Leads With Emails (From Google Maps),Miso,https://apify.com/xmiso_scrapers/millions-us-businesses-leads-with-emails-from-google-maps?fpr=youssef,google-maps,197,3111,4.8,17,Don't have time to scrape google maps? Looking for affordable B2B data apollo.io alternative? Get recent leads from continuously updated database of businesses worldwide with emails and social links scraped for you. Current number of businesses with unique emails:23.000.000+ in 2000+ categories
"Shopify Store Leads Scraper - Emails, Phones & Ratings",ClearPath,https://apify.com/clearpath/shopify-store-leads?fpr=youssef,email-finders,197,1686,4.4,4,"Scrape Shopify store leads by keyword or category. Extract emails, phone numbers, addresses, ratings, and social links. Find storeleads for B2B outreach, supplier discovery, and market research"
Парсер объявлений Авито / Avito Scraper: телефоны и цены,Zen Studio,https://apify.com/zen-studio/avito-listings-scraper?fpr=youssef,other-lead-sources,197,1121,5,3,"Парсер объявлений Авито: телефоны продавцов в открытом виде, цены, характеристики, отзывы и координаты. 76 категорий: авто, недвижимость, вакансии, услуги, посуточная аренда и отели"
Instagram Profile Scraper,Instagram Scraper,https://apify.com/instagram-scraper/instagram-profile-scraper?fpr=youssef,social-leads,191,878,,0,"Scrape Instagram profile data and profile statistics from public Instagram pages with an Apify Actor. This actor focuses on profiles (not posts) and returns a clean dataset with the essentials (identity, stats, and account flags), plus optional previews like latest_posts, etc"
Instagram User Scraper · Fast & Affordable,API Dojo,https://apify.com/apidojo/instagram-user-scraper?fpr=youssef,social-leads,190,2530,3.6,13,"Extract Instagram profiles, followers, following lists, and public emails by username, URL, or ID. Get bio, verification status, follower counts, contact info. 40 FREE profiles. Export to JSON/CSV, schedule via API, integrate with workflows"
"Email Extractor - Website Contact Scraper, Pay Per Result",Zebu Data,https://apify.com/delicious_zebu/contact-info-scraper-pay-per-result?fpr=youssef,email-finders,190,977,4.1,25,"Crawl a website page by page and extract every email address, phone number and social media link (14 platforms), plus a deduplicated site summary. Control depth, page limits and URL filters. Pay only for the results you get"
Instagram Followers & Followings Scraper,The Netaji,https://apify.com/thenetaji/instagram-followers-followings-scraper?fpr=youssef,social-leads,188,1295,4.2,15,Scrape both followers and followings of Instagram users in a single run
LinkedIn Profile Scraper NO COOKIES,Atomus APIs,https://apify.com/atomus/linkedin-profile-scraper?fpr=youssef,linkedin,188,781,5,3,"Scrape LinkedIn profiles into structured records: name, title, headline, summary, company, location, skills, education, and work history. Submit up to 5,000 URLs per run, each returns one record. Pay only for profiles found; not-found and errors are free. No account or cookies needed"
ImmoScout24 ImmobilienScout24.de|.ch|.at + Price-Cut Archive,Muhamed Didovic,https://apify.com/memo23/immobilienscout24-scraper?fpr=youssef,other-lead-sources,186,728,5,10,"[] ImmobilienScout24.de/.at/.ch: search, expose detail and Makler profiles, 100+ fields. Every recorded price cut and days on market per listing, plus optional AI market analysis that scores each postcode for ROI, cashflow, payback and regulatory risk"
"Clutch.co Scraper - Agencies, Reviews, Emails + AI Insights",Muhamed Didovic,https://apify.com/memo23/apify-clutch-cheerio?fpr=youssef,email-finders,184,992,4.6,11,"Clutch.co scraper for B2B lead gen: agency profiles with 30+ fields, reviews, hourly rates, employee counts, contact emails and buyer leads with budgets. AI pain-point analysis clusters client complaints into ranked themes., 97% success, no caps. JSON/CSV"
Zillow Scraper (),Iñigo Garcia Olaizola,https://apify.com/igolaizola/zillow-scraper-ppe?fpr=youssef,other-lead-sources,177,809,5,9,"Zillow data extractor / API alternative. Scrape US listings at scale (buy, rent, sold) with rich fields and images. Use granular filters, sort, proxies. Export JSON/CSV to drive real-estate analytics, comps, market trends, and investor/agent leads"
LinkedIn Company Employees Scraper & Email Finder - No Login,Muhamed Didovic,https://apify.com/memo23/linkedin-company-employees-scraper?fpr=youssef,email-finders,175,509,5,1,"Find a company's employees on LinkedIn without login. Pass company names or URLs, filter by title and seniority, and get name, current title, employer, location and profile URL, plus an optional email finder. Each row is verified against your company and graded high, medium or low, with the reason"
Idealista Scraper+/1K Spain Italy Portugal France Emails,Muhamed Didovic,https://apify.com/memo23/idealista-scraper?fpr=youssef,email-finders,172,880,5,12,"Spain, Italy, Portugal & France. Paste any search URL, or scrape a whole country in one run - 52 ES / 107 IT / 28 PT / 100 FR provinces. Deduped by property code, so overlapping searches never bill you twice. 80+ fields, agent phones & emails, GPS"
Zillow Agents Leads [Download over 1M of Agents],Muhamed Didovic,https://apify.com/memo23/zillow-agents-leads-scraper-ppe?fpr=youssef,email-finders,172,873,5,10,"The only Zillow agents scraper with its own 1,100,000+ agent database - instant, uncapped (beats the 250-per-search limit), 98% with a direct cell + email, plus brokerage, reviews & full sales history. Search any city, ZIP or state, or live-scrape a URL. Export CSV/JSON/Excel or pull via API"
Meta | Facebook Ads Library Scraper,Azzouzana,https://apify.com/azzouzana/meta-facebook-instagram-ads-library?fpr=youssef,social-leads,171,560,5,8,"#1 Ultimate Meta | Instagram & Facebook Ad Library Scraper Fast. Get ad creatives, status & more from FB Pages, Instagram profiles or an Ad Library search URLs. Get deep audience demographics (age/gender), reach metrics & much more! High-velocity, enterprise-grade scraping"
Linkedin Email Scraper | Instant Emails (No Cookies),Hundevmode Labs,https://apify.com/x_guru/linkedin-email-Scraper-no-cookies?fpr=youssef,email-finders,170,1478,4.1,4,Find emails by LinkedIn URLs instantly! Search 300M+ database for work & personal emails. No cookies | Powered by Dievio.com
Username Checker & Search - OSINT Across 3000+ Sites (Maigret),daehwan kim,https://apify.com/ntriqpro/maigret-actor?fpr=youssef,enrichment-verification,170,1228,5,3,"Username search across 3000+ social, forum, gaming, dating and developer sites, with a profile URL per hit. Open-source Maigret engine (MIT), rated 5.0. Free plan: top 100 sites. Paid plans: all 3000+ and cheaper per profile (Bronze 20%, Silver 35%, Gold+ 48% off). JSON/CSV/Excel, API"
Shopee Scraper - All In One,Farhan Febrian Nauval,https://apify.com/xtracto/shopee-scraper?fpr=youssef,other-lead-sources,169,2703,4.1,10,"All-in-one Shopee scraper to extract product, search, category, and shop data across multiple countries. fast, lightweight, and no browser or account required"
Linkedin Mass People Profile Finder,Data LinkMiner,https://apify.com/data_link_miner/linkedin-mass-people-profile-finder?fpr=youssef,linkedin,169,431,,0,"Automatically match keywords search to LinkedIn people profiles. This actor helps you find the correct LinkedIn profile associated with a fullname, jobtitle, company name. It is designed for mass enrichment, making it ideal for lead generation, CRM enrichment, and data cleaning workflows"
LinkedIn Company Employees Scraper,Hamza,https://apify.com/apt_marble/linkedin-company-employees-scraper?fpr=youssef,linkedin,167,1287,5,3,"Map the workforce of any LinkedIn company. Get a clean roster of names, titles, regions, and profile URLs - either through public Google discovery (no login) or via your LinkedIn session cookie for the complete current employee list"
Telegram Get Phone Info,akula.marketing,https://apify.com/akula.marketing/Telegram-Get-Phone-Info?fpr=youssef,social-leads,165,3970,4.9,4,"Look up Telegram accounts by phone number. Get username, profile photo, premium status, and account details for lead verification and OSINT"
Google Ads Scraper,Automation Lab,https://apify.com/automation-lab/google-ads-scraper?fpr=youssef,other-lead-sources,160,793,5,2,"Scrape Google Ads from the Ads Transparency Center for competitor monitoring. Search by advertiser name, domain, or ID. Get ad copy, headlines, media, formats, and shown dates. Export to JSON, CSV, Excel"
Facebook Pages & Profile Scraper,Premium Scraper,https://apify.com/premiumscraper/facebook-pages-profile-scraper?fpr=youssef,social-leads,159,602,5,1,"Scrape any Facebook Page or Profile - extract name, bio, followers, page likes, category, website, address, business hours, profile picture, cover photo, education, work history & all meta tags. No account needed. Pay per result. Facebook Pages & Profile Scraper"
YouTube Channel Email Scraper,LurkAPI,https://apify.com/lurkapi/youtube-channel-email-scraper?fpr=youssef,email-finders,157,1147,5,3,"Extract business emails, contact info, and social media links from YouTube channel About pages. Supports @handles, channel URLs, and channel IDs"
Linkedin Open Profile Status,Linkedin Scrapers,https://apify.com/bestscrapers/linkedin-open-profile-status?fpr=youssef,linkedin,157,613,3,1,"The **Linkedin Open Profile Status** is a powerful tool designed to accurately detect whether a profile's open status (i.e., can receive InMail) is true or false"
Tiktok User Profile API,Novi,https://apify.com/novi/tiktok-user-info-api?fpr=youssef,social-leads,156,4065,4.1,9,"Get infomation a TikTok profile/user with fast API. Gain access to TikTok user information with remarkable speed and efficiency through our high-performance API. Real-time, authentic data. No pre-built databases"
"Similarweb Scraper - Traffic, AI Traffic & WHOIS",VortexData,https://apify.com/vortex_data/similarweb-scraper?fpr=youssef,enrichment-verification,153,546,5,2,"Spy on any website in seconds: traffic, rankings, top keywords, AI traffic share (ChatGPT/Claude/Gemini), competitors, similar sites & WHOIS - all from Similarweb. No login or API key. Bulk parallel scrape, captcha-resilient. Export to JSON/CSV/Excel. SEO, lead gen, research"
Fast TikTok Profile Scraper API,API Dojo,https://apify.com/apidojo/tiktok-profile-scraper-api?fpr=youssef,social-leads,151,875,5.0,7,"TikTok Profile Scraper API - extract complete creator profiles, follower stats, and post history at 200 posts/sec. (20 posts FREE) +. No login or proxies, ideal for influencer research, competitor tracking, talent scouting, and building TikTok creator databases at scale"
LinkedIn Posts Scraper NO COOKIES,Atomus APIs,https://apify.com/atomus/linkedin-posts-scraper-pro?fpr=youssef,linkedin,151,665,5.0,3,"Scrape every post from any LinkedIn profile or company page: post text, media, reactions, comments, shares, reposts, author details, and mentions. No LinkedIn account or cookies needed. Auto-pagination handles full feeds, with batch scraping across many profiles in one run"
Telegram Scraper,Tri⟁angle,https://apify.com/tri_angle/telegram-scraper?fpr=youssef,social-leads,150,4716,2.8,17,"Scrape public Telegram channels: the profile, follower count, and bio, plus every message with its date, views, and links. Limit it to the last few days or a start date to track what a channel posts"
Advanced Linkedin Job Scraper,Curious Coder,https://apify.com/curious_coder/linkedin-jobs-search-scraper?fpr=youssef,linkedin,150,4467,5.0,11,Scrape linkedin job postings and get company and recruiter details. Supports boolean search and other advanced search filters. Success rate is > 98%
"Instagram Profile Scraper - email, phone, socials",Goldmine,https://apify.com/logical_scrapers/instagram-profile-scraper?fpr=youssef,email-finders,150,2379,5,3,"Scrape detailed Instagram user profile information including contact details, social links, and business information"
Mobile.de Scraper (PPR),3x1t,https://apify.com/3x1t/mobile-de-scraper-ppr?fpr=youssef,other-lead-sources,150,819,4,1,"Effortlessly scrape car data from Germany's largest vehicle marketplace, Mobile.de. Get access to millions of entries of cars, motorbikes, etc. across Europe. Fast, cheap & reliable. PPR version for smaller use cases"
Facebook Page Search Scraper,PowerAI,https://apify.com/powerai/facebook-page-search-scraper?fpr=youssef,social-leads,149,1291,4.9,2,"Extract Facebook pages by keyword with location filtering, supporting auto-pagination and up to 5000 results per run. Ideal for brand research and competitor analysis"
Fresh Linkedin Profile Data,Linkedin Scrapers,https://apify.com/bestscrapers/fresh-linkedin-profile-data?fpr=youssef,linkedin,149,951,1.3,5,The **Fresh LinkedIn Profile Data Scraper** is a powerful tool designed to extract detailed profile information from public LinkedIn URLs - without the need for cookies or login
Linkedin Phone Scraper | Instant Phones (No Cookies),Hundevmode Labs,https://apify.com/x_guru/linkedin-phone-Scraper-no-cookies?fpr=youssef,linkedin,146,1194,4,1,Find phones by LinkedIn URLs instantly! Search 300M+ database for work & personal phones. No cookies | Powered by Dievio.com
Substack Scraper,Automation Lab,https://apify.com/automation-lab/substack-scraper?fpr=youssef,other-lead-sources,144,538,,0,"Scrape Substack newsletters - posts, comments, publication metadata. Full archive depth with no caps. Export to JSON, CSV, Excel, or connect via API"
"Facebook Group & Page Scraper - Posts, Comments & Reactions",Anas Nadeem,https://apify.com/whoareyouanas/facebook-group-scraper?fpr=youssef,social-leads,143,1132,5,4,"Scrape posts from public & private Facebook groups and page. Extract post text, author info, reactions, comments, shares, images, videos, and group metadata. Cookie auth for private groups. Clean JSON/CSV output. No API key needed"
LinkedIn Company Employees Scraper & New Hire Monitor,Thirdwatch,https://apify.com/thirdwatch/linkedin-company-employees-scraper?fpr=youssef,linkedin,143,1043,5,1,"Find public LinkedIn employee profiles by company, title, and location. Choose low-cost basic discovery or full public-profile enrichment, and monitor confirmed new employees without cookies or a LinkedIn login"
"Email OSINT Lookup - Find Accounts, Breaches & Identity",SR,https://apify.com/s-r/apifyosintemail?fpr=youssef,email-finders,142,2959,4.3,3,"Email OSINT for investigators, fraud and security teams: check which of 133 platforms an address is registered on, get the name and profile links behind it, its data breach history and an A-F risk score. One row per account found; pay only for found accounts"
Easy Bulk Email Validator - Verify Emails,Miso,https://apify.com/xmiso_scrapers/easy-bulk-email-validator---verify-emails-from-1-7-1000-rows?fpr=youssef,email-finders,142,1519,3.0,14,"Super easy real time email validator using MillionVerifier api. Check if your emails scraped from apollo.io or google maps are worth your email campaign efforts. No need to overpay posh services like NeverBounce, Zerobounce or Clearout"
Google Maps Email Extractor,Alexandre Manguis,https://apify.com/leadsbrary/google-maps-email-extractor?fpr=youssef,google-maps,142,1475,4.0,5,"Search Google Maps by keyword and instantly collect email addresses for each business. Get name, address, phone, website, rating, reviews, GPS coordinates and emails - ready to export as CSV, JSON or Excel"
PhoneInfoga - Phone Number OSINT Scanner,DataCach,https://apify.com/datacach/phoneinfoga-phone-number-osint-scanner?fpr=youssef,email-finders,137,2819,,0,"Reverse phone lookup powered by PhoneInfoga. Detects carrier, country, line type and OSINT footprints for any international number. Integrates Numverify, Google Search and OVH. Free to start"
Facebook Ads Library Scraper: Meta Ad Spy Tool,Walid,https://apify.com/dltik/facebook-ads-scraper?fpr=youssef,social-leads,135,465,5,1,"Scrape Facebook & Instagram ads from Meta Ad Library by keyword, page or URL. Get ad copy, creatives, carousel cards, CTA links, EU spend, impressions, age/gender audience reach and running-days per ad. Filter by country, language, status. For ad spy, dropshipping, agencies"
LinkedIn All-in-One Scraper No cookies,ScrapeForge,https://apify.com/scrapeforge/linkedin-all-in-one?fpr=youssef,linkedin,135,385,4.8,4,"Search LinkedIn posts by keywords, scrape profile posts, company posts, and get post details - all in one actor. Powered by real-time data, no cookies required"
Email Verifier | Enterprise Grade,Fatih Tahta,https://apify.com/fatihtahta/email-verifier-validator-pro?fpr=youssef,email-finders,133,1119,4.1,3,"Advanced email verification with live handshakes and catch-all detection by using validatedmails.com API. Validates SMTP, DNS/MX, and deliverability; returns rich detailed reasoning. Use to clean lists, cut bounces, protect sender reputation"
Yandex Maps Scraper | Парсер Яндекс Карт - Leads & Reviews,Zen Studio,https://apify.com/zen-studio/yandex-maps-scraper?fpr=youssef,google-maps,132,1062,3.6,6,"Unofficial Yandex Maps API. Scrape business data, phone numbers, emails, reviews, photos, and posts from Russia, Turkey, and CIS. Export 80 fields to Excel, JSON, or CSV. No browser needed - fast, unlimited, and pay-per-result. Includes AI review summaries and full menu prices"
TikTok Follower Count & YouTube Subscriber Scraper Tracker,Kevin Savani,https://apify.com/k1ra/social-media-followers-scraper?fpr=youssef,social-leads,131,299,4.7,6,"Social media profile scraper - follower counts, subscriber counts & post counts in bulk from Instagram, TikTok, YouTube, Twitter/X, LinkedIn, Facebook, Threads & Reddit. Use as a follower growth tracker, YouTube subscriber counter, Instagram API alternative. No login, no cookies. Monitor competitors"
Fast Website Content Crawler,David,https://apify.com/6sigmag/fast-website-content-crawler?fpr=youssef,other-lead-sources,130,4606,4.9,7,"A high-performance web scraper that rapidly extracts and analyzes content from multiple websites simultaneously. Perfect for competitive research, content aggregation, and website structure analysis"
Job Details Scraper for LinkedIn (No Cookies),API Maestro,https://apify.com/apimaestro/linkedin-job-detail?fpr=youssef,linkedin,130,1738,5,4,"Extract comprehensive LinkedIn job details including full description, company information, salary insights, and application statistics. Get detailed data from any LinkedIn job ID"
TripAdvisor Reviews Scraper API,The Wolves,https://apify.com/thewolves/tripadvisor-reviews-scraper?fpr=youssef,directories,130,1343,5.0,9,"The Wolves proudly presents TripAdvisor Review Scraper, the perfect solution for TripAdvisor review extraction. Incredibly, it retrieves 100-200 reviews per second at an amazing cost-effective rate of. Get any data from TripAdvisor by targeting. Cheapest!!"
Facebook Ads Scraper Pro,FlowExtract API,https://apify.com/dz_omar/facebook-ads-scraper-pro?fpr=youssef,social-leads,129,1511,4.9,20,"Ad Library data: creatives, targeting & metrics. Successful Ad scrapeds * cheaper & more complete"
Upwork Job Extractor,Flash Mage,https://apify.com/flash_mage/upwork?fpr=youssef,jobs-hiring-signals,129,1412,4.9,11,"upwork job extractor | 0.001 | fast, cheap, cost-effective, reliable, up-to-date, and highly stable data scraping service, optimized for long-term use with the fastest crawling speeds, low container usage, and pricing to boost your upwork job scraper performance!"
Free Google Search Results Scraper - SERP API by Country,SR,https://apify.com/s-r/free-google-search-results-serp---only-0-25-per-1-000-results?fpr=youssef,other-lead-sources,129,985,4.5,4,"Ultra-fast Google Search scraper. Extract comprehensive SERP data including rank, title, snippet, URL, domain and favicon. Free Apify plans get 10 results per run to try it on, paid plans run uncapped"
Product Hunt Scraper,Maxime Dupré,https://apify.com/maximedupre/product-hunt-scraper?fpr=youssef,other-lead-sources,129,821,4.6,4,"Collect Product Hunt launches from daily and past leaderboards, category or topic pages, and supported URLs. Export ranks, engagement, teams, media, and optional extra data"
Linkedin Open To Work Status,Linkedin Scrapers,https://apify.com/bestscrapers/linkedin-open-to-work-status?fpr=youssef,linkedin,129,450,,0,"The **Linkedin Profile Open to Work Status** is a powerful tool designed to Accurately detects whether a LinkedIn profile is marked as Open to Work (i.e., open-to-work status: true or false)"
LinkedIn Company Profile Scraper,Pratik Dani,https://apify.com/pratikdani/linkedin-company-profile-scraper?fpr=youssef,linkedin,127,1945,1,1,"This LinkedIn company extractor program enables you to gather comprehensive information on multiple companies in bulk. It provides details such as company name, address, phone numbers, website, employee count, and more"
Facebook Post Scraper,Pratik Dani,https://apify.com/pratikdani/facebook-post-scraper?fpr=youssef,social-leads,127,902,4.9,3,"The Facebook Post Scraper Actor is a powerful tool designed to extract detailed information from Facebook posts using valid Facebook Post URLs. It provides comprehensive data about posts, including user information, engagement metrics, media attachments, and more"
"Hiring.Cafe Scraper - 2.8M AI Jobs, 46 ATS",Black Falcon Data,https://apify.com/blackfalcondata/hiringcafe-scraper?fpr=youssef,jobs-hiring-signals,126,332,5,1,"Scrape Hiring.Cafe (hiring.cafe) - AI-enriched job aggregator with 2.8M+ listings from 46 ATS platforms. Extract structured salary and company data, filter listings by centre-radius location, and track changes incrementally across recurring runs"
Leads Scraper + Database Like Apollo,Pipeline Labs,https://apify.com/pipelinelabs/lead-scraper-apollo-zoominfo-lusha?fpr=youssef,b2b-databases,125,9995,3.8,101,"Find Leads With Emails, LinkedIn URL, Phone Numbers, & More! Similar to Apollo, ZoomInfo, Lusha. 250+ Million Verified Database!"
Instagram Scraper Followers Following,Scraping Solutions,https://apify.com/scraping_solutions/instagram-scraper-followers-following?fpr=youssef,social-leads,125,685,5,1,"Download an Instagram account’s followers or following. Input a username or a list of usernames (array). The actor auto-paginates, adds safe delays to reduce blocks, and returns clean JSON/CSV with id, username, full name, profile link, and privacy flags - ideal for research and growth"
2gis Places Scraper,Mikhail Mamaev,https://apify.com/m_mamaev/2gis-places-scraper?fpr=youssef,google-maps,124,1331,4.8,13,"Извлекайте данные из тысяч мест и предприятий на 2ГИС, включая номера телефонов, соцсети, сайты. отзывы, фотографии и многое другое. Экспортируйте данные, запускайте через API, планируйте и отслеживайте запуски или интегрируйте с другими инструментами"
Etsy Scraper,Automation Lab,https://apify.com/automation-lab/etsy-scraper?fpr=youssef,other-lead-sources,124,993,5,2,"Scrape Etsy listings for handmade and vintage marketplace price monitoring. Extract names, prices, shops, ratings, images, and availability from search results"
LinkedIn Posts Scraper - Keyword & Hashtag [NO COOKIES],Unseen User,https://apify.com/unseenuser/LinkedIn-Post-Seach-Scraper?fpr=youssef,linkedin,124,531,5,5,"Search LinkedIn's public post graph by keyword, hashtag, or author. Extract content, engagement metrics, reaction breakdowns, author profile data, and timestamps. No login, no cookies. Built for social listening, B2B competitive intelligence, and thought-leader research"
Hiring.Cafe [] Search by URLs or Filters/Keywords,Muhamed Didovic,https://apify.com/memo23/apify-hiring-cafe-scraper?fpr=youssef,jobs-hiring-signals,123,644,5,14,"including job titles, descriptions, requirements, company information, compensation details, and location data. Users get fields like job ID, application URL, education requirements, employment type, company size, and geolocation coordinates for market analysis"
Email to LinkedIn Finder | Reverse Lookup,Mawsool Intertaional FZCO,https://apify.com/oday/mawsool-email-linkedin-lookup?fpr=youssef,email-finders,122,200,4.4,8,"Reverse email ? LinkedIn. Exact matches only. More reliable pool, auto-retry, paid-plan discounts. Export CSV/JSON. Pay per email"
X.com Twitter API Scraper,xtdata,https://apify.com/xtdata/twitter-x-scraper?fpr=youssef,social-leads,119,3074,3.5,7,"Scrape Twitter (X) data efficiently with this powerful Apify Actor. Real-time, authentic data. No pre-built databases. Extract tweets, user profiles, and more using keywords, hashtags, URLs, and advanced search filters. Fast, reliable, and cost-effective. #TwitterScraper"
Twitter Profile Ppr,Jan Danecki,https://apify.com/danek/twitter-profile-ppr?fpr=youssef,social-leads,119,672,5.0,2,"Scrap Twitter profiles fast and easy. It is designed to be fast and efficient, so it can extract a large number of profiles for low price"
Bulk Email Finder with Email Verification,Scalelist,https://apify.com/scalelist/email-finder?fpr=youssef,email-finders,117,184,,0,"Find verified business emails using first name, last name, and company name or company domain. Email verification is included in the output"
Store Leads (14M E-Commerce Leads),Monster Leads,https://apify.com/ecommerce_leads/store-leads-14m-e-commerce-leads?fpr=youssef,email-finders,116,1058,5.0,2,"Store leads for Shopify,Woocommerce,Magento,Squarespace,Ecwid,BigCommerce,Opencart,Webflow,PrestaShop and Demandware with phones,emails,apps,location,social networks,categories and technologies"
Google Maps No-Website Leads Scraper - Prospects by Radius,Black Falcon Data,https://apify.com/blackfalcondata/google-maps-no-website-leads-scraper?fpr=youssef,google-maps,116,925,5,2,"Find local businesses with NO website on Google Maps (google.com/maps) - name · category · address · phone · rating · reviews & a 0-100 lead score. Phone and Facebook/Instagram links at no extra fee. Many cities per run, only-new mode for repeat runs. No code"
Google Jobs Scraper API - Pay Per Result,John,https://apify.com/johnvc/google-jobs-scraper---pay-per-result?fpr=youssef,jobs-hiring-signals,116,472,5.0,2,"The most advanced Google Jobs Scraper available! Built with enterprise-grade flexibility, lightning-fast performance, and comprehensive customization options. Extract detailed job data, application links, company information, and full job descriptions. Unlimited usage, no monthly rental fees"
mobile.de [] Fast Scraper · Finance · Dealer GPS,Black Falcon Data,https://apify.com/blackfalcondata/mobile-de-scraper?fpr=youssef,other-lead-sources,116,307,5,1,"Scrape mobile.de - Germany's largest car marketplace (1.4M+ listings). Get full specs, market price ratings and dealer phone & GPS; filter by make/model or zip radius and track new, price-changed and delisted cars across runs. JSON/CSV export"
Linkedin Company Details Scraper (No Cookie),Data Doping,https://apify.com/datadoping/linkedin-company-scraper?fpr=youssef,linkedin,115,522,5,1,"For, scrape LinkedIn company profiles and get complete business information, including funding details, employee count, and verification status, using their identifier, URL, or URN"
Expedia.com & Hotel.com [] Reviews/Ratings/Sentiment A,Muhamed Didovic,https://apify.com/memo23/expedia-scraper?fpr=youssef,other-lead-sources,113,381,5,8,"[] Expedia + Hotels.com + Things-To-Do activities - only scraper covering all 3 brands. Deeplink auto-resolution, date filter, 10+ regional TLDs, bare property IDs. 25+ fields: sentiment, traveled-with, manager responses, category ratings. JSON or CSV. Pure HTTP"
"LinkedIn Profile Search Scraper - Find People, No Login",Dami's Studio,https://apify.com/dami_studio/linkedin-profile-search-scraper?fpr=youssef,linkedin,113,225,5.0,2,"Find people on LinkedIn by job title, company, school, location or keyword, with no login and no cookie. One row per public profile: name, headline, location, current role and company, education, connections and the profile link"
"Website Contact Finder - Emails, Phones & Socials for Leads",Automation Lab,https://apify.com/automation-lab/website-contact-finder?fpr=youssef,email-finders,112,1217,,0,"Turn company websites from Google Maps, directories, CRMs, or spreadsheets into outreach-ready contact signals. Extract public emails, phone numbers, social profiles, contact pages, and optional email verification in bulk"
Instagram Scraper,Automation Lab,https://apify.com/automation-lab/instagram-scraper?fpr=youssef,social-leads,112,1168,4.8,3,"Scrape public Instagram profiles, posts, comments, reels, and hashtags. Public routes are tried first; supply an Instagram session cookie for login-gated workflows. Export as JSON, CSV, or Excel"
Linkedin Profile Search By Services No Cookies,HarvestAPI,https://apify.com/harvestapi/linkedin-profile-search-by-services?fpr=youssef,linkedin,110,1863,4.5,13,"Search for LinkedIn profiles by keywords of services and extract detailed profile information, including work experience, education history, location and more. No cookies or account required"
Find Mobile Phones of Decision Makers,Parvenu,https://apify.com/parvenu/mobile-phone-enrichment?fpr=youssef,b2b-databases,110,793,5,3,Find mobile phones for decision makers for
Healthcare Google Maps Scraper,Mukesh Kumar,https://apify.com/mukeshrana90/healthcare-google-maps-scraper?fpr=youssef,google-maps,110,395,5,1,"Scrape healthcare clinics from Google Maps with emails, phone, social media, insurance, doctor count, verified NPI numbers (US), review sentiment, online booking, and clinic type. 35+ fields per result, CRM-ready output"
Decision makers from company domains - verified email or phone,Pequod,https://apify.com/pequod-labs/company-decision-maker-finder?fpr=youssef,email-finders,109,345,5,3,"Turn company domains into named decision makers - CEO, founder, VP - with SMTP-verified named-DM or generic-inbox email, phones and LinkedIn. B2B database + AI research. +; plan discounts to 20%, 50% off beyond 250 contacts/run. No API keys"
"Twitter/X Scraper: Tweets, Profiles & Search",Automation Lab,https://apify.com/automation-lab/twitter-scraper?fpr=youssef,social-leads,107,1356,5,3,"Twitter scraper and X scraper for profiles, tweets, timelines, search, followers, and following. Profiles/timelines work without login; search supports advanced syntax"
Wellfound Jobs Scraper - Fast & cheap,ClearPath,https://apify.com/clearpath/wellfound-api-ppe?fpr=youssef,jobs-hiring-signals,106,961,,0,"Extract startup job listings from Wellfound (formerly AngelList) as structured JSON, CSV, or Excel. Get job titles, salaries, equity, company details, and full descriptions. Filter by role, location, or company. Monitor mode with Telegram alerts tracks new postings automatically. Pay per result"
X (Twitter) Followers Scraper,API ninja,https://apify.com/api-ninja/x-twitter-followers-scraper?fpr=youssef,social-leads,105,926,4.0,18,"Scrape X(Twitter) followers, following, affiliates, list members, list followers, and community members. Get structured Twitter user data (handles, bios, follower counts, verification, and more)"
Instagram Story Scraper,Seemu Scraping,https://apify.com/seemuapps/instagram-story-scraper?fpr=youssef,social-leads,105,398,,0,"Fetch Instagram stories (images & videos) for any public profile. Returns story media URLs, timestamps, and profile metadata"
Immobiliare.it []| Search | Detail Pages | Agencies,Muhamed Didovic,https://apify.com/memo23/immobiliare-scraper?fpr=youssef,other-lead-sources,104,453,5,9,"Scraper Immobiliare.it: incolla un URL di ricerca, annuncio o agenzia e ottieni dati strutturati. Prezzo con metriche del mutuo, superficie, locali, bagni, piano, classe energetica, spese, foto, coordinate GPS, macrozona e microzona, contatti agenzia. Export JSON, CSV o Excel"
"JobStreet Scraper - MY, SG, ID & PH Job Listings",Black Falcon Data,https://apify.com/blackfalcondata/jobstreet-scraper?fpr=youssef,jobs-hiring-signals,103,446,5.0,2,"Scrape JobStreet Malaysia, Singapore, Indonesia & the Philippines (SEEK platform). Salary, full descriptions, company intelligence (logo, reviews, perks), and optional applicant-demand signals to find low-competition roles. Incremental mode emits only new and changed listings"
Companies Search Scraper for LinkedIn | No Cookies,API Maestro,https://apify.com/apimaestro/linkedin-companies-search-scraper?fpr=youssef,linkedin,102,2047,5.0,6,"Scrape LinkedIn companies using keywords without login and get structured data including company profiles, industries, locations, and follower count"
Kleinanzeigen.de | Scraper (Richest output)[PPE],Muhamed Didovic,https://apify.com/memo23/kleinanzeigen-search-scraper-ppe?fpr=youssef,other-lead-sources,102,286,5,2,"extract detailed listings from Kleinanzeigen.de, saving you time by automating data collection for property, product, and service ads. It helps in market analysis, competitor research, and lead generation, providing accurate and timely insights from Germany's platforms"
Linkedin Profile Posts Scraper (No Cookie),Data Doping,https://apify.com/datadoping/linkedin-profile-posts-scraper?fpr=youssef,linkedin,101,786,5,2,"For, scrape LinkedIn posts of a profile and extract full content, engagement stats, and author details using their profile URL. Note: If you're on free tier you can only scrape 4 profile and 100 posts per profile per run (12 profiles in total)"
LinkedIn Ad Library Scraper,Gen First,https://apify.com/ivanvs/linkedin-ad-library-scraper?fpr=youssef,linkedin,101,441,3.6,3,"Extract details about ads from LinkedIn Ad Library. Scrape ad details like when it was run, ad targeting, advertiser and content of ad. Download ad data in JSON, XML, Excel format"
Website Email Scraper - All Contacts,The Netaji,https://apify.com/thenetaji/website-email-scraper?fpr=youssef,email-finders,100,1779,4.4,4,"The Actor crawls a website and returns one evidence-rich record per URL supplied: emails, phone numbers, social profiles, and addresses, each with a confidence score, source page, and detection method. Emails are format-checked and flagged when their domain matches the site's own"
"Deep Email, Phone, & Social Media Scraper Search",peterasorensen,https://apify.com/peterasorensen/snacci?fpr=youssef,email-finders,99,5147,4.9,33,"A powerful tool that searches emails, phone numbers, and social media profiles from any website. It intelligently navigates, prioritizing pages likely to have contact info - even deep in the site. Perfect for lead generation, market research, competitive analysis, and building contact databases"
Ultimate TikTok Scraper (no-limit),Novi,https://apify.com/novi/tiktok-scraper-ultimate?fpr=youssef,social-leads,98,762,5,3,"Scrape TikTok profiles, videos, and hashtags to extract key data. Use search queries or direct URLs to gather post details, shares, hearts, followers, music data, and user info"
Instagram Profiles Scraper PPR,Jan Danecki,https://apify.com/danek/instagram-profiles-scraper-ppr?fpr=youssef,social-leads,97,3190,4.4,3,Scrap all necessary data from Instagram Profile in no-time. No need for a Instagram account
LinkedIn To Email,Anchor,https://apify.com/anchor/linkedin-to-email?fpr=youssef,email-finders,97,1185,5,3,LinkedIn to Email turns LinkedIn URLs into an email at scale. LinkedIn2email is the best and cheapest tool for any task related to LinkedIn outreach. Relies on fresh data you need to keep a good reputation score
X Follower Scraper | Pay-Per-Result,Xquik,https://apify.com/xquik/x-follower-scraper?fpr=youssef,social-leads,97,499,5,6,"Scrape X (Twitter) followers, following, list members, subscribers & community members on every Apify plan. Get 38 fields per row & compare audiences. No X login. Built by Xquik. World's fastest & cheapest X (Twitter) scraper service. Not affiliated with X Corp"
TikTok Followers & Following Scraper No Login | Bulk,Scraping Solutions,https://apify.com/scraping_solutions/tiktok-followers-following-scraper?fpr=youssef,social-leads,96,650,5,2,"Extract TikTok followers and following lists for any public account. No login required. Bulk scraping, audience analysis, influencer discovery, competitor research, and lead generation. Fast, clean, export-ready JSON/CSV"
"Threads Scraper - Threads, Post & Profile",The Netaji,https://apify.com/thenetaji/threads-scraper?fpr=youssef,social-leads,96,524,4.5,5,"Paste Threads profile and post links together and export profile records or individual posts with their authors, media and public replies. No Threads login or account needed"
TikTok User Scraper,API Dojo,https://apify.com/apidojo/tiktok-user-scraper?fpr=youssef,social-leads,95,1698,5.0,9,"Scrape TikTok users at 425/sec with 98% success - no proxy needed. Extract usernames, bios, followers, verification, engagement & account stats. Supports username/URL input. Export JSON/CSV with API integration. Ideal for influencer research, lead gen & brand partnerships"
Linkedin Profile Scraper,Crawler Bros,https://apify.com/crawlerbros/linkedin-profile-scraper?fpr=youssef,linkedin,95,1543,3.0,11,"Scrape LinkedIn public profiles without login. Get name, headline, experience, education, followers, and recent articles"
Youtube Email Bulk Scraper,exporter24,https://apify.com/exporter24/youtube-email-bulk-scraper?fpr=youssef,email-finders,95,1057,5,3,Extract the email address of given youtube channel from public data
Fast Instagram Profile Stats Checker,karamelo,https://apify.com/karamelo/fast-instagram-profile-stats-checker-free?fpr=youssef,social-leads,94,2218,5,3,Scrape Statistics for Instagram accounts profiles for followers count and followings and numbers of posts fast and clean data. Ideal for monitoring and data analysis of accounts changes
LoopNet US + UK + Realla [] Commercial Property Scraper,Muhamed Didovic,https://apify.com/memo23/loopnet-scraper-ppe?fpr=youssef,other-lead-sources,94,476,5,14,"scrape commercial property from LoopNet (US) AND LoopNet UK / Realla (UK) in one actor - the only Apify scraper bundling both. Lease & sale listings across all US states + every UK city. Rich rows: address, geo, sqft, asking rent/price, broker, EPC"
Instagram Profile Scraper API,CoderX,https://apify.com/coderx/instagram-profile-scraper-api?fpr=youssef,social-leads,93,3370,5.0,12,"Instagram Profile Insights Scraper is a fast and lightweight tool for extracting rich public data from Instagram usernames. It retrieves profile details and the latest posts, making it easy to analyze accounts at scale for research, marketing, or competitive insights"
LinkedIn Company Finder - Company Page URL From Any Domain,SR,https://apify.com/s-r/free-linkedin-company-finder---linkedin-address-from-any-site?fpr=youssef,linkedin,93,1180,5,1,"Find LinkedIn company pages for any domain name. This powerful actor searches and extracts LinkedIn company URLs for domains, supporting international LinkedIn subdomains and bulk processing. Perfect for sales teams, recruiters, and data enrichment"
LinkedIn Email Finder Verified Emails + Company Data 0.01$,Redify,https://apify.com/bounceverify/linkedin-profile-email-finder?fpr=youssef,email-finders,93,208,,0,"Find & verify emails from LinkedIn profiles, companies, and leads. Real-time email verification with score. Pay only when email found. No login, no cookies, no proxy"
LinkedIn Profile Scraper No Login Required,VulnV,https://apify.com/vulnv/linkedin-profile-scraper?fpr=youssef,linkedin,92,1223,2.1,4,"Extract comprehensive data from public LinkedIn user profiles including work experience, education, skills, connections, and activity. Bulk processing supported. No LinkedIn authentication needed - just provide profile URLs and get structured JSON data"
Reddit Posts Search Scraper,VulnV,https://apify.com/vulnv/reddit-posts-search-scraper?fpr=youssef,social-leads,92,979,5,2,"Search and scrape Reddit posts by keyword. Extract detailed post data, comments, scores, timestamps, and metadata for research and analysis"
"Person Data Enrichment - Email, Phone & LinkedIn",Ryan Clinton,https://apify.com/ryanclinton/person-enrichment-lookup?fpr=youssef,email-finders,91,620,,0,"Enriches persons from People Data Labs - cheaper than Clay, Apollo, or ZoomInfo. Name + company → verified work email, job title, seniority, phone, LinkedIn, and location. Pay-per-event:. No subscription"
Facebook Groups Posts Search Scraper,Lofomachines,https://apify.com/lofomachines/facebook-groups-posts-search-scraper?fpr=youssef,social-leads,91,294,,0,"Find relevant public Facebook group posts by topic. Collect post text, URLs, group details and available engagement data. No login or cookies needed. Export to CSV, Excel or JSON for market research and content ideas"
Leboncoin.fr Scraper | Fast & Reliable,Fatih Tahta,https://apify.com/fatihtahta/leboncoin-fr-scraper?fpr=youssef,jobs-hiring-signals,90,642,3.6,8,"Extract clean, structured data from France’s top classifieds site Leboncoin.fr. Get listings for real estate, cars, jobs, and more with rich outputs including pricing, location, seller details and more. Ideal for market research, lead gen or price tracking"
LinkedIn Ad Library Scraper [NO COOKIES],Unseen User,https://apify.com/unseenuser/LinkedIn-ads?fpr=youssef,linkedin,90,224,5,4,"Extract every ad your competitors run on LinkedIn - creatives, headlines, CTAs, body copy, carousels, video, targeting and run dates. 34 fields per ad. Search by brand or keyword, or paste an Ad Library URL. No login, no cookies. For B2B marketers and growth agencies"
LinkedIn User Comments & Reactions Scraper [NO COOKIES],Unseen User,https://apify.com/unseenuser/LinkedIn-user-comments-reactions?fpr=youssef,linkedin,89,862,5,6,"See exactly what any LinkedIn user has commented on or reacted to recently - their full engagement history. Surface what topics they care about and which thought leaders they follow. No login, no cookies. Built for personalized B2B outreach and ABM teams"
ImportYeti Scraper - US Import Records & Supplier Data,Zen Studio,https://apify.com/zen-studio/importyeti-scraper?fpr=youssef,email-finders,89,539,5,2,"Extract supplier profiles, shipment records, and trade data from ImportYeti. Search by company, product, or address. 60+ fields per result: HS codes, shipping lanes, carriers, bills of lading, trading partners, and contact info. No login required"
"Shopify Store Analyzer | Revenue, Traffic & Apps",Apivault Labs,https://apify.com/apivault_labs/shopify-store-analyzer?fpr=youssef,other-lead-sources,89,370,5.0,2,"Analyze or discover Shopify stores for competitor research and lead generation. Get revenue and traffic estimates, products, best sellers, apps, contacts, ads, store health, opportunities and change tracking. -15 per 1,000 results by Apify plan"
"AutoScout24 Scraper [] - 930K Cars, 9 Countries",Black Falcon Data,https://apify.com/blackfalcondata/autoscout24-scraper?fpr=youssef,other-lead-sources,89,305,5,2,"platform usage included. Scrape autoscout24.com - Europe's largest used-car market: Germany · Austria · Italy · Spain · France · Belgium · Netherlands · Luxembourg, plus Switzerland via autoscout24.ch. 930K+ listings with full specs and dealer contacts"
Website Email & Phone Finder,Caprolok,https://apify.com/caprolok/website-email-phone-finder?fpr=youssef,email-finders,88,2360,4.2,3,"Accelerate your outreach by using our Contact Details Scraper to quickly gather emails from any domain, enhancing your marketing strategies and expanding your sales network"
LinkedIn Jobs Scraper - Multiple Titles & Locations in One!,LNTB,https://apify.com/lntb/linkedin-jobs-scraper---multiple-titles-locations-in-one?fpr=youssef,linkedin,88,1017,4.0,10,"This LinkedIn Job Scraper allows you to extract job listings across multiple job titles and locations: Key Features: Input multiple job titles (e.g. ""Software Engineer"", ""Data Analyst"") Input multiple locations (e.g. ""London"", ""New York"", ""Berlin"") Filters by work type: On-site, Remote, Hybrid"
Google Maps Scraper,PoiData,https://apify.com/poidata/google-maps-scraper?fpr=youssef,google-maps,86,2935,4.3,13,"emails, phones, websites, social profiles, addresses, ratings, reviews, hours & more. Find businesses by keyword, category, location, radius or polygon. Super fast & cheapest Google Maps Scraper & API with CSV, Excel, JSON & API export"
Facebook Page Contact Scraper,SASWAVE,https://apify.com/saswave/facebook-company-page-scraper?fpr=youssef,social-leads,86,720,5.0,3,"Collect informations at scale about: phone, email, page id, popular hours, openings, name, description, industry category, likes, followers, followings, ratings, website, social network links. Extract data from facebook company contact info page"
Google Maps Scraper (),API ninja,https://apify.com/api-ninja/google-maps-scraper?fpr=youssef,google-maps,85,662,4.9,14,"Extract comprehensive business data from Google Maps, including ratings, emails, social media profiles, photos, and operational details. Perfect for market research and lead generation"
Realtor.com [] [Download All Agents] [No 3K Limit],Muhamed Didovic,https://apify.com/memo23/realtor-search-cheerio?fpr=youssef,email-finders,85,644,5,15,"Effortlessly scrape real estate data from Realtor.com, including property listings AND agent profiles. Extract property details like prices, amenities, locations, and photos, plus agent information such as contact details, reviews, specializations, and performance metrics"
LinkedIn Company Posts Scraper - Bulk Export [NO LOGIN],Unseen User,https://apify.com/unseenuser/Company-Posts?fpr=youssef,linkedin,85,188,5,3,"LinkedIn post scraper for company pages - bulk-export posts with engagement, hashtags, mentions, and author profile enrichment (headline, industry, location, followers). Filter by keyword; sort by top engagement. Paste URLs or bare handles like 'google'. No login, no cookies. >99% success"
"Company Leads Scraper similar to Apollo, LinkedIn",Peaky Dev,https://apify.com/peakydev/company-organization-scraper-apollo-linkedin?fpr=youssef,linkedin,84,901,4.9,28,"WE ARE BACK --- Extract company leads using a wide range of filters including industry, revenue, employee size similar to Apollo, linkedin, zoominfo"
Contact Info Scraper,Zebu Data,https://apify.com/delicious_zebu/contact-info-scraper?fpr=youssef,email-finders,84,853,5,29,"Crawl any website and get one deduplicated row per company: emails with deliverability checks (MX, role mailbox), validated phone numbers, 15 social networks, address and opening hours. Optional social profile enrichment. HTTP-first, browser only when a page needs it"
Eventbrite Scraper - Event & Organizer Data,Aitor Sanchez-Mansilla,https://apify.com/aitorsm/eventbrite?fpr=youssef,other-lead-sources,84,672,5.0,3,"Efficiently scrape and extract Eventbrite event data for market research, lead generation, and event aggregation. This Eventbrite Scraper provides structured data on event details, organizers, dates, venues, and pricing, with flexible filtering options by country, city, and category"
"Website Email Scraper - Emails, Phones & Socials",Data Runner,https://apify.com/jurassic_jove/website-email-extractor?fpr=youssef,email-finders,83,810,,0,"Pull emails, phones, and social links from any website. Auto-follows Linktree and bio pages - no manual digging"
Uber Eats Scraper [PPR],borderline,https://apify.com/borderline/uber-eats-scraper-ppr?fpr=youssef,b2b-databases,83,653,5,3,"Pay per result - Fast and cost-effective Uber Eats Scraper requiring just a search query and location or using stores urls. Instantly retrieve comprehensive restaurant data, including names, phone, ratings, locations, and menus. Seamlessly integrates, offering a highly efficient data solution"
Google Maps Places Extractor,Enckay Data,https://apify.com/enckay/google-maps-places-extractor?fpr=youssef,google-maps,81,1551,,0,"Extract Places and businesses from Google Maps. Scrap phone numbers, emails, website, business hours, address and gps, Google Place ID. Use filters to include or exclude irrelevant leads"
YouTube Search & Video Metrics [] Scraper,Muhamed Didovic,https://apify.com/memo23/youtube-search-results-scraper?fpr=youssef,social-leads,81,328,5,2,"Scrape YouTube search results without login or API key. Metrics mode returns flat analytics rows - parsed views, duration, channel, publish age - per video, with free title/age filters (filtered videos never charged). Schedule it for keyword monitoring. JSON or CSV"
LinkedIn Company Scraper (No Login) Bulk,Sourabh Kumar,https://apify.com/sourabhbgp/linkedin-company-scraper?fpr=youssef,linkedin,81,238,,0,"Bulk LinkedIn company scraper for B2B lead enrichment. Returns 33 fields per company: employees, all office locations with postal codes, followers, recent posts with reactions, products, similar companies and live open-job count. Company names and IDs accepted. No login"
Google Maps Scraper,NanoScrape,https://apify.com/santamaria-automations/google-maps-scraper?fpr=youssef,google-maps,80,898,5,3,"Scrape Google Maps for: 30+ fields, reviews, photos, hours, GPS. Enrich every result with 20+ optional add-ons: emails, phones, socials, LinkedIn, SSL, tech stack, SEO, AI contacts, jobs & icebreakers. All merged into ONE row per business. No dataset joins. MCP-ready for AI agents"
"All-in-One Review Scraper: G2, Capterra & Trustpilot",Zen Studio,https://apify.com/zen-studio/software-review-scraper?fpr=youssef,directories,80,465,4,1,"Scrape reviews from G2, Capterra, TrustRadius, Gartner, and Trustpilot in one run. Just type a product name or domain. Get unified ratings, pros/cons, reviewer details, dates, and platform-specific sub-ratings. Filter by star rating and sort order. Export as JSON, CSV, or Excel"
LinkedIn Company Employees Scraper With Decision Makers,George Kioko,https://apify.com/george.the.developer/linkedin-company-employees-scraper?fpr=youssef,linkedin,79,2062,1,1,"Scrape all employees of any LinkedIn company with names, job titles, locations and profile URLs, plus decision maker flags, seniority bands and departments. You pay only for rows tied to the company you asked for. Free monitoring tracks new hires, departures and title changes. No login, no cookies"
Leads Finder Apollo Leads Generator,Olympus,https://apify.com/olympus/leads-finder-apollo-leads-generator?fpr=youssef,b2b-databases,79,520,4.8,22,"Affordable ways to generate leads with emails and phone numbers like platforms similar to apollo, linkedin, zoominfo"
Advanced Search TikTok API (free-watermark videos),Novi,https://apify.com/novi/advanced-search-tiktok-api?fpr=youssef,social-leads,78,29233,1.2,2,"TikTok Search Scraper - Explore, discover, and analyze TikTok content with ease. Gain valuable insights and optimize your marketing efforts. Provides no-watermark download link"
Crunchbase Scraper - Unlimited Data No API Pricing 100% Success,David Bhatt,https://apify.com/davidsharadbhatt/crunchbase-company-scraper?fpr=youssef,b2b-databases,78,1096,4.8,14,"Extract unlimited Crunchbase data without expensive API pricing. Get funding rounds, investors, revenue, employees & contact info. 130+ fields.. No rate limits. 100% success rate. Alternative to Tracxn, Apollo.io, ZoomInfo, Linkedin and Google Maps"
"Bulk Decision makers Email finder, cheap",Sniper Coder,https://apify.com/snipercoder/bulk-decision-makers-email-finder?fpr=youssef,email-finders,78,1019,1.6,5,"Input: Domain|Output: Name, Email, Title, Company, etc of Decision makers In Bulk.| Perfect for Lead Generation, Email campaigns, and Data Enrichment. Forget AnymailFinder, apollo.io, hunter.io, they are all to break the Bank"
"Linkedin Email Finder, Super Cheap",Sniper Coder,https://apify.com/snipercoder/linkedin-email-finder?fpr=youssef,email-finders,78,908,4.5,5,"Input: linkedin|Output: Name, Email, Title, Company, etc.| Perfect for Email campaigns, Data Enrichment, Linkedin/Linkedin sales nav Leads. Forget Instantly.ai, apollo.io, and hunter.io, they are all to break the Bank"
300K+ Amazon Sellers Email Leads,Miso,https://apify.com/xmiso_scrapers/eu-amazon-sellers-email-leads?fpr=youssef,email-finders,77,1072,2.8,20,"Database of scraped sellers from Amazon marketplaces with emails, phone numbers and other valuable data"
LinkedIn Company Data & Insights Scraper [NO COOKIE],RICEMAN,https://apify.com/riceman/linkedin-company-data-insights-scraper?fpr=youssef,linkedin,77,894,5.0,2,"Scrape comprehensive LinkedIn company data & business insights without your LinkedIn account. Extract basic company data, headcount growth, job openings, hiring patterns & employee analytics. Automatic retries, pay-per-use"
"Instagram Following Scraper - Instant, No-Login Required",DataVoyantLab,https://apify.com/datavoyantlab/instagram-following-scraper?fpr=youssef,social-leads,76,1757,,0,"Instantly extract any Instagram user's following list - no login required. Drop profile URL, get thousands of followers with usernames, full names, profile pics, verification status in seconds. Perfect for growth hacking, competitor research, lead generation. Faster, cheaper, more reliable"
Yandex Maps Places Scraper,Mikhail Mamaev,https://apify.com/m_mamaev/yandex-maps-places-scraper?fpr=youssef,google-maps,76,1586,3.6,11,"Extract structured data from thousands of Yandex Maps locations and businesses, including phone numbers, emails, websites, reviews, images, addresses, coordinates, ratings, categories, opening hours & more"
German Imprint Scraper & Leads Finder (Google Search),Winning Solutions,https://apify.com/winningsolutions/german-imprint-scraper?fpr=youssef,email-finders,76,359,5.0,4,"AI-powered Apify Actor that scrapes Impressum pages on German websites and extracts decision-makers (Geschäftsführer, Vorstand), validated B2B emails, company addresses, VAT IDs, and Handelsregister numbers. Structured JSON output for B2B lead generation, sales prospecting, and CRM enrichment"
LinkedIn Scraper at Scale Without Cookie,FreshData,https://apify.com/freshdata/fresh-linkedin-profile-data?fpr=youssef,linkedin,75,1134,5,5,"Get real-time LinkedIn profile data, including experience, education, current company and more"
Reddit Comment Scraper - Export Comments & Replies (),Harsh Maur,https://apify.com/harshmaur/reddit-comments-scraper?fpr=youssef,social-leads,75,250,5.0,5,"Scrape Reddit comments without the API - every comment and nested reply from any post URL, 'load more comments' expanded automatically. Export to CSV, Excel, or JSON for sentiment analysis, AI training data, or research. No login, no rate limits"
TikTok Ads Library FAST,Data Xplorer,https://apify.com/data_xplorer/tiktok-ads-library-fast?fpr=youssef,social-leads,74,465,5,1,"Unlock TikTok's ad intelligence with our powerful scraper. Extract competitor campaigns, creative assets and performance metrics. Search by keyword, advertiser name or ID across all regions. Get comprehensive ad data for market-leading insights"
Twitter X Profile Viewer,Sachin Kumar Yadav,https://apify.com/igview-owner/x-twitter-profile-viewer?fpr=youssef,social-leads,73,554,,0,"Powerful Twitter/X profile scraper that extracts user data, follower counts, bio information, and verification status. Works with usernames or full Twitter/X URLs. Ideal for social media research, influencer analysis, and bulk data collection"
Post Reshares/Reposts Scraper for LinkedIn | No Cookies,API Maestro,https://apify.com/apimaestro/linkedin-post-reshares?fpr=youssef,linkedin,73,351,5,2,"LinkedIn Post Reposts Scraper: Extract reposts for a given LinkedIn post including author data, stats, media attachments and more"
Instagram Followers List Scraper,CoderX,https://apify.com/coderx/instagram-followers-list-scraper?fpr=youssef,social-leads,72,3421,4.9,7,"Easily scrape followers from public Instagram profiles. This tool automatically collects the full list of followers from any public Instagram account. Ideal for marketers, researchers, and data analysts who need follower data for public accounts"
LinkedIn Job Details Scraper,FalconScrape,https://apify.com/piotrv1001/linkedin-job-details-scraper?fpr=youssef,linkedin,72,735,,0,"The LinkedIn Job Details Scraper extracts job data from LinkedIn job detail URLs, capturing job titles, company names, logos, locations, posting times, descriptions, number of applicants, job criteria, similar jobs, and related job listings - ideal for recruitment insights and job market analysis"
Instagram Followers Scraper,Louis Deconinck,https://apify.com/louisdeconinck/instagram-followers-scraper?fpr=youssef,social-leads,71,2200,3.0,5,"Instantly scrape all followers from any Instagram account, no login needed. Just drop a profile handle, get thousands of followers in seconds. Perfect for growth hacking, competitor research, and lead gen. Fast, cheap, reliable. Built by a top 1% Apify dev"
Facebook Profile Scraper (Private & Public),Iñigo Garcia Olaizola,https://apify.com/igolaizola/facebook-profile-scraper?fpr=youssef,social-leads,70,3108,3.0,7,"Facebook scraper for profile posts, comments, media, links, engagement totals, and date-filtered monitoring. Run anonymously for public content or use authorized cookies for account-visible posts. Export JSON, CSV, Excel, API, or MCP-ready data for research and monitoring"
TikTok Profile Scraper (Pay Per Result),Yevhenii Molodtsov,https://apify.com/xmolodtsov/tiktok-profile-scraper?fpr=youssef,social-leads,70,171,5,1,"Scrape TikTok profiles by username: followers, likes, bio and link, verified badge, TikTok Shop seller data and latest posts. One row per handle, even for missing accounts; up to 1,000 per run. Input and output compatible with popular TikTok profile scrapers. No login or proxies. Pay per result"
LinkedIn People Profile Scraper,Pratik Dani,https://apify.com/pratikdani/linkedin-people-profile-scraper?fpr=youssef,linkedin,69,1831,3.0,5,"Retrieve LinkedIn profile URLs and extract comprehensive profile details. This includes basic information, employment history, skills, company information, biography, location, and more"
LinkedIn Post Comment & Reaction Extractor [NO COOKIES],Unseen User,https://apify.com/unseenuser/linkedin-post-comment-reaction-extractor-no-cookies?fpr=youssef,linkedin,69,604,5,6,"Extract every commenter and reactor on any public LinkedIn post - profiles, comment text, reaction types, timestamps. The highest-signal lead source on LinkedIn: engaged commenters are 5-10x warmer than cold search results. No login, no cookies. Built for B2B sales teams"
BAYUT [] | Search & Detail(s) & Agent(s) & Company(s),Muhamed Didovic,https://apify.com/memo23/apify-bayut-scraper?fpr=youssef,other-lead-sources,69,430,5,6,"get comprehensive Bayut property data including pricing, specs (rooms, area, furnishing), location details, agent/agency info, verification status, high-res photos, and multilingual descriptions. Ideal for market analysis, lead generation, and property research"
Tiktok Followers Scraper,API ninja,https://apify.com/api-ninja/tiktok-followers-scraper?fpr=youssef,social-leads,69,223,5.0,4,"Scrape TikTok followers or following at scale from profile URLs, @handles, or user IDs. Fast, paginated, structured, and ready for API, scheduling, and automations on Apify"
Instagram Email Scraper,bhansalisoft,https://apify.com/bhansalisoft/instagram-email-scraper?fpr=youssef,email-finders,68,6332,2.5,23,"Instagram Email Scraper[𝗖𝗵𝗲𝗮𝗽𝗲𝘀𝘁 𝗣𝗿𝗶𝗰𝗲] efficiently extracts email addresses from Instagram profiles based on custom keywords. Ideal for influencer marketing, social outreach, and business collaborations. Fast, accurate, and 50% more affordable than competitors"
Facebook Pages Scraper,Sam,https://apify.com/cleansyntax/facebook-pages-scraper?fpr=youssef,social-leads,68,1530,4.8,7,"Facebook Pages Scraper extracts comprehensive details from Facebook Pages. It gathers valuable info - such as page_names, addresses, emails, phone numbers, etc - making it ideal for building high-quality leads and fueling your marketing or sales strategies"
Website Contact Extractor,Better Devs Scrape,https://apify.com/betterdevsscrape/contact-details-extractor?fpr=youssef,email-finders,68,654,5.0,1,"The cheapest contact scraper on Apify. Extract emails, phone numbers, company names, addresses & 25+ social profiles - 50% less than competitors. Smart crawling auto-finds contact pages, bypasses Cloudflare protection, browser mode for JS sites, sitemap discovery"
LinkedIn Company Posts Scraper - No Cookies,Data Doping,https://apify.com/datadoping/linkedin-company-posts-scraper?fpr=youssef,linkedin,68,402,2.9,3,"For, scrape LinkedIn posts of a company and extract full content, engagement stats, and author details using their profile URL. Note: If you're on free tier you can only scrape 4 companies and 100 posts per company per run (12 companies in total)"
10times Events Scraper - Trade Shows & Conferences API,Zen Studio,https://apify.com/zen-studio/10times-events-scraper?fpr=youssef,other-lead-sources,68,363,,0,"Extract trade shows, conferences, and exhibitions from 10times.com with 59 data points per event. Filter by city name, industry, date, or keyword. Get organizer contacts, venue details, visitor estimates, exhibitor counts, and full schedules. 1,000 events in under 60 seconds. No account needed"
Instagram Followers Scraper - No‑Login Follower Data API,DataVoyantLab,https://apify.com/datavoyantlab/instagram-followers-scraper?fpr=youssef,social-leads,67,1975,2.9,4,"Scrape public Instagram followers in seconds. no login, pay‑per‑use, CSV/JSON output. Ideal for marketing, research, and automation"
Meetup Scraper,Filip Cicvárek,https://apify.com/filip_cicvarek/meetup-scraper?fpr=youssef,other-lead-sources,67,505,4.9,7,"Scrape Meetup.com events, groups or organizers by keyword, city or coordinates. Get 30+ fields per event including dates, venue with GPS, RSVP counts, fees, group member counts, organizer details, topics and ratings"
Company Domain & Social Links Finder,Crawler Bros,https://apify.com/crawlerbros/company-domain?fpr=youssef,linkedin,67,284,2,1,"Given a company name, return the company's official website domain and its social media links (LinkedIn, X/Twitter, Facebook, Instagram, YouTube, TikTok, GitHub)"
"TikTok Scraper - Trends, Creators, Hashtags [NO COOKIES]",Unseen User,https://apify.com/unseenuser/TikTok-Search-Scraper?fpr=youssef,social-leads,67,278,5,3,"Trending TikTok videos, hashtags, creators, and songs - all in one Actor across 8 search modes. Fl. No cookies, no login, no run-start fee. Direct TikTok Creator Marketplace link included on every creator row"
Zillow [] | Bypass Zillow limit of 500 | All-In-One,Muhamed Didovic,https://apify.com/memo23/zillow-scraper-ppe?fpr=youssef,other-lead-sources,67,181,5,8,"No limits, no quotas, unlimited extraction. Unleash the full power of Zillow data - no limits, no restrictions. Comprehensive scraping for any search URL, delivering complete property insights at scale"
Fast TikTok API (free-watermark videos),Novi,https://apify.com/novi/fast-tiktok-api?fpr=youssef,social-leads,66,2238,4.9,6,"Fastest TikTok API for Trend, Hashtag, Search, Music, User, Comment. Real-time, authentic data. No pre-built databases. Provides no-watermark video download links"
"Instagram Profile Scraper - Fast Bulk, 99% Success Rate",Unseen User,https://apify.com/unseenuser/igscraping?fpr=youssef,social-leads,66,1381,5,6,"Bulk Instagram profile scraper. Extract profile metadata, latest posts, follower/following counts, bio, external links, and auto-calculated engagement rate - at scale. No Instagram account, no cookies, no login. Built for influencer platforms, lead gen, and brand monitoring"
LinkedIn Profile Posts Scraper - Bulk [NO COOKIES],Unseen User,https://apify.com/unseenuser/LinkedIn-Content?fpr=youssef,linkedin,66,306,5,4,"Scrape every post from a list of LinkedIn profiles in one bulk run. One flat row per post: text, hashtags, engagement, reaction breakdowns, media, and the original post behind every repost. Filter by exact dates. No login, no cookies. Built for competitor analysis, social listening and ABM"
Eventbrite Event Scraper,ParseForge,https://apify.com/parseforge/eventbrite-scraper?fpr=youssef,other-lead-sources,65,377,5.0,2,"Scrapes Eventbrite events by direct URL or search filters. Returns each event as a flat row with title, date, venue, price, and optional organizer details"
Contact Info Finder,Supreme Coder,https://apify.com/supreme_coder/contact-info-finder?fpr=youssef,email-finders,63,1083,3.6,5,Find people and their contact info from any website or Linkedin URL in bulk
LinkedIn Email + Profile Scraper Active Leads (No Login),SlothTechLabs,https://apify.com/slothtechlabs/linkedin-email-finder-profile-scraper-no-login?fpr=youssef,email-finders,63,464,,0,"The LinkedIn email scraper that skips dormant profiles. Real company domain pulled from the company's LinkedIn page (not guessed from its name), top-3 email patterns with honest confidence, activity score, seniority & decision-maker signals, industry. CRM-ready CSV. Pay per success - failed = free"
Linkedin Employees Scraper,Caprolok,https://apify.com/caprolok/linkedin-employees-scraper?fpr=youssef,linkedin,62,4147,1.0,23,"Effortlessly gather LinkedIn URLs and names of employees in bulk. Ideal for HR and recruitment, this tool quickly provides essential contact information, simplifying talent search and networking opportunities"
Businesses Without Websites Leads Scraper (Google Maps),Miso,https://apify.com/xmiso_scrapers/businesses-without-websites-leads-scraper-google-maps?fpr=youssef,google-maps,62,1658,5.0,10,"Get unique leads of various businesses which don't seem to have their own website yet. Offer them web related services, SEO, design etc. This is list of potential candidates, not guaranteed for 100% accuracy"
Crunchbase Companies Scraper,Pratik Dani,https://apify.com/pratikdani/crunchbase-companies-scraper?fpr=youssef,b2b-databases,62,1123,1.5,4,"The Crunchbase Companies Overview Actor is a powerful tool that extracts comprehensive company information from Crunchbase URLs. It provides detailed insights about companies including their basic information, financial data, social presence, web traffic statistics, and technological stack"
Fast App Store Reviews Scraper API | iOS Reviews & Ratings,Agents,https://apify.com/theagents/appstore-reviews?fpr=youssef,other-lead-sources,62,821,3.5,13,"Lightning-fast App Store review scraper that fetches up to 200 reviews per second across multiple countries. Extract valuable user feedback via App IDs or URLs, with custom mapping options. Affordable. Perfect for developers, marketers, and researchers"
Yelp Reviews Scraper,API ninja,https://apify.com/api-ninja/yelp-reviews-scraper?fpr=youssef,directories,62,195,5.0,4,"Scrape Yelp customer reviews from business URLs or IDs with sorting, rating filters, pagination, and resilient API retries"
Instagram Followers Scraper & Enricher · No Login,Data Slayer,https://apify.com/data-slayer/instagram-followers-scraper---no-login?fpr=youssef,social-leads,61,849,5,2,"Extract followers from any Instagram profile and optionally enrich with emails, phone numbers, websites, bios, follower counts, and categories. 31 fields per result. SocialScraper alternative - pay per result. Optional MillionVerifier email verification. No login. JSON/CSV/Excel"
Glassdoor Jobs Scraper - Most Comprehensive,Kai,https://apify.com/kaix/glassdoor-jobs-scraper?fpr=youssef,jobs-hiring-signals,61,214,4.7,3,"~ Glassdoor job listings with title, description, salary, location, and company details"
Leads Finder Apollo | LinkedIn Profile,succexx_DEV,https://apify.com/boneswill/leads-generator?fpr=youssef,linkedin,60,2462,4.6,32,"Affordable alternative to Apollo, ZoomInfo, Lusha & LinkedIn. Extract leads with verified Mobile Number, verified Business & Person Emails, LinkedIn profiles, company details!"
"Zillow Property Scraper - Agent Data, Zestimate, Price History",Andrey Afanasenko,https://apify.com/afanasenko/zillow-property-agent-data-scraper?fpr=youssef,email-finders,60,762,4.9,4,"Scrape Zillow property listings and agent contacts - emails, phones, price history, Zestimate and 70+ fields. This Zillow scraper filters for FSBO, foreclosures, multi family and sold comps, by ZIP code, ZPID or any Zillow URL, across homes for sale, rent and sold. Export to CSV, JSON or Excel"
Instagram Hashtag Scraper,CoderX,https://apify.com/coderx/instagram-hashtag-scraper?fpr=youssef,social-leads,60,720,4.0,4,"This scraper extracts users from Instagram based on a hashtag. Just enter a hashtag and set the number of usernames you need. It collects user details like usernames, IDs, and captions, making it perfect for social media analysis and research"
Email Address Validator,API ninja,https://apify.com/api-ninja/email-address-validator?fpr=youssef,email-finders,60,311,5,4,"Validate email lists with a two-step verification pipeline: regex structure check followed by internal 2-step validation. Perfect for CRM cleanup, lead qualification, and campaign hygiene"
"Website Contact Scraper - Email, Phone & Social",Logiover,https://apify.com/logiover/website-contact-scraper?fpr=youssef,email-finders,59,1068,,0,"Bulk email and contact extractor for any website. Scrape emails, phones and social links with no API and export leads to CSV or JSON"
"Search Similar YouTube Channels by Content, Not Keywords",Data Over Coffee,https://apify.com/dataovercoffee/youtube-channel-lookalike-finder?fpr=youssef,social-leads,59,591,5,4,"Search similar YouTube channels by content - 200M+ creators, ranked, with stats + emails"
SeLoger Scraper Estate Extractor,Azzouzana,https://apify.com/azzouzana/seloger-mass-products-scraper-by-search-url?fpr=youssef,other-lead-sources,59,445,5,3,"PropTech Extraction de données immobilières via URL. Scrapez: prix, m², pièces, chambres, DPE, charges, honoraires, meublé, balcon, garage, photos, contacts et bien plus ! Export JSON, CSV, Excel ou API"
LinkedIn People Search Scraper,PowerAI,https://apify.com/powerai/linkedin-peoples-search-scraper?fpr=youssef,linkedin,58,3975,1,6,"Extract professional profiles from LinkedIn with detailed metadata including names, titles, companies, and direct URLs. Perfect for talent acquisition, competitor analysis, and business development"
"Telegram Scraper - Group, Channel Member Scraper",bhansalisoft,https://apify.com/bhansalisoft/telegram-group-member-scraper?fpr=youssef,social-leads,58,3140,5.0,2,"Telegram scraper for extracting available members from groups and channels. Get User IDs, usernames, names and access hashes with no Telegram login required. Scrape Telegram group and channel members with a Telegram Member Scraper"
LinkedIn Company Followers - Export Audience,The Howlers,https://apify.com/alizarin_refrigerator-owner/linkedin-company-followers-scraper?fpr=youssef,linkedin,58,391,1,2,Export followers of any LinkedIn company page for competitor research and targeted outreach
GulfTalent Job Scraper,Shahid Irfan,https://apify.com/shahidirfan/GulfTalent-Job-Scraper?fpr=youssef,jobs-hiring-signals,58,356,4.9,14,"Scrape live job listings from GulfTalent across UAE, Saudi Arabia, Kuwait & Bahrain. Extract job titles, companies, salaries, experience requirements, job descriptions & application links. Ideal for Gulf recruitment analytics, salary intelligence, talent market research & HR datasets"
"Whatnot Scraper - Extract Seller, Search & Category Data",Epic Scrapers,https://apify.com/epicscrapers/whatnot-scraper?fpr=youssef,other-lead-sources,58,173,5,4,"Scrape Whatnot.com at scale - search results, seller profiles, reviews, live shows, shop listings, auctions, category leaderboards & more. Fast, reliable and no auth required. Export as JSON, CSV, XML or Excel. Search by keyword or URL, analyze sellers in bulk, or browse and deep-into any category"
Telegram Member Scraper,AgentX,https://apify.com/agentx/telegram-member-scraper?fpr=youssef,social-leads,57,1406,4.8,9,"Telegram member scraper for public groups, returning 23-field profiles from the visible participant list and optional message-author discovery. Export IDs, usernames, names, public flags, presence, bot facts, discovery path, and source-group context"
Skool Classroom Media/Video · Posts · Nested Comments,Muhamed Didovic,https://apify.com/memo23/skool-posts-with-comments-scraper?fpr=youssef,other-lead-sources,57,1102,4.9,23,"Skool.com posts + nested comments + classroom courses + media files. Date filter for new-content delta runs, storage dedup across runs (no double-billing), tab selector for community/classroom, configurable comment depth. The most thorough Skool content extractor. JSON or CSV"
Bundesagentur für Arbeit (Arbeitsagentur) Scraper,Lexis Solutions,https://apify.com/lexis-solutions/bundesagentur-fur-arbeit-arbeitsagentur-scraper?fpr=youssef,jobs-hiring-signals,57,605,5,18,The Arbeitsagentur Scraper is a web scraping tool that retrieves public job postings from Arbeitsagentur.de. Bundesagentur für Arbeit is the official job search website in Germany
Instagram Keyword Posts Urls Scraper,SaSkY,https://apify.com/sasky/instagram-keyword-posts-urls-scraper?fpr=youssef,social-leads,57,578,4.2,4,Scrapes Instagram posts URLs related to a given keyword
Website Email & Contact Scraper,Maxime Dupré,https://apify.com/maximedupre/website-emails-scraper?fpr=youssef,email-finders,56,1237,4.6,3,"Find public contact email addresses from the website URLs you submit. Get one unique, normalized email per dataset row with the source and seed URLs attached"
Mobile.de Scraper,Gen First,https://apify.com/ivanvs/mobile-de-scraper?fpr=youssef,other-lead-sources,56,416,5,1,"Extract data from mobile.de for data on thousands of car listings. Scrape car listings, extract descriptions, images, prices, mileage, contact number, addresses, names, engine information, the transmission of the car, and all other listing details"
Indeed Jobs Scraper,AgentX,https://apify.com/agentx/indeed-jobs-scraper?fpr=youssef,jobs-hiring-signals,56,335,5.0,3,"Indeed Jobs Scraper is an Indeed jobs scraper for 62 countries that returns 41 structured job, salary, company, application, and public contact fields with optional source-supported filters"
TikTok User Profile Scraper,xtdata,https://apify.com/xtdata/tiktok-user-information-scraper?fpr=youssef,social-leads,55,3382,5,4,"TikTok Profile Scraper: Extract profile data by username, user ID, or URL. Real-time, authentic data. No pre-built databases. Perfect for market research and influencer analysis. Scrape TikTok profiles easily. No proxy, no limit"
Onlyfans profile scraper,Curious Coder,https://apify.com/curious_coder/onlyfans-scraper?fpr=youssef,other-lead-sources,55,2579,5,1,"Onlyfans data extractor scrapes profiles in bulk with all details including, name, bio, last online, engagement insights, social media urls, etc"
Instagram Location Scraper (Pay Per Result),API Dojo,https://apify.com/apidojo/instagram-location-scraper?fpr=youssef,social-leads,55,1944,5.0,10,"Instagram Location Scraper, your premier solution for harvesting data from locations on Instagram. It offers remarkable value at, with the capability to scrape between 100-200 posts per second!"
Airbnb Pro Host · Business Emails by City,Corentin Robert,https://apify.com/corent1robert/airbnb-professional-host-scraper?fpr=youssef,email-finders,55,532,4.2,6,"Search any city worldwide for Airbnb professional hosts. Business emails, phones, and company names where disclosed (best in EU/EEA). Companion Actors: Airbnb Property Details and Airbnb Calendar. Free plan: 20 contacts. No login"
ThomasNet Suppliers Real-Time Scraper (2026),Zen Studio,https://apify.com/zen-studio/thomasnet-suppliers-scraper?fpr=youssef,email-finders,55,521,4.5,4,"Extract 70+ ThomasNet supplier fields: emails, phone numbers, company data, products, locations, certifications and more. Build supplier shortlists, generate B2B leads, or analyze industrial markets. No Login needed! Thousands of results in seconds"
Vrbo Scraper,ONE API,https://apify.com/one-api/vrbo-scraper?fpr=youssef,other-lead-sources,55,199,,0,"Scrape Vrbo.com vacation rentals - property details, reviews, host info, calendar availability, and search by location / coordinates / polygon / URL plus autocomplete. One dataset row per listing/review/host/day with photo, price, rating and Raw JSON"
Sales Navigator Scraper By Filters,Linkedin Scrapers,https://apify.com/bestscrapers/sales-navigator-scraper-by-filters?fpr=youssef,linkedin,54,707,,0,Find and scrape LinkedIn Sales Navigator leads with advanced filters
"Shopify Store Finder - URLs, emails & more",Iñigo Garcia Olaizola,https://apify.com/igolaizola/shopify-store-finder?fpr=youssef,email-finders,54,508,5,2,"Shopify Store Finder locates Shopify stores by keyword and returns structured data: ID, title, description, URL, contact emails, earliest page date, and estimated product count range. Perfect for market research, lead generation, and competitor discovery"
Meta Brand Collaboration Scraper,Apify,https://apify.com/apify/brand-collaboration-scraper?fpr=youssef,social-leads,54,214,4.6,5,"Extract branded content partnerships from Meta Ad Library. Get creators, brand partners, content types, dates, and links from Instagram and Facebook. Enrich with profile and post details. Export data, schedule runs via API, and integrate with other tools or AI workflows workflows"
"LinkedIn Company Scraper - Employees, Followers & Firmographics",Berkan Kaplan,https://apify.com/foxlabs/linkedin-company-scraper?fpr=youssef,linkedin,54,121,,0,"Scrape public LinkedIn company pages - no login, no cookies. Get exact employee count, followers, website domain, HQ address, description & logo as clean JSON/CSV/Excel. For B2B lead-gen, TAM sizing & firmographic enrichment"
Google Maps Scraper,Boztek LTD,https://apify.com/boztek-ltd/google-maps-scraper?fpr=youssef,google-maps,53,2927,4.4,11,"Extract data from thousands of Google Maps locations and businesses, including reviews, reviewer details, images, contact info, including full name, email, opening hours, prices & more. Export data, run via API, schedule and monitor runs, or integrate with other tools"
Fast YouTube Trending Scraper API | Viral Videos & Rankings,API Dojo,https://apify.com/apidojo/youtube-trending-scraper?fpr=youssef,social-leads,53,912,5.0,7,"Your tailor-made tool to harness the dynamic world of trending content on YouTube. This powerful tool is designed to give you an in-depth, real-time snapshot of what's capturing the world's attention. And more, its extremely cheap price at !"
Bluesky Posts Scraper,Lexis Solutions,https://apify.com/lexis-solutions/bluesky-posts-scraper?fpr=youssef,other-lead-sources,52,322,4.5,22,"The Apify Bluesky Posts Scraper allows a programmatic search for posts on Bluesky and the option to export to CSV, JSON, Excel, or integration with Zapier, Make, or any custom workflow"
LinkedIn Company Details Scraper NO COOKIES,Atomus APIs,https://apify.com/atomus/linkedin-company-scraper?fpr=youssef,linkedin,52,96,5,3,"Enrich LinkedIn company URLs or domains into structured firmographic records: industry, employee count, revenue band, funding rounds, HQ, and full tech stack. Submit up to 5,000 inputs per run, one record each. Pay only for companies found; not-found and errors are free. No login needed"
WhatsApp Number Validator (Single and Bulk),Michael Hunter,https://apify.com/api_factory/whatsapp-number-validator-single-and-bulk?fpr=youssef,social-leads,51,1200,3.3,3,"WhatsApp: +447984004914 E-mail: contact@apifactory.pro Instantly check and validate WhatsApp phone numbers programmatically. Verify active accounts in bulk, clean lead lists, and prevent fraud. Fast, accurate, and built for seamless integration into your CRMs, apps, and automated workflows"
TikTok Music & Sound Scraper,API Dojo,https://apify.com/apidojo/tiktok-music-scraper?fpr=youssef,social-leads,51,434,4.8,8,"Scrape TikTok music data at 300 tracks/sec with 98% success - no proxy needed. Extract titles, artists, IDs, usage counts, covers & video data in real-time. Supports URL/ID input. Export JSON/CSV with full API integration. Perfect for trend tracking, viral analysis & campaigns"
"Domain to LinkedIn URL Resolver: Batch or Single, Clay Ready",Mamba Labs,https://apify.com/mambalabs/domain-to-linkedin-url-resolver?fpr=youssef,linkedin,51,372,4.9,2,"Resolves a company domain, or a batch list of domains in one run, to LinkedIn company URLs, one row per domain, via pattern matching and web search. Every row carries resolution_method, confidence and a slug_mismatch flag, so a weak match is visible rather than silent. Flat, Clay-ready, MCP-ready"
Contact Details Scraper,PoiData,https://apify.com/poidata/contact-details-scraper?fpr=youssef,email-finders,51,361,,0,"Details Scraper extracts public emails, phone numbers, social profiles, company details, and named contacts from any website. Submit domains in bulk, get clean structured results, or automate enrichment with the Contact Details Scraper API"
LinkedIn Company Profile Scraper,Maxime Dupré,https://apify.com/maximedupre/linkedin-company-scraper?fpr=youssef,linkedin,51,83,,0,"Scrape public LinkedIn company pages from URLs, slugs, or simple names. Export company facts, locations, public employee previews, related pages, job signals, recent public post summaries, and media URLs when visible"
Google Ads Scraper,FlowExtract API,https://apify.com/dz_omar/google-ads-scraper?fpr=youssef,other-lead-sources,50,793,5,5,"Extract ads from Google’s Ads Transparency Center [0.70/1K ] by URL, advertiser, or domain, including political & election ads. Get creative previews, spend ranges, impressions, demographics & regions. Dedicated proxy for paying users; optional Google login"
LinkedIn Jobs Scraper,AgentX,https://apify.com/agentx/linkedin-jobs-scraper?fpr=youssef,linkedin,50,459,5.0,3,"LinkedIn Jobs Scraper is a LinkedIn jobs scraper for 98 countries that returns 41 structured job, salary, company, application, and public contact fields without login"
LinkedIn Job Scraper [] - No Login or Cookies,Black Falcon Data,https://apify.com/blackfalcondata/linkedin-job-scraper?fpr=youssef,linkedin,50,167,5,1,LinkedIn job scraper that needs no login or cookies - and the cheapest on the Store. Scrape linkedin.com postings with salary · skills & employer data (size · website · industry). Incremental mode skips jobs you already have
LinkedIn Company Scraper,Crawlworks,https://apify.com/crawlworks/linkedin-company-scraper?fpr=youssef,linkedin,50,89,5,1,"Scrape LinkedIn company profiles in bulk. No cookies or login required. Input a list of company URLs and get structured data: name, industry, employee count, headquarters, website, type, specialities, size, founded year, tagline, and office addresses"
Instagram Profile Posts Scraper No cookies,Scraping Solutions,https://apify.com/scraping_solutions/instagram-profile-posts-scraper-no-cookies?fpr=youssef,social-leads,49,718,,0,"Just enter one or more Instagram usernames and instantly extract all their posts. Export the data in various formats, run the scraper via API, schedule and monitor scraping sessions, and seamlessly integrate with your favorite tools or workflows. Perfect for marketers, analysts, and automation pros"
Yelp Reviews Scraper,Zebu Data,https://apify.com/delicious_zebu/yelp-reviews-scraper?fpr=youssef,directories,49,507,4.7,33,"Scrape Yelp reviews from any business URL: rating, full text, date, photos, reviewer name, location and Elite status, useful/funny/cool votes and the owner's reply. Sort by newest, oldest, rating or Elite, filter by stars and stop at a date"
Walmart Reviews Scraper,Billy,https://apify.com/web_wanderer/walmart-reviews-scraper?fpr=youssef,other-lead-sources,49,222,5,1,"Scrape all Walmart Reviews!, from Walmart.com & Walmart.ca. Export to any format"
Instagram Followers Scraper - Export Full List 2026,red,https://apify.com/instaprism/instagram-followers-scraper?fpr=youssef,social-leads,48,940,4.9,56,"PUBLIC accounts ONLY - private accounts CANNOT be scraped. No login required. Scrape followers from any public Instagram account. Get usernames, IDs, profile pics, verification status. Auto-save every 60s. Export JSON/CSV/Excel"
it Scraper | Italy Real Estate API,Azzouzana,https://apify.com/azzouzana/immobiliare-it-listing-page-scraper-by-search-url?fpr=youssef,other-lead-sources,48,691,5.0,10,"#1 Scrape Immobiliare & instantly extract detailed property listings: titles, descriptions, photos, prices, energy ratings, contacts & transit info. Fast, affordable & exports clean data to JSON, CSV, Excel or HTML. Anitbot handled"
"Meta Ad Library Scraper - Facebook Ads, Days Running & Changes",WebDataLabs,https://apify.com/webdatalabs/meta-ad-library-scraper?fpr=youssef,social-leads,48,675,5,1,"Scrape Meta Ad Library by keyword and get what other scrapers skip: exact days each ad has been running, AFINN sentiment on the copy, advertiser Page likes, per-carousel-card creatives, and a new-vs-changed flag across scheduled runs. Facebook, Instagram, Messenger, Threads. 249 countries"
ImmobilienScout24 ImmoScout24 Scraper [],Azzouzana,https://apify.com/azzouzana/immobilienscout-immoscout-scraper?fpr=youssef,other-lead-sources,48,463,5,7,"& Immobilienscout24 search results for Germany, Austria & Switzerland. Paste a search URL, filter buy/rent, export JSON, CSV or Excel with price, sqm, rooms, photos, contacts & more. DACH market analysis & leads"
AutoScout24 Scraper (PPR),3x1t,https://apify.com/3x1t/autoscout24-scraper-ppr?fpr=youssef,other-lead-sources,48,425,5.0,4,"Effortlessly scrape car data from the largest pan-European online car marketplace, AutoScout24. Get access to millions of entries of cars, motorbikes, etc. across Europe. Fast, cheap & reliable. Pay-per-result version"
Pracuj Scraper [] - Poland's #1 Job Board,Black Falcon Data,https://apify.com/blackfalcondata/pracuj-scraper?fpr=youssef,jobs-hiring-signals,48,210,5.0,3,Pracuj Scraper extracts pracuj.pl listings - structured salary min/max/currency · direct-employer vs agency flag · 30+ fields per listing. Incremental mode tracks new and changed jobs across scheduled runs
Google Ads Transparency Center Scraper: Competitor Ads,PulseData,https://apify.com/pulsedata/google-ads-transparency-scraper?fpr=youssef,social-leads,48,70,,0,"Google ads library scraper for competitor research. Export every ad a brand runs on Search, YouTube, Shopping, Maps and Play from the Google Ads Transparency Center by name, domain or advertiser ID. Dates, days active, countries, EU impressions, creatives. No login"
"Website Lead Intelligence - Find the Right Person, Verified",Ryan Clinton,https://apify.com/ryanclinton/website-contact-scraper?fpr=youssef,email-finders,47,864,4.4,3,"Turn company websites into ready-to-email decision-makers. Verified emails, named contacts ranked by seniority, buying-committee classification, A/B/C decision tiers, and optional scheduled monitoring + CRM auto-push to HubSpot/Salesforce"
"LinkedIn Jobs Scraper by URL - Listings, Salaries (No Login)",Web Data Labs,https://apify.com/cryptosignals/linkedin-jobs-scraper?fpr=youssef,linkedin,47,771,5,3,"Scrape LinkedIn job listings by search URL - extract job title, company, salary, location, skills and apply links. No login, no API key, no rate limits. Bypass anti-bot detection. CSV/JSON output. Pay per result. Proxycurl alternative for job board scraping and recruiter lead generation"
G2 Software Reviews Scraper · Battlecards + Switching Data,Factden,https://apify.com/factden/g2-reviews-scraper?fpr=youssef,directories,47,228,5,7,"G2.com reviews scraper API - scrape G2 software reviews & ratings for B2B SaaS. 27 fields/review: sub-ratings, pros/cons, NPS, switched-from competitors, reviewer role & size, LLM-ready markdown. Auto-ranked competitor battlecards for competitive intelligence & win-loss"
LinkedIn Posts Scraper,Khadin Akbar,https://apify.com/khadinakbar/linkedin-posts-scraper?fpr=youssef,linkedin,47,101,,0,"Scrape public LinkedIn posts from keyword searches, company feeds or exact post URLs. Each post has text, author, likes, comments, media and a comments preview. Works with Apify MCP and the API"
"Crunchbase Company API | Funding, Investors & Firmographics",John,https://apify.com/johnvc/crunchbase-company-api?fpr=youssef,b2b-databases,47,83,5.0,1,"Collect Crunchbase company data as clean, structured JSON. Send one or many organization URLs and get funding, investors, industries, HQ location, employee count, rank, and status. Reliable, pay per company, MCP-ready for Claude and AI agents"
LinkedIn Company Scraper,Coder,https://apify.com/calm_builder/linkedin-company-scraper?fpr=youssef,linkedin,47,79,,0,"Scrape LinkedIn company, showcase and school pages without login or cookies. Get firmographics, every office location, employee and follower counts, similar and affiliated companies, and recent posts with exact dates and engagement. For lead gen, CRM enrichment and market research"
Telegram Number Validator - Bulk Check,ClearPath,https://apify.com/clearpath/telegram-phone-number-validator?fpr=youssef,email-finders,46,970,5,2,"Bulk verify phone numbers for active Telegram accounts. Check 1,000-10,000 numbers per run. Upload CSV or Excel files, get instant yes/no results. Clean contact lists, validate leads, enrich CRM data. No Telegram account needed. Global coverage with automatic phone format normalization"
Twitter (X) Followers Scraper | Up to 5M,Hundevmode Labs,https://apify.com/x_guru/twitter-follower-scraper?fpr=youssef,social-leads,46,392,5,3,"Scrape Twitter/X followers and following by username or user ID with fast batched output. Collect up to 5,000,000 results per target in clean dataset format for lead generation, audience research, and competitor analysis"
Google Events | Scrape Google Events for AI Agents,John,https://apify.com/johnvc/google-events-api---access-google-events-data?fpr=youssef,other-lead-sources,46,298,5,4,"Google Events API for Claude, ChatGPT, Cursor & other MCP-ready AI agents. Scrape Google Events search results - concerts, conferences, festivals, sports, theater, virtual events - with dates, venues, ticket links & locations. Filter by date, event type, country, language. Pay per page"
LinkedIn Company Scraper - Exact Employee Count,Vitalii Bondarev,https://apify.com/bovi/linkedin-company-scraper?fpr=youssef,linkedin,46,91,,0,"Scrape LinkedIn public company pages: exact employee count, company type, size range, specialties, tagline, industry, HQ, website, founded year, funding rounds + investors, and featured employees. No login required. parse_confidence on every row"
Telegram Username Checker,akula.marketing,https://apify.com/akula.marketing/Telegram-Get-Username-Info?fpr=youssef,social-leads,45,1751,5,5,"Verify Telegram usernames in bulk. Check existence, user vs channel type, subscriber count, title, bio, and profile photo"
Sales Navigator Search Scraper No Cookies,Pratik Dani,https://apify.com/pratikdani/sales-navigator-search-scraper-no-cookies?fpr=youssef,linkedin,45,968,,0,"This tool efficiently scrapes contact and company data from Sales Navigator search results without needing cookies. It extracts individual and company details, and sales intelligence, enabling users to build prospect lists, personalize outreach, and gain market insights"
Email Verify & Validate - Fastest Cheapest,DataFusionX,https://apify.com/devil_port369-owner/email-verifier?fpr=youssef,email-finders,45,871,5.0,16,"Bulk email verifier - SMTP probing, DNS/MX lookup, catch-all & disposable detection. Safe-to-send recommendations for every address. Perfect for cold outreach, CRM hygiene & lead validation. Integrates with Zapier & n8n.. Email Verify Validate"
Advanced LinkedIn Jobs Scraper - Fast & Affordable,Practical Tools,https://apify.com/practicaltools/linkedin-jobs?fpr=youssef,linkedin,45,454,5,3,"The most affordable LinkedIn job scraper on Apify. Extract 1,000+ jobs in minutes, including full details (title, company, location, description, link). Pay-as-you-go, no cookies, no hassle"
"Smart Idealista Scraper - Spain, Italy, Portugal Properties",SIÁN OÜ,https://apify.com/sian.agency/smart-idealista-scraper?fpr=youssef,other-lead-sources,44,691,4.4,9,"Idealista scraper and property data API for Spain, Italy and Portugal. Search sale and rental homes, new builds, rooms, garages, offices, land and commercial units by city, search URL, map polygon or CSV; return price, size, rooms, energy rating, year built and price history"
Luma Event Scraper,Matyáš Cimbulka,https://apify.com/matyascimbulka/luma-event-scraper?fpr=youssef,other-lead-sources,44,223,5,1,"Scrape event data from Luma, a platform for discovering and sharing events worldwide. This actor allows you to extract detailed information about events. Customize your search by selecting specific event categories and cities to target the most relevant events for your needs"
"Justdial Business Scraper - Phone, Email, Address & Leads",Muhamed Didovic,https://apify.com/memo23/justdial-business-scraper?fpr=youssef,email-finders,44,211,5,1,"Scrape Justdial business listings - name, decoded phone, WhatsApp, email, full address, GPS, rating, reviews, category, working hours, year & turnover. Search by category + city, or paste listing/business URLs. Auto-handles Justdial's block. JSON, CSV or Excel out"
Y Combinator Scraper,Michael G,https://apify.com/michael.g/y-combinator-scraper?fpr=youssef,email-finders,43,1625,5,35,"Extract startup leads, founder emails, LinkedIn profiles, hiring data, and more from YC companies and founders. Export scraped data, schedule via API, and integrate with other tools or AI workflows"
GLASSDOOR: Reviews &Jobs &Interviews&Locations &Salary&Overview,Muhamed Didovic,https://apify.com/memo23/apify-glassdoor-reviews-scraper?fpr=youssef,jobs-hiring-signals,43,951,4.5,21,"Glassdoor scraper that bypasses the 200-result review cap, no login needed. Reviews with sub-ratings, pros/cons & employer replies, plus jobs, interview questions, salary bands, benefits & company overviews. Monthly rental, pure HTTP. PPE version: memo23/glassdoor-scraper-ppr"
Instagram Profile Scraper (Cheaper),Data Doping,https://apify.com/datadoping/instagram-profile-scraper?fpr=youssef,social-leads,43,912,5,3,"For extract full Instagram profile data, including public email, followers, following, bio, posts, channels, and external links - with full API support, scheduling, and easy export options. Note: Free tier users can only scrape 100 profiles in total"
Fast YouTube Playlist Scraper API | Extract Videos & Metadata,API Dojo,https://apify.com/apidojo/youtube-playlist-scraper?fpr=youssef,social-leads,43,624,5,7,"The ultimate solution for detailed YouTube playlist information. Enjoy unmatched speed and thoroughness in both search and direct video retrieval from playlists. Additionally, it's remarkably cost-effective at !"
Zillow Scrape: Address/URL/ZPID,ONE API,https://apify.com/one-api/zillow-scrape-address-url-zpid?fpr=youssef,other-lead-sources,43,486,1,1,Get Zestimates from the property address/zpid/url. Each row gets scraped in less than 1 second !
Naver Map Search Results Scraper,Zebu Data,https://apify.com/delicious_zebu/naver-map-search-results-scraper?fpr=youssef,email-finders,43,376,4.9,42,"Scrape Naver Map business listings by keyword or URL: names, categories, ratings, reviews, phone numbers, addresses, coordinates, hours, menus and more. A fast, no-code Naver Place API alternative"
"Meta Ad Library Scraper - All Placements, Filters",Automation Craft,https://apify.com/automation_craft/meta-ads-library-scraper?fpr=youssef,social-leads,43,69,5,5,"Search the whole Meta Ad Library, Facebook, Instagram, Messenger, Audience Network, WhatsApp and Threads, by keyword, advertiser page, ad ID or pasted URL. Every website filter, a free total count, hard caps on delivered ads and a memory that returns only new ads. JSON, CSV, Excel, API, schedules"
Mobile.de Scraper,3x1t,https://apify.com/3x1t/mobile-de-scraper?fpr=youssef,other-lead-sources,42,773,5,7,"Effortlessly scrape car data from Germany's largest vehicle marketplace, Mobile.de. Get access to millions of entries of cars, motorbikes, etc. across Europe. Fast, cheap & reliable. Rental version for larger use cases"
Email Pattern Finder - Discover Company Email Formats,Ryan Clinton,https://apify.com/ryanclinton/email-pattern-finder?fpr=youssef,email-finders,42,727,1,1,"Detect the email naming convention any company uses (first.last, flast, first_last, etc.) from public sources - website, GitHub, WHOIS, and Hunter.io. Generate verified email addresses for any person. Bulk domain processing"
TikTok Comment (Replies) Scraper,xtdata,https://apify.com/xtdata/tiktok-comment-scraper?fpr=youssef,social-leads,42,625,5.0,4,"TikTok Comment Scraper: Fasest and Stablest. Retrieve TikTok comments, replies with speed and efficiency. No Proxy Needed"
"Instagram Engagers | Likes & Comments | No Login, No Cookies",Scraping Solutions,https://apify.com/scraping_solutions/instagram-engagers-likes-and-comments-no-cookies?fpr=youssef,social-leads,42,506,4.2,4,"Extract public Instagram likes or comments from multiple posts and Reels without login or cookies. Export structured engager profiles and comment data to JSON, CSV, or Excel for audience research, campaign analysis, lead generation, and automation"
Leads Scraper Emails like Apollo,Mando,https://apify.com/amr-mando/lead-finder?fpr=youssef,email-finders,41,2660,3.7,37,"Emails & Linkedin & Description and way more... Like Apollo, Zoominfo, Lusha, Crunchbase"
Google Jobs Scraper,epctex,https://apify.com/epctex/google-jobs-scraper?fpr=youssef,jobs-hiring-signals,41,1688,2.9,13,"The most comprehensive Google Jobs Scraper ever! Extremely configurable, highly customizable, and blazing fast. Retrieve salary, social links, apply links, and all detailed sections. Both for data retrieval and API Integration. Easy use without any limits!"
Alibaba Listings Scraper,FalconScrape,https://apify.com/piotrv1001/alibaba-listings-scraper?fpr=youssef,other-lead-sources,41,665,5,3,"The Alibaba Listings Scraper extracts paginated product results from Alibaba based on a search query, capturing product titles, prices, images, URLs, discounts, delivery estimates, ratings, and reviews - ideal for market research and supplier analysis"
Glassdoor Reviews Scraper,GetDataForMe,https://apify.com/getdataforme/glassdoor-reviews-scraper?fpr=youssef,jobs-hiring-signals,41,642,4.0,6,"Extract authentic employee reviews from Glassdoor to uncover insights into company culture, compensation, and work-life balance. Supports keyword searches, handles up to 5000 reviews, and delivers structured JSON output. Perfect for HR, research, and competitive intelligence"
"ZipRecruiter Jobs Scraper | Salary, Company & Location Filters",SilentFlow,https://apify.com/silentflow/ziprecruiter-scraper-ppe?fpr=youssef,jobs-hiring-signals,41,254,,0,"Pay-per-event ZipRecruiter scraper. Extract job titles, salaries, companies, locations, descriptions, and apply links across 13 countries. Search by keyword, filter by job type, posting date, and salary range. Get 50+ clean fields per job including company profile, GPS coordinates, and benefits"
LinkedIn Profile Data Extractor (No Cookies Required),Swarm Garden,https://apify.com/swarmgarden/linkedin-profile-data-extractor?fpr=youssef,linkedin,41,229,5,1,"Extract LinkedIn profile and company information without cookies or login. Fast, reliable data extraction for profiles, work history, education, skills, and company details"
Instagram Related Profiles Scraper,Seemu Scraping,https://apify.com/seemuapps/instagram-related-profiles-scraper?fpr=youssef,social-leads,41,222,,0,"Find Instagram accounts similar to any public profile using Instagram's own suggested-for-you graph. Returns up to 80 related accounts per seed, with optional depth-2 expansion"
"IrishJobs.ie Scraper - Ireland Job Listings, Salary",Black Falcon Data,https://apify.com/blackfalcondata/irishjobs-scraper?fpr=youssef,jobs-hiring-signals,41,152,5,1,"Scrape Ireland's irishjobs.ie for structured job data including salary range, skills, and employment type. Incremental mode tracks new and changed jobs across runs via a stable stateKey. Filter by Irish county or a radius around any city"
LinkedIn Company Posts Scraper,Khadin Akbar,https://apify.com/khadinakbar/linkedin-company-posts-scraper?fpr=youssef,linkedin,41,57,,0,"Scrape public LinkedIn company posts by company page URL, with post text, date, reactions, comments, media and company profile details. No user cookies or LinkedIn login needed"
LinkedIn Profile Enricher EMAILS Apollo | LinkedIn Profile,Peaky Dev,https://apify.com/peakydev/leads-scraper?fpr=youssef,email-finders,40,3623,4.8,49,"LinkedIn profile enricher with verified Phone Work Emails - Similar to Apollo, ZoomInfo, Lusha, LinkedIn"
Enrich Google Maps Dataset with Contacts,Compass,https://apify.com/compass/enrich-google-maps-dataset-with-contacts?fpr=youssef,google-maps,40,1869,3.1,9,"Enrich Google Maps Dataset with Contacts. Scrape websites of Google Maps places for contact details and get email addresses, website, location, address, zipcode, phone number, social media links. Export scraped data, run the scraper via API, schedule and monitor runs or integrate with other tools"
Job Search,TrueFetch,https://apify.com/truefetch/job-search?fpr=youssef,jobs-hiring-signals,40,1018,5,4,"Job Search is a job search API for 42 sources that returns 41 normalized job, salary, company, application, and public contact fields. One input can combine compatible sources for the selected country"
Facebook Group Members Scraper,EasyApi,https://apify.com/easyapi/facebook-group-members-scraper?fpr=youssef,social-leads,40,863,2.1,7,"Extract Facebook group members' data including profile information, contribution scores, and membership details. Perfect for social media analysis, community insights, and member engagement tracking"
Reddit Scraper,Scrape Smith,https://apify.com/scrapesmith/reddit-scraper?fpr=youssef,social-leads,40,165,5,1,"Scrape Reddit posts, comments, and user profiles without API keys or login. Extract from any subreddit, keyword search, or post URL. No rate limits"
Email Verifier & Validator|0.85$/1k - Bulk Email No API,Mohammad Palekar,https://apify.com/blessiticus/email-verifier-pro?fpr=youssef,email-finders,40,157,5,13,"Verify email addresses in bulk with real SMTP checks. Detect disposable, role-based, and catch-all emails. CSV upload, live progress, smart retries. Cheapest full-SMTP verifier on the Store. No API key required!"
Secretary of State Business Entity Search + UCC Liens - KYB,Scott Helvick,https://apify.com/shelvick/business-entity-lien-search?fpr=youssef,other-lead-sources,40,68,,0,"Secretary of State (SOS) business registry search, 44 states + DC incl. Sunbiz: company registration lookup, company lookup by name. Look up company registration, registered agent, company officers lookup, UCC liens (28 states), UCC search by debtor name. Verify a business: KYB business verification"
"B2B Sales Triggers - Hiring Surge, Funding, Press, Exec Changes",Seibs.co,https://apify.com/seibs.co/b2b-sales-triggers?fpr=youssef,b2b-databases,40,66,,0,"B2B intent data aggregator. For a list of target companies, computes: hiring surge (LinkedIn delta), funding rounds, press mentions, executive changes, tech stack adoption, recent patent filings, customer mentions. Composite trigger score per company. For SDR teams"
LinkedIn Hiring Intent Monitor,furkan beydemir,https://apify.com/beydemirfurkan/discover-web-tools?fpr=youssef,linkedin,40,65,,0,"Monitor company hiring intent signals for lead generation and sales prioritization. Supports MVP mode and live Crawlee extraction with LinkedIn-oriented parsing, normalized output records, and reliability metrics"
Facebook Profile Scraper,Lazy Scraper,https://apify.com/lazyscraper/facebook-profile-scraper?fpr=youssef,social-leads,39,1255,2.6,8,"This tool efficiently extracts public profile data from specified Facebook accounts, including: Email addresses (if publicly listed) 、Bio、User ID、Profile URL. Key Advantage: For public profiles, it delivers accurate follower/fan counts - a critical metric most competitors fail to provide reliably"
SimilarWeb Scraper,Ecomdate Tech,https://apify.com/ecomdate/similarweb-scraper?fpr=youssef,enrichment-verification,39,232,4.8,3,"Scrape SimilarWeb website analytics in bulk, including traffic, rankings, categories, top countries, screenshots, tags, and similar sites. Ideal for SEO research, competitor analysis, and lead scoring. Supports pay-per-event pricing and large domain lists"
"Creator Leads Scraper: YouTube TikTok Creator Emails, Instagram",Flash Scrape,https://apify.com/flash_scraper/creator-leads-scraper?fpr=youssef,email-finders,39,68,5,2,"Influencer email finder for creator outreach. Keywords make it a YouTube influencer finder and YouTuber email finder for YouTube creator emails; handles add TikTok leads and Instagram influencer emails, all in one run. YouTube email finder tool: followers, lead score, best public email, MX-checked"
Facebook Email Scraper,bhansalisoft,https://apify.com/bhansalisoft/facebook-email-scraper?fpr=youssef,email-finders,38,2160,5.0,4,"Facebook Email Scraper and Extractor to find available emails by keyword, location and domain. Extract Facebook data for lead research"
Google Maps Scraper,SolidCode,https://apify.com/solidcode/google-maps-scraper-2-5-per-1-000-results?fpr=youssef,google-maps,38,1169,4.8,10,"[ ] Scrape Google Maps search results at scale. Extract business names, addresses, phone numbers, websites, ratings, reviews count, opening hours, photos, popular times, and 30+ data points for any search query and location worldwide"
Facebook Pages Details,Jan Danecki,https://apify.com/danek/facebook-pages-details-rental?fpr=youssef,social-leads,38,701,5,1,Scrap Facebook pages fast and easy. Extract all contact information and other details in no-time!
"Jobs Board Scraper: Indeed, Reed, Adzuna, RemoteOK & More",Doggo,https://apify.com/doggo/uk-jobs-board-scraper?fpr=youssef,jobs-hiring-signals,38,408,5,2,"Scrape job listings from Indeed, Reed, Totaljobs, CV-Library, Adzuna, RemoteOK, Arbeitnow and more across the UK, US and Europe. Export title, company, location, salary, description and apply URL. Filter by keyword and location. CSV, JSON, Excel"
"LinkedIn Company Scraper | 12 Fields, No Login or Cookies",The Mine Works,https://apify.com/themineworks/linkedin-company-details?fpr=youssef,linkedin,38,58,,0,"Scrape public LinkedIn company pages with no login or cookies. Get name, industry, size, HQ, founded, website, followers, specialties.. MCP ready"
Product Hunt Scraper with Founders & Emails,Fatih Tahta,https://apify.com/fatihtahta/product-hunt-scraper-fast-reliable-4-1k?fpr=youssef,email-finders,37,484,4.2,8,"Extract structured Product Hunt launches with founders, emails, votes, comments, topics, websites, social media and more. Built for enterprise-grade startup intelligence, founder discovery, market analysis, and automated lead enrichment or analytics pipelines"
Exhibitor List Scraper - All-In-One,Skython,https://apify.com/skython/exhibitor-list-scraper?fpr=youssef,directories,37,396,5.0,5,"Trade Show and Exhibitor Directory Scraper - Extract exhibitor lists from 20+ trade show platforms - Map Your Show, Koelnmesse, Messe Frankfurt, Messe Düsseldorf, Xporience, Nürnberg Messe, Reed Expo, Messe Berlin, Messe Stuttgart, and more. Collect company details, social links and contact persons"
Google Ads Transparency Leads Scraper [Download assets],Muhamed Didovic,https://apify.com/memo23/google-ad-transparency-scraper-cheerio?fpr=youssef,other-lead-sources,37,323,5,6,"Google Ads Transparency Center scraper: every ad an advertiser ran, by region, format and date, with variations, landing domains and previews. Ads download saves images, videos and previews to your key-value store, with a size cap"
LinkedIn Scraper,Arben Sabani,https://apify.com/sabania/linkedin-scraper?fpr=youssef,linkedin,37,156,,0,"All-in-one LinkedIn scraper: profiles, jobs, posts, and companies. No cookies, no login required. Rich data: experience, skills, job descriptions, salary, reactions. Chrome TLS fingerprint + residential proxy. Lightweight HTTP-only, 256MB"
Google Maps Lead Finder (Filters & Executive Emails),NoSite,https://apify.com/am_production/google-maps-lead-finder?fpr=youssef,google-maps,37,119,5,6,"Scrape Google Maps by location + keyword, filter with static rules (rating, reviews, category, contact requirements), then enrich with business emails and decision-maker contacts (name, title, MX-validated email, LinkedIn)"
"Multi Job Board Scraper: LinkedIn, Indeed, Glassdoor + Dedup",Flash Scrape,https://apify.com/flash_scraper/multi-jobboard-scraper?fpr=youssef,linkedin,37,91,5.0,4,"LinkedIn, Indeed, Glassdoor scraper and job board aggregator: one search, up to 12 boards including The Muse job board, one row per role. Job search aggregator and job scraper tool for new job postings data; scheduled job monitoring for LinkedIn job alerts. Multi source job scraper, no API key"
LinkedIn Scraper,Jamshaid Arif,https://apify.com/moving_beacon-owner1/linkedin-scraper?fpr=youssef,linkedin,37,78,,0,"This Apify actor scrapes LinkedIn public pages in five modes: - Job results (title, company, location, date, URLs) - Full job posting details (description, seniority, type) - Public profile JSON (name, headline, experience, education, skills) - LinkedIn Pulse article body and metadata"
Craigslist Scraper,Gen First,https://apify.com/ivanvs/craigslist-scraper?fpr=youssef,jobs-hiring-signals,36,1077,5,1,"Extract data from classified advertisements on Craigslist. Scrape details from jobs, housing, items wanted, items for sale, services, community service, gigs, events and resumes listed on Craigslist. Download listings data in JSON, XML, Excel, and other versatile"
Email Verifier I Free To Use,Fatih Tahta,https://apify.com/fatihtahta/email-verifier-free-to-use?fpr=youssef,email-finders,36,507,5,2,"Clean your email lists with this fast, free email verifier and validator. This actor provides fast deliverability checks to slash bounce rates, protect your sender reputation, and improve marketing campaign performance"
Google Maps Scraper,Imad,https://apify.com/damilo/google-maps-scraper?fpr=youssef,google-maps,36,423,4.9,5,"Scrape business listings from Google Maps by keyword and location. Extract names, addresses, phone numbers, websites, ratings, coordinates, and more - perfect for lead generation, local SEO, and competitor research"
Immoweb.be Scraper Estate API,Azzouzana,https://apify.com/azzouzana/immoweb-be-mass-scraper-by-search-url?fpr=youssef,other-lead-sources,36,321,5,4,"be Scraper | PropTech Data extraction via search URL. Scrape: price, sqm, rooms, bedrooms, charges, construction year, balcony, garage, photos, contacts & much more! Export JSON, CSV, Excel. Cost-effective tool for real estate market analysis in Belgium"
"Monster Job Scraper - 1M+ US Listings, Salary & Remote",Black Falcon Data,https://apify.com/blackfalcondata/monster-scraper?fpr=youssef,jobs-hiring-signals,36,258,5,1,"Scrape monster.com - one of the largest U.S. job boards with 1M+ listings. Geo-tagged locations, remote work detection, and job change monitoring. Incremental mode detects new and changed listings. Scheduled runs return only what changed since the previous run"
ImmoScout24 ImmobilienScout24 Scraper (API) Pro - 50+ Felder,ClearPath,https://apify.com/clearpath/immoscout24-api-pro?fpr=youssef,social-leads,36,237,,0,"Über 1.000 ImmoScout24-Inserate pro Minute mit 50+ Datenfeldern: Maklerkontakte, Telefonnummern, Preise, Investment- & Energiedaten, Grundrisse & Bilder. Wohnungen, Häuser & Gewerbe zum Mieten und Kaufen, deutschlandweit. Monitor-Modus mit Telegram-Alerts. Export als CSV, JSON oder Excel"
Instagram Lookalike Search,Data Over Coffee,https://apify.com/dataovercoffee/instagram-lookalike-search?fpr=youssef,social-leads,36,225,5,3,Lookalike Instagram creators + search IG engagement stats from 150M+ influencers
Linkedin Company Scraper Bulk (No Cookies),Goldmine,https://apify.com/logical_scrapers/linkedin-company-scraper-pro?fpr=youssef,linkedin,36,200,5,1,"() LinkedIn company scraper. Pull unlimited number enriched company profiles in under 10 minutes. Company name, address, description, employee count, logo URL, website, industry, company size/type, headquarters, founding year, specialties, similar/affiliated pages, stock info and more"
"LinkedIn Post Search Scraper | Keywords, Hashtags & Profiles",SilentFlow,https://apify.com/silentflow/linkedin-posts-scraper-ppr?fpr=youssef,linkedin,36,196,,0,"Search LinkedIn posts by keyword or hashtag and export the full text, author, reactions, comments, images and posting date. Also works from a profile or a company page, or from exact post links you already have. No login and no cookies needed, in any language LinkedIn publishes and country"
Company | Organization Leads Finder similar to Apollo Linkedin,Brave Leads,https://apify.com/braveleads/company-organization-finder-apollo-linkedin?fpr=youssef,linkedin,36,109,5,14,"Filter by industry, revenue, size, and more. Built to match the depth of Apollo, LinkedIn, and ZoomInfo"
Linkedin Company Details Scraper,Hamza,https://apify.com/apt_marble/linkedin-company-details?fpr=youssef,linkedin,36,69,5,1,"Extract detailed data from LinkedIn company profiles at scale - including company name, LinkedIn URL, website, industry, headquarters, company size, employee count, founded year, specialties, follower count, description, phone numbers, addresses, and more"
"LinkedIn Company Scraper - No Login, No Cookies",Logiover,https://apify.com/logiover/linkedin-company-scraper?fpr=youssef,linkedin,36,53,,0,"Scrape LinkedIn company firmographics without login or cookies. Export company data to CSV/JSON - headcount, industry, HQ, followers, website & logo"
Fiverr Listings Scraper,FalconScrape,https://apify.com/piotrv1001/fiverr-listings-scraper?fpr=youssef,other-lead-sources,35,625,5,2,"Scrape Fiverr search results and gig pages: titles, sellers, ratings, prices, plus full Basic/Standard/Premium package comparison with delivery times, revisions, features and paid extras"
Leboncoin Scraper Ppe,SilentFlow,https://apify.com/silentflow/leboncoin-scraper-ppr?fpr=youssef,email-finders,35,437,5.0,2,"Scrape Leboncoin classified ads with pay-per-result pricing. Extract prices, full descriptions, seller phone numbers and GPS coordinates from France's largest marketplace. Covers real estate, cars, jobs, fashion and electronics. Pay only for ads successfully scraped, residential proxies included"
"Linktree, Beacons & Bio Email Scraper: Extract Leads",Ahmed Jasarevic,https://apify.com/ahmed_jasarevic/linktree-beacons-bio-email-scraper-extract-leads?fpr=youssef,email-finders,35,262,5,3,"Turn Linktree, Beacons and Bio URLs into real Email Leads. Scrape contact info, social handles, and affiliate links from Linktree, Beacons and influencers profiles automatically"
Gumtree [AUS-UK-NZ-SA] Search By URL or Keywords,Muhamed Didovic,https://apify.com/memo23/gumtree-cheerio?fpr=youssef,other-lead-sources,35,242,5,9,"extract detailed listings including pricing history, seller info, vehicle specs (VIN, mileage, condition), electronics details, and furniture dimensions. Get rich media (images, videos), location data, and competitor analysis"
"Pige Immo FR: 20 Portals, Address + Price Tracking",Walid,https://apify.com/dltik/pige-immo-fr-scraper?fpr=youssef,other-lead-sources,35,173,5,3,"Scrape 20 French real estate portals in one run: Leboncoin, SeLoger, PAP, iad, Orpi, Century 21, Foncia, Capifrance, SAFTI and more. Resolve the exact address of anonymized listings, track price drops and days on market, flag under-priced sellers. For agents, pige and CRM prospecting"
Email Extractor,Gordian,https://apify.com/gordian/email-extractor?fpr=youssef,email-finders,34,969,1.1,3,Find and extract email addresses from any website in seconds. This actor will crawl entire websites and return all emails after validation. Easy to use and extremely fast
OnlyFans Discovery Scraper,DeepMine,https://apify.com/deepmine/onlyfans-discovery-scraper?fpr=youssef,social-leads,34,471,5,2,"Discover and collect OnlyFans model profiles by keyword or niche. Export creator data and engagement statistics: pricing, likes, photo and video counts, plus social media links to Instagram, TikTok, X and Fansly"
"iHerb Scraper: Search, Products, Reviews & Monitor",Sage,https://apify.com/vaunted/iherb-scraper?fpr=youssef,other-lead-sources,34,255,,0,"The ultimate iHerb API. Supports 4 modes: Search, Product Details, Reviews, and Real-Time Price Monitoring. Extract ingredients, nutrition, and stock status for 188 countries. No monthly fees - pay only for what you scrape"
"Bayt Jobs Scraper - MENA Salaries, Emails & 49 Filters",Muhamed Didovic,https://apify.com/memo23/bayt-scraper?fpr=youssef,email-finders,34,155,5,6,"Scrape Bayt.com - the Middle East's largest job board - across UAE, Saudi Arabia, Qatar, Egypt and more. Search by keyword, location, industry, career level or salary with 49 filters. Structured salaries, recruiter emails and phones, incremental runs and Slack/Telegram alerts"
LinkedIn Company Posts Scraper No Login Required,VulnV,https://apify.com/vulnv/linkedin-company-posts?fpr=youssef,linkedin,34,61,,0,"Collect all posts published by any public LinkedIn company page - post text, engagement metrics, media, and author details. Just provide company slugs or URLs. No login or cookies required"
LinkedIn Company Data Scraper API,Jamshaid Arif,https://apify.com/moving_beacon-owner1/my-actor-7?fpr=youssef,linkedin,34,57,,0,"Scrape company profiles, industries, employees, and more with scalable concurrency and anti-blocking proxy support"
Company Data Scraper (B2B Lead Gen),Syed Rupom,https://apify.com/rupom888/company-data-scraper?fpr=youssef,b2b-databases,34,51,,0,"Scrape company information for B2B lead generation from public sources. Input company names or domains to get: employee count, industry, founded year, revenue estimates, social profiles, technologies used, headquarters, and key contacts. Uses Clearbit, LinkedIn, Crunchbase, and public data"
Fast Twitter List Scraper API | Extract Tweets & Members,API Dojo,https://apify.com/apidojo/twitter-list-scraper?fpr=youssef,social-leads,33,1086,5,9,"Discover the Twitter (X) List Scraper you've been looking for! Find the ultimate tool for extracting Tweets List from X / Twitter! It offers unparalleled speed and comprehensiveness, ensuring lightning-fast extraction of Tweets"
Facebook Comments PPR,Jan Danecki,https://apify.com/danek/facebook-comments-ppr?fpr=youssef,social-leads,33,943,4.0,4,"Scrap Facebook comments fast and easy. It is designed to be fast and efficient, so it can extract a large number of comments for low price. It is also less likely to be blocked by Facebook"
Sherlock Scraper,Crawler Bros,https://apify.com/crawlerbros/sherlock-scraper?fpr=youssef,enrichment-verification,33,896,5,1,Search for usernames across 400+ social networks and websites. Find all social media accounts linked to a username using the Sherlock OSINT tool
Instagram Email Scraper,exporter24,https://apify.com/exporter24/instagram-email-scraper?fpr=youssef,email-finders,33,601,3.0,3,Extract the email address of given instagram profile link
Spitogatos.gr Scraper: Greek Property Listings & Agent Phones,Youssef Farhan,https://apify.com/fayoussef/spitogatos-scraper?fpr=youssef,ellada-kypros,33,310,5,5,"Scrape real estate listings and Agents from Spitogatos.gr in both English and Greek. Collect prices, photos, location, and more. Easy setup, fast results, ready for Excel, JSON, or API integration"
MCA India Company & Director Data Scraper: Email & Phone Leads,Factden,https://apify.com/factden/mca-company-director-scraper?fpr=youssef,email-finders,33,121,5,4,"Scrape India MCA company and director data(including phone and email) by CIN, DIN, company name, or industry + state. Company master, board of directors, directorships, status, and the company public email. Structured JSON/CSV. B2B company data and lead lists"
LinkedIn Company Data Extractor (No Cookies Required),Swarm Garden,https://apify.com/swarmgarden/linkedin-company-data-extractor?fpr=youssef,linkedin,33,100,,0,"Extract LinkedIn company information without cookies or login. Fast, reliable data extraction for company details, employee count, industry, and more"
LinkedIn Company Scraper - Firmographics & B2B Leads,Scrape Sage,https://apify.com/scrapesage/linkedin-company-scraper?fpr=youssef,linkedin,33,67,,0,"Scrape public LinkedIn company pages by URL, slug, numeric ID, domain or name. Get name, industry, company size, employee count, followers, website, HQ address, specialties, founded year, type, logo & latest post - plus a lead score and only-new monitor mode"
TikTok Location Scraper,API Dojo,https://apify.com/apidojo/tiktok-location-scraper?fpr=youssef,social-leads,32,2533,5,8,"The fastest and cheapest TikTok Location Scraper - extract geo-tagged posts at 400-600 posts/sec for. Retrieve any location-tagged TikTok video, post, creator profile, and engagement data instantly with a reliable, proxy-free setup"
Local Lead Generation Agent,Apify,https://apify.com/apify/local-lead-generation-agent?fpr=youssef,email-finders,32,1559,4.3,3,"Find truly local leads by scraping Instagram profiles based on search queries. Extract website links, contact details, emails, social media details. The AI agent matches and scores leads using LLMs via LangChain, explains scoring, and compiles the data into a common dataset for easy access and use"
Facebook Search Scraper,Sachin Kumar Yadav,https://apify.com/igview-owner/facebook-old-posts-search?fpr=youssef,social-leads,32,853,4.8,3,"Search Facebook posts in seconds. Find viral posts, photos and videos by keyword, date range and engagement - perfect for research, content ideas, brand monitoring and sentiment analysis"
TikTok Search Scraper (free-watermark videos),Novi,https://apify.com/novi/tiktok-search-api?fpr=youssef,social-leads,32,593,5,2,"TikTok Search Scraper helps exploring, discovering, and analyzing TikTok content with ease. Gain valuable insights and optimize your marketing efforts. Provides no-watermark download link"
Crunchbase Companies Bulk Scraper No Cookies,Pratik Dani,https://apify.com/pratikdani/crunchbase-companies-bulk-scraper-no-cookies?fpr=youssef,b2b-databases,32,590,1,3,"The Crunchbase Companies Overview Actor is a powerful tool that extracts comprehensive company information from Crunchbase URLs. It provides detailed insights about companies including their basic information, financial data, social presence, web traffic statistics, and technological stack"
Realtor Agent Leads Scraper,Brave Leads,https://apify.com/braveleads/realtor-real-estate-agent-leads-scraper?fpr=youssef,email-finders,32,473,5.0,36,Affordable way to pull real estate agents from Realtor.com with emails and phone number just like from apollo linkedin and other sources
BBB Advanced Scraper,FalconScrape,https://apify.com/piotrv1001/bbb-advanced-scraper?fpr=youssef,directories,32,404,4.4,2,"Extract business leads from the Better Business Bureau (BBB): names, ratings, accreditation, phones, addresses and categories. Search many keywords across many cities or ZIP codes in one run, with duplicates removed"
Instagram Following - No Cookies Required,DataFusionX,https://apify.com/devil_port369-owner/instagram-following?fpr=youssef,social-leads,32,333,5,3,"The Instagram Following Scraper extracts following profile data from a public Instagram account. Ideal for influencer marketing, audience analysis, and business intelligence. Safe API rates ensure account protection while providing valuable insights"
Instagram Reels Scraper,Hpix,https://apify.com/hpix/ig-reels-scraper?fpr=youssef,social-leads,31,2071,4.9,9,"Scrape Instagram Reels, Profiles and Posts efficiently and reliably"
Email Domain Scraper - Find Emails by Domain From Any Website,SR,https://apify.com/s-r/free-email-domain-scraper?fpr=youssef,email-finders,31,1834,5.0,2,"Enter up to 10 company domains or website URLs and get the email addresses published for each one: one row per address with its domain, ready for CSV, Excel or JSON. For lead generation, outreach lists and finding press, sales or support contacts. You only pay per email found"
Facebook Search - Legacy,Jan Danecki,https://apify.com/danek/facebook-search-rental?fpr=youssef,social-leads,31,1703,4.6,6,Please migrate into https://apify.com/danek/facebook-search-ppr
Tiktok Profile Scraper,karamelo,https://apify.com/karamelo/tiktok-profile-scraper?fpr=youssef,social-leads,31,896,2.5,2,"Extract 1000s of TikTok profile scraper data in minutes! from a list of usernames or URLs. Get TikTok profile followers count, following count, likes hearts count, bio, video count, and much more data. Export TikTok profile to JSON, CSV, Excel, XML... Automate your TikTok analysis!"
Map Your Show Exhibitor List Scraper,Skython,https://apify.com/skython/map-your-show-exhibitor-list-scraper?fpr=youssef,b2b-databases,31,621,5,4,"Extract complete exhibitor lists from any Map Your Show trade show - AAPEX, Pack Expo, CES, RE+, IBC, NACS Show, and more. Collect company details, social media links, and contact persons for B2B lead generation, sales prospecting, and event networking"
"Instagram Followers & Following Scraper - Lists, No Login",Andrey Afanasenko,https://apify.com/afanasenko/instagram-followers-scraper?fpr=youssef,social-leads,31,413,,0,"Download Instagram followers and following lists from any public account. Every profile returns emails, bio links, engagement rate, business category and language - 20+ fields, with 12 filters to keep only the accounts you want. No login needed. Export to CSV, JSON or Excel"
Facebook Groups Search Scraper (No Login),Muhamed Didovic,https://apify.com/memo23/facebook-search-groups-scraper?fpr=youssef,social-leads,31,269,1,2,"Find Facebook groups by keyword without login, cookies or a browser. Get group name, URL, exact member count, public/private, posts per day and month, creation date, description, tags, location and rules"
LinkedIn Post Reactions Scraper NO COOKIES,Atomus APIs,https://apify.com/atomus/linkedin-reactions-scraper-pro?fpr=youssef,linkedin,31,205,4.7,4,"Scrape LinkedIn post reactions to see who reacted: name, headline, profile URL, reaction type (like, celebrate, support, love, insightful, funny), and timestamp. No LinkedIn account or cookies needed. Auto-paginates the full reactions list and handles up to 1,000 posts per run"
LinkedIn Company URL - Mass Profile Finder,Anchor,https://apify.com/anchor/LinkedIn-company-url-finder?fpr=youssef,linkedin,30,5343,4.8,25,"Search for LinkedIn company pages based on a company name. Upload a CSV list of company names, and get their LinkedIn company URLs via API or manual export. Automate with schedules, n8n & others tools. Try for free the best bulk tool to find LinkedIn company URLs !"
Crunchbase Search Scraper,Curious Coder,https://apify.com/curious_coder/crunchbase-scraper?fpr=youssef,b2b-databases,30,3397,4.0,15,"Scrape Crunchbase companies, people, investors, acquisitions, etc from Crunchbase search results"
Google Maps Email Extractor,PoiData,https://apify.com/poidata/google-maps-email-extractor?fpr=youssef,google-maps,30,2501,1.9,11,"Quickly collect all business details, including emails, phone numbers, and social media links from Google Maps listings and their websites. Export data as JSON or CSV. Run via API, schedule runs, or integrate with your tools"
Twitter (X) Email Scraper | No Login Needed,Hundevmode Labs,https://apify.com/x_guru/twitter-email-scraper?fpr=youssef,email-finders,30,558,5,4,"Twitter email scraper | Extract verified emails from Twitter profiles - ultra-fast, no login or API keys required. Fast & reliable Verified business emails only Works without login or auth Up to 1,000,000 results per run"
Crunchbase Scraper Pro,VulnV,https://apify.com/vulnv/crunchbase-scraper-pro?fpr=youssef,b2b-databases,30,482,5.0,2,"Professional Crunchbase company data scraper. Extract comprehensive business intelligence including funding rounds, leadership teams, contact information, financial metrics, and company details. Enter any Crunchbase company URL to get structured JSON data"
Company Career Page Scraper,FalconScrape,https://apify.com/piotrv1001/company-career-page-scraper?fpr=youssef,jobs-hiring-signals,30,448,,0,"Give it any company URL - it finds the career page, detects the ATS and pulls every open role from the source: Greenhouse, Lever, Ashby, Workday, Oracle HCM, SmartRecruiters, Workable. 33 fields with the real apply URL, posting date and filters, plus AI-extracted skills and salary"
Instagram Email & Phone Extractor - IG Leads Scraper,Aditya,https://apify.com/astounding_stork/instagram-email-phone-extractor-ig-leads-scraper?fpr=youssef,email-finders,30,361,5,2,"Bulk-check Instagram usernames → get contact details. Get: Email + Phone (when available), plus basic profile data (name, bio, followers, verification). Best for fast, low-cost, high-quality leads & bulk checks. #1 Instagram Email & Phone Scraper"
BuiltIn Jobs Scraper,Shahid Irfan,https://apify.com/shahidirfan/BuiltIn-Jobs-Scraper?fpr=youssef,jobs-hiring-signals,30,227,5.0,6,"Scrape Built In jobs at scale with structured, ready-to-use data. Extract job titles, companies, locations, salaries, descriptions, employment details, and job URLs. Ideal for job boards, recruitment research, hiring analytics, lead generation, and career data automation"
Propertyfinder Scraper | MENA Real Estate Extractor,Azzouzana,https://apify.com/azzouzana/propertyfinder-ads-search-results-pages-scraper?fpr=youssef,other-lead-sources,30,208,5.0,2,"Listings Scraper: Buy, Rent & New Projects listings across UAE, KSA, Egypt, Qatar & Bahrain to CSV/JSON. Extract regional real estate data, prices, developers & agent leads via Search URL. Built for international investors & agencies"
LinkedIn Profile Scraper + Email No Cookies,Leadsman,https://apify.com/leadsman/linkedin-profile-scraper?fpr=youssef,email-finders,30,93,5,6,"Extract detailed information from LinkedIn profiles in bulk, including complete work experience, education history, skills and more. No cookies or account required"
Social Media Leads Analyzer,Apify,https://apify.com/apify/social-media-leads-analyzer?fpr=youssef,email-finders,29,1416,4.6,6,"Add a website and extract emails, phone numbers, and social media details. Use this lead scraper to extract basic social media profile data from 8 platforms. Export results in JSON, CSV, HTML, use APIs, schedule runs, build integrations, and more"
All-in-One Social Media Phone Number Scraper,EasyApi,https://apify.com/easyapi/all-in-one-social-media-phone-number-scraper?fpr=youssef,email-finders,29,972,5,3,"Discover phone numbers across 30+ social platforms! Extract contact info from Facebook, Twitter, LinkedIn, and more. Perfect for lead gen, influencer outreach, and market research. Fast, efficient, and proxy-enabled. Boost your networking and marketing efforts today!"
Telegram Profile Photo Scraper,akula.marketing,https://apify.com/akula.marketing/Telegram-Get-Username-Photos?fpr=youssef,social-leads,29,655,5,2,"Fetch Telegram profile photo history and user metadata by username. Returns IDs, names, status, premium flags, and signed photo URLs"
Linkedin Company Profile Scraper,ScrapeVerse,https://apify.com/scrapeverse/linkedin-company-profile-scraper?fpr=youssef,linkedin,29,502,4.3,11,"The LinkedIn Company Profile Scraper is a powerful and efficient tool designed to extract valuable information from LinkedIn company profiles with ease. Whether you're a market researcher, sales professional, or just curious about a company's background"
Facebook Group Profile Scraper,EasyApi,https://apify.com/easyapi/facebook-group-profile-scraper?fpr=youssef,social-leads,29,334,1.2,3,"Extract detailed information from Facebook Groups including group stats, admins, moderators, rules, and activity metrics. Perfect for market research, community analysis, and social media monitoring"
"TikTok Profile Scraper - Emails, Followers & Commenters",Andrey Afanasenko,https://apify.com/afanasenko/tiktok-profile-scraper?fpr=youssef,email-finders,29,270,5,1,"TikTok profile scraper: TikTok profile data, no login needed - followers and following lists, video commenters and username enrichment. Every creator profile returns emails, bio links, follower and like counts and video stats: influencer contacts. Export to CSV, JSON or Excel, or run via API"
Google Local API | Local Pack & Business Search SERPs,John,https://apify.com/johnvc/google-local-api?fpr=youssef,other-lead-sources,29,77,5.0,4,"Search Google Local results - the local pack inside Google Search SERPs. Extract businesses with rating, reviews, phone, hours, place_id, GPS coordinates. Country, language, and device targeting. Pay per page. MCP-ready for AI agents"
LinkedIn Company Detail Scraper No Login Required,VulnV,https://apify.com/vulnv/linkedin-company-detail?fpr=youssef,linkedin,29,48,,0,"Extract complete public LinkedIn company data - industry, size, headquarters, specialties, follower count, website, and more - from company slugs or URLs. No login or cookies required"
TikTok Hashtag Analytics,Clockworks,https://apify.com/clockworks/tiktok-ads-scraper?fpr=youssef,social-leads,28,1008,4.8,14,"Scrape TikTok hashtag analytics data. Just add one or more hashtags, and the scraper will extract posts' text, details, country, longevity, audience interests, scores, countries, labels, and age range. Export scraped data, run the scraper via API, schedule runs, or integrate it with other tools"
Instagram Email Bulk Scraper,exporter24,https://apify.com/exporter24/instagram-email-bulk-scraper?fpr=youssef,email-finders,28,869,3.6,2,Extract the email address of given instagram creators in bulk
Fiverr Search Gig Scraper,Sachin Kumar Yadav,https://apify.com/igview-owner/fiverr-scraper?fpr=youssef,other-lead-sources,28,663,5,2,"Extract Fiverr gig data for any keyword in seconds. This scraper searches Fiverr like a buyer and saves gigs, sellers, prices, ratings, and performance metrics into an easy-to-use dataset (JSON / CSV / Excel)"
TikTok Profile Scraper,DataFusionX,https://apify.com/devil_port369-owner/tiktok-profile-scraper?fpr=youssef,social-leads,28,654,5,6,"This tool allows you to scrape detailed user profile data from TikTok. It extracts various data points from user profiles, including user information, statistics, profile email/phone and profile links. This scraper is ideal for social media analysis, marketing strategies, and research"
Startup Investors Data Scraper,John,https://apify.com/johnvc/startup-investors-data-scraper?fpr=youssef,other-lead-sources,28,646,3.2,12,"10,469 investment firms at your fingertips (as of Dec 2025). The most comprehensive startup investor firm database for finding funding and customers. Access detailed firm profiles to accelerate your startup's growth, find customers, and conduct comprehensive market research"
Website Tech Stack Scanner | Website Technology Detector,Khan,https://apify.com/misterkhan/website-tech-stack-scanner?fpr=youssef,enrichment-verification,28,480,5,3,"Scan any website to detect 7,000+ technologies, from CMSs, analytics, and marketing pixels to JS frameworks, CDNs, and hosting. Use it for market research, lead enrichment, and competitor tech profiling at scale"
"Google Maps Scraper API - Emails, Reviews, Photos & Leads",Raven,https://apify.com/pro100chok/google-maps-scraper?fpr=youssef,google-maps,28,198,5,1,"Google Maps scraper and Google Places API alternative: extract business names, phones, websites, hours, ratings and reviews - plus emails and 7 social profiles pulled from each place's website. Bypass Google's 120-place limit. Export JSON, CSV, Excel., no API key"
LinkedIn Ads Scraper,FlowExtract API,https://apify.com/dz_omar/linkedin-ads-scraper?fpr=youssef,linkedin,28,171,5,4,"Extract comprehensive LinkedIn ads data from the Ad Library. Get ad creatives, headlines, copy, advertiser info, and targeting details. Perfect for competitive intelligence, market research, and ad campaign analysis. Supports keyword search, date filtering, and multi-country targeting"
FB Pages Scraper,Dev with Bobby,https://apify.com/devwithbobby/fb-profile-scraper?fpr=youssef,social-leads,27,1064,,0,"Reliable public Facebook Page scraper with quality-gated results, selective rescue, and controlled diagnostics. Personal profiles are best-effort"
G2 Product Scraper,Omkar Cloud,https://apify.com/omkar-cloud/g2-product-scraper?fpr=youssef,directories,27,1001,1.4,6,"G2 Scraper - extract G2 product details, ratings & pricing into structured JSON, plus each product's website, emails, phones & social profiles found by AI. Scrape whole categories too. 240,000+ products, no proxies"
Bulk Lead Scraper + DB Like Apollo,Pipeline Labs,https://apify.com/pipelinelabs/leads-scraper-upto-300k-leads-per-month-like-apollo?fpr=youssef,b2b-databases,27,770,2.7,2,"Find Bulk Leads With Emails, LinkedIn URL, Phone Numbers, & More! Similar to Apollo, ZoomInfo, Lusha. 250+ Million Verified Database!"
LinkedIn Activity Index (LinkedScore),David Emanuel Moreira,https://apify.com/david15999/linkedin-activity-index-linkedscore?fpr=youssef,linkedin,27,448,,0,"Analyze LinkedIn profiles to identify active leads. Get a 1-10 activity score based on engagement, posts, and profile completeness. Increase your outreach reply rate by 20% by targeting only responsive prospects. Perfect for sales, recruitment, and partnership outreach"
Craigslist Scraper (Pay Per Result),Gen First,https://apify.com/ivanvs/craigslist-scraper-pay-per-result?fpr=youssef,jobs-hiring-signals,27,447,5,1,"Extract data from classified advertisements on Craigslist. Scrape details from jobs, housing, items wanted, items for sale, services, community service, gigs, events and resumes listed on Craigslist. Download listings data in JSON, XML, Excel, and other versatile"
angi.com (Angie's List) Scraper,Iñigo Garcia Olaizola,https://apify.com/igolaizola/angi-scraper?fpr=youssef,directories,27,383,5,3,"Extract verified business data from Angi (formerly Angie's List) including phone numbers, ratings, and contact details for home service professionals. Get comprehensive listings with company information, customer reviews, and contact data across 150+ categories like plumbers and contractors"
Autotrader.co.uk [] | Unlimited | Richest output,Muhamed Didovic,https://apify.com/memo23/autotrader-cheerio?fpr=youssef,other-lead-sources,27,163,5,10,"extract vehicle data from AutoTrader.co.uk: pricing, specs (make/model/year/mileage), finance quotes with APR/payments, dealer ratings & contact, high-res images, vehicle checks, and CTAs. Ideal for automotive market analysis & lead generation"
Clutch.co Listings Scraper,FalconScrape,https://apify.com/piotrv1001/clutch-listings-scraper?fpr=youssef,directories,26,1248,1,2,"The Clutch.co Listings Scraper extracts paginated business data from Clutch.co URLs, capturing company titles, logos, hourly rates, reviews, ratings, and offered services - ideal for market research and competitor analysis"
realtor.com Agents Scraper,Sam,https://apify.com/cleansyntax/realtor-com-agents-scraper?fpr=youssef,other-lead-sources,26,696,5,2,Scrape Realtor.com Agents by ZIP Code - No Subscription
Linkedin Post Reactions Scraper (No Cookie),Data Doping,https://apify.com/datadoping/linkedin-post-reactions-scraper-no-cookie?fpr=youssef,linkedin,26,393,5.0,2,"For. Scraper Likes, Praise, Empathy, Appreciation and Interest of any Linkedin Post using URL or URN. Note: Freemium users are limited to scrape only 4 posts and 100 reactions per run (12 posts in total)"
Lead Finder,Crawler Bros,https://apify.com/crawlerbros/lead-finder?fpr=youssef,email-finders,26,342,5,4,"Find B2B leads by job title, location, and industry. Extracts name, title, company, LinkedIn URL, and guessed email from public search results. No API keys or credentials needed"
Linkedin Profile Comments Scraper (No Cookie),Data Doping,https://apify.com/datadoping/linkedin-profile-comments-scraper?fpr=youssef,linkedin,26,197,,0,"For, scrape comments made by a profile from activity on LinkedIn. It Scrapes text, reactions, pinned, timestamp, etc. Note: If you're on free tier you can only scrape 4 profile and 100 comments per profile per run (12 profiles in total)"
"Apartments.com Scraper - Rentals, Prices & Reviews | 2$/1k",Raven,https://apify.com/pro100chok/apartments-scraper-usage?fpr=youssef,email-finders,26,153,,0,"Extract rental listings from Apartments.com with 94+ fields: pricing, scores, reviews, amenities, photos, emails, and contacts. Filter by location, price range & property type. No browser - fast HTTP. Perfect for real estate research & lead generation"
LinkedIn Company Data Enricher,viralanalyzer,https://apify.com/viralanalyzer/linkedin-company-enricher-byoc?fpr=youssef,linkedin,26,48,5,1,"Enrich LinkedIn company slugs with public data: name, industry, size, website, HQ, description"
Shopify Lead Scraper with 1M+ Email Database,Miso,https://apify.com/xmiso_scrapers/shopify-shops-email-leads-scraper?fpr=youssef,email-finders,25,1468,4.2,11,scrape shopify powered shops for ecommerce email leads from merchantgenius and own scraped sources
Twitter Posts Scraper,Pratik Dani,https://apify.com/pratikdani/twitter-posts-scraper?fpr=youssef,social-leads,25,852,1,3,"The **Twitter Posts Scraper** extracts detailed information from any public Twitter post. Simply provide the URL, and the scraper will gather data like post text, user info, engagement metrics, and more. Perfect for analyzing trends and tracking social media interactions"
"Google Maps Reviews Scraper - Text, Ratings & Exact Dates",Zebu Data,https://apify.com/delicious_zebu/google-maps-store-review-scraper?fpr=youssef,google-maps,25,718,5.0,38,"Scrape Google Maps store reviews fast - API-based, no browser. Extract review text, exact dates, star ratings, reviewer profiles, Local Guide status, photos, per-service ratings, owner responses, and store review keywords. Export to JSON, CSV, or Excel"
Trustpilot Reviews Scraper API,The Wolves,https://apify.com/thewolves/trustpilot-reviews-scraper?fpr=youssef,directories,25,362,2.4,9,"The Wolves proudly introduces the Trustpilot Review Scraper, an ideal tool for extracting reviews. It can gather 100-200 reviews per second, offering an extremely affordable rate of. The most cost-effective option!"
Walmart Product Scraper,Billy,https://apify.com/web_wanderer/walmart-product-scraper?fpr=youssef,other-lead-sources,25,331,4,1,"Extract product details from walmart.com/walmart.ca. Get titles, prices, sku, availability, reviews & more - fast and reliable!"
Twitter Timeline Scraper,Jan Danecki,https://apify.com/danek/twitter-timeline-ppr?fpr=youssef,social-leads,25,300,5,1,"Scrap Twitter timeline fast and easy. It is designed to be fast and efficient, so it can extract a large number of post for low price"
Meetup Events Scraper,EasyApi,https://apify.com/easyapi/meetup-events-scraper?fpr=youssef,other-lead-sources,25,225,5.0,4,"Effortlessly scrape Meetup events data with this powerful Apify Actor. Search by keywords, locations, and event types to gather comprehensive information on upcoming events. Perfect for market research, event planning, and trend analysis. Customizable and easy to use!"
Email & Phone Extractor,Anchor,https://apify.com/anchor/email-phone-extractor?fpr=youssef,email-finders,24,8231,3.9,21,"Extract emails, phone numbers, and other contact information like Twitter, LinkedIn, Instagram... from websites you provide. Best for lead generation and data enrichment. Export data in structured formats and dominate your outreach game. Capture your leads almost for free, fast, and without limits"
Facebook group posts scraper,Goldmine,https://apify.com/logical_scrapers/facebook-group-posts-scraper?fpr=youssef,social-leads,24,683,4.9,5,"The most cost-efficient Facebook groups scraper. Get Facebook group posts with comprehensive data including text, media attachments, engagement metrics, author information and more"
Crexi.com | intelligence | Search | Detail | Agent (/w EMAILS),Muhamed Didovic,https://apify.com/memo23/apify-crexi?fpr=youssef,email-finders,24,477,5,11,"Unlock Crexi's commercial real estate network. Extract property listings and broker profiles for market insights, deal-making, and investment opportunities. Your key to data-driven decisions in commercial real estate"
Mercadolibre Product Scraper,SASWAVE,https://apify.com/saswave/mercadolibre-product-scraper?fpr=youssef,enrichment-verification,24,421,2.7,5,"no proxies needed. Fast and reliable scraper for MercadoLibre product pages and search results. Support all domains. Perfect for competitive analysis, price monitoring, e-commerce intelligence, catalog enrichment, and high-volume data extraction"
Soon-to-Open Businesses Leads Scraper (Google Maps),Miso,https://apify.com/xmiso_scrapers/soon-to-open-businesses-leads-scraper-google-maps?fpr=youssef,google-maps,24,419,4.9,6,"Get unique leads of various businesses planning opening in near future or recently opened like restaurants, bars, beauty salons, dentists etc. and offer them services they might need when launching their business. Scraped from Google Maps with emails and social links including where available"
Discord Server Scraper,Louis Deconinck,https://apify.com/louisdeconinck/discord-server-scraper?fpr=youssef,social-leads,24,413,5,2,"Discover niche communities, analyze server trends, and gain competitive insights with detailed data on member counts, categories, and more. Efficient, flexible, and up-to-date - start exploring today & unlock the full potential of Discord with our comprehensive server scraper!"
FLIPPA.com [] Search by Url | Detail Pages · Emails,Muhamed Didovic,https://apify.com/memo23/flippa-scraper?fpr=youssef,email-finders,24,146,4.8,7,"scrape Flippa search & listings. Extract Revenue, Profit, Multiples, Traffic (Views/Uniques) & Seller Verification. Supports SaaS, Apps & Domains"
Zillow Property Details Scraper,Zebu Data,https://apify.com/delicious_zebu/zillow-property-details-scraper?fpr=youssef,other-lead-sources,24,136,5,29,"Scrape complete Zillow property details from URLs or ZPIDs: price, Zestimate, rent estimate, price & tax history, schools, HOA fees, photos, agent info, and 200+ facts per home. Fast API-based scraping - no browser. Pay per result"
TikTok User Search Scraper - Find Creators [NO LOGIN],Unseen User,https://apify.com/unseenuser/tiktok-user-search-scraper?fpr=youssef,social-leads,24,110,5,4,"Search TikTok users and creators by keyword. Get handles, bios, follower counts, and recent videos. Built for creator discovery, influencer research, and lead generation by topic or niche. No login, no cookies. Pair with our Followers Scraper to map full audiences"
Snapchat Email Scraper,EasyApi,https://apify.com/easyapi/snapchat-email-scraper?fpr=youssef,email-finders,23,1272,1,1,"Effortlessly scrape email addresses from Snapchat profiles! Find Snapchat users matching your keywords and specific email domains. Perfect for influencer marketing, social media outreach, and collaboration opportunities. Powered by stealth technology for reliable data collection"
SKOOL | Members/Groups | Discovery Search | Scraper (PPE),Muhamed Didovic,https://apify.com/memo23/skool-members-scraper?fpr=youssef,email-finders,23,777,4.0,8,"Boost your business leads with our Skool.com Groups' Members/Users Scraper. Gather user details like names, emails, and social media links (Facebook, Instagram, LinkedIn, Twitter, etc.). It is ideal for market research, competitor analysis, and lead generation. Save time with our advanced scraper"
Glassdoor Jobs Scraper,AgentX,https://apify.com/agentx/glassdoor-jobs-scraper?fpr=youssef,jobs-hiring-signals,23,458,5,2,"Glassdoor Jobs Scraper is a Glassdoor jobs scraper for 23 countries that returns 41 structured job, salary, employer, rating, application, and public contact fields"
Welcome To The Jungle Jobs Scraper,Bebity,https://apify.com/bebity/welcome-to-the-jungle-jobs-scraper?fpr=youssef,jobs-hiring-signals,23,274,,0,"ℹ Retrieve jobs, articles, & organizations from ""Welcome to the Jungle"" using this Actor. Precision meets ease in this modern data tool. Perfect for recruiters, jobseekers, & researchers. Your key to the latest job market insights"
Amazon Product Scraper,SASWAVE,https://apify.com/saswave/amazon-product-scraper?fpr=youssef,other-lead-sources,23,235,5,2,Amazon scraper collect data from any amazon domain name. Input can be a list of product ASIN or a search url
"LinkedIn Company Employees Scraper [Optional Cookies, No Login]",Muhamed Didovic,https://apify.com/memo23/linkedin-company-people-scraper?fpr=youssef,linkedin,22,1234,4.1,10,"Find a company's employees on LinkedIn two ways: no login (public web search) or with your cookie (full roster, richer data, contact info). Names, titles, headlines, profile URLs, filter by position - CEO, CTO, recruiter. Every row's confidence field says if its employer was confirmed"
Fast Google Maps Search Scraper API | Business Listings & Leads,Agents,https://apify.com/theagents/google-maps-search?fpr=youssef,google-maps,22,792,5.0,9,"Find high-value leads fast with our low-cost Google Maps scraper. Instantly extract business names, contact details, emails, phone numbers, and reviews - perfect for sales prospecting and outreach. Affordable, reliable, and built for scale"
German Imprint Scraper,Dominic M. Quaiser,https://apify.com/dominic-quaiser/imprint-contact-scraper?fpr=youssef,email-finders,22,570,3.9,3,"An Actor that automatically locates and scrapes key contact details from German website imprint pages (Impressum). It extracts information such as company name, address, phone numbers, emails, and decision-makers (Entscheider, Entscheidungsträger)"
Indeed [] Jobs Scraper (Search by keywords),Muhamed Didovic,https://apify.com/memo23/apify-indeed-cheerio-keywords-ppr?fpr=youssef,jobs-hiring-signals,22,335,4.8,8,"[From] Search Indeed by keyword, country and filters - no URL needed. Returns salary, company rating, full description, the resolved external apply URL and company profile (CEO, size, revenue) across 61 countries. Strict-match mode drops unrelated jobs; date filter pulls only the latest"
Tiktok Ad Library Scraper,Gen First,https://apify.com/ivanvs/tiktok-ad-library-scraper?fpr=youssef,social-leads,22,262,,0,"Extract details about ads from TikTok Ad Library. Scrape ad details like when it was run, ad targeting, advertiser and content of ad. Download ad data in JSON, XML, Excel format"
Social Media Profile Finder Pro,One Scales,https://apify.com/onescales/social-media-profile-finder-pro?fpr=youssef,other-lead-sources,22,260,5,6,"Find social media accounts and profiles by username across 400+ social networks instantly. Bulk search, residential proxy support, and fast results. Powered by Sherlock"
LinkedIn Jobs API & Scraper [NO COOKIES],Unseen User,https://apify.com/unseenuser/LinkedIn-Jobs-Scraper?fpr=youssef,linkedin,22,215,5,4,"LinkedIn jobs API and scraper - no cookies, no login, no account to get restricted. Search job postings by keyword, company or location for full descriptions, salary, skills, applicant counts, the ATS behind each apply link and a ghost-job score. Built for hiring-signal outbound"
Job Scraper for ZipRecruiter - 7 Country Markets,Black Falcon Data,https://apify.com/blackfalcondata/ziprecruiter-job-scraper?fpr=youssef,jobs-hiring-signals,22,81,,0,"Scrape ZipRecruiter (ziprecruiter.com) across 7 countries (US, GB, IE, IN, DE, FR, NZ). Salary and benefits data for US, geo-coordinates and job descriptions for all markets. Incremental mode detects new and changed listings, plus lean output for AI agents and MCP workflows"
Instagram Email Scraper,EasyApi,https://apify.com/easyapi/instagram-email-scraper?fpr=youssef,email-finders,21,1381,1,4,"Effortlessly scrape email addresses from Instagram profiles! Find Instagram users matching your keywords and specific email domains. Perfect for influencer marketing, brand collaborations, and targeted outreach campaigns. Powered by stealth technology for reliable data collection"
YouTube Email Scraper,exporter24,https://apify.com/exporter24/youtube-email-scraper?fpr=youssef,email-finders,21,785,3.8,6,Extract the email address of given youtube channel from public data
Skip Trace,twoapi,https://apify.com/twoapi/skip-trace?fpr=youssef,enrichment-verification,21,535,2.9,4,
WhatsApp Messages Scraper,Extreme Scrapes,https://apify.com/extremescrapes/whatsapp-messages-scraper?fpr=youssef,social-leads,21,514,4.0,3,Scrape and monitor WhatsApp group or private chat messages in real time. Scan the QR code to connect and start collecting structured WhatsApp message data
LinkedIn Jobs Scraper - Professional Job Listings,NanoScrape,https://apify.com/santamaria-automations/linkedin-scraper?fpr=youssef,linkedin,21,437,4.3,4,"Scrapes public job listings from LinkedIn's job board. Filter by location, job type, experience level, and remote options. Extract company info, job descriptions, and application links. No login required"
Y Combinator Scraper with Founders & Emails,Fatih Tahta,https://apify.com/fatihtahta/y-combinator-directory-scraper?fpr=youssef,email-finders,21,277,3.4,4,"Scrape the Y Combinator directory and get rich company profiles with socials, founder details + emails, hiring status/job links, and news mentions. Perfect for lead gen, market mapping, recruiting, and competitor tracking"
LinkedIn Leads Scraper | Sales Navigator Export,SilentFlow,https://apify.com/silentflow/linkedin-sales-navigator-scraper-ppr?fpr=youssef,linkedin,21,264,5.0,1,"Export leads and accounts from any LinkedIn Sales Navigator search or saved list. Get name, job title, company, location, seniority, headcount and industry, or build the whole search from filters instead of pasting a URL. Bring your own seat and export to CSV, Excel or JSON in a single run"
Facebook Ads Library Scraper API,API Creators,https://apify.com/api_creators/facebook-ads-library-scraper-api?fpr=youssef,social-leads,21,186,5.0,5,"! Scrape Facebook Ad Library: Extract ad data, copy & creatives from FB & Instagram. Powerful Facebook Ads Scraper for competitor research & ad intelligence. Search by keyword or Page ID. Export JSON, CSV, or Excel. Fast, reliable, and cheap Facebook Ad Library API"
Jobs.ch Scraper,Lexis Solutions,https://apify.com/lexis-solutions/jobs-ch-scraper?fpr=youssef,jobs-hiring-signals,21,163,5,6,"Scrape jobs from Switzerland's largest job board Jobs.ch. Automated data extraction of Swiss job listings with locations, salaries & company details"
LinkedIn Posts API | Scrape Profile Posts & Engagement,John,https://apify.com/johnvc/linkedin-posts-api?fpr=youssef,linkedin,21,48,5,2,"Collect public LinkedIn posts as clean, structured JSON. Discover every post from a profile URL, or fetch specific post URLs, with text, reactions, comments, shares, media, hashtags, and author details. Pay per post, MCP-ready for Claude and AI agents"
Instagram Posts Scraper - Pay per Results,Jan Danecki,https://apify.com/danek/instagram-posts-scraper-ppr?fpr=youssef,social-leads,20,1188,5,1,"Scrap Instagram Posts fast and easy. It is designed to be fast and efficient, so it can extract a large number of posts for low price"
Social Media Finder Pro | Public Profile Discovery,Xtech,https://apify.com/xtech/social-media-finder-pro?fpr=youssef,other-lead-sources,20,795,2.0,3,"Find public profiles by username across 400+ sites with focused or broad search modes, structured profile URLs, and explicit diagnostics that distinguish empty results from incomplete checks"
G2 Product Reviews Scraper,PowerAI,https://apify.com/powerai/g2-product-reviews-scraper?fpr=youssef,directories,20,775,1.7,5,Scrape product reviews and customer feedback from G2 for software products using our API wrapper service
"Real Estate AU - Listings, Prices, Agents & History",Abot API,https://apify.com/abotapi/realestate-au-scraper?fpr=youssef,email-finders,20,340,4.8,6,"Extract detailed Australian real estate property listings with 30+ structured fields, including price, description, indoor and outdoor features, coordinates, nearby schools, agent contact details, images, and listing price history where available"
Redfin Property Search Scraper,Maksym Bohomolov,https://apify.com/mantisus/redfin-fast-scraper-per-results?fpr=youssef,other-lead-sources,20,254,5,2,"Scrape listings from Redfin search results: for-sale, rental, and sold properties. Returns prices, photos, MLS codes, agent phones, and property specs. Input: search URL or ZIP code list with filters"
TikTok Lookalike Search,Data Over Coffee,https://apify.com/dataovercoffee/tiktok-lookalike-search?fpr=youssef,social-leads,20,68,5,3,TikTok influencer & creator search: find lookalike creators + stats + emails from 300M+ accounts
Linkedin company scraper,Goldmine,https://apify.com/logical_scrapers/linkedin-company-scraper?fpr=youssef,linkedin,19,1794,4.9,11,"FASTEST LinkedIn company scraper. BULK Pull 50,000+ enriched company profiles in under 10 minutes. Company name, address, description, employee count, logo URL, website, industry, company size/type, headquarters, founding year, specialties, similar/affiliated pages, stock info and more"
TikTok Email Scraper,bhansalisoft,https://apify.com/bhansalisoft/tiktok-email-scraper?fpr=youssef,email-finders,19,1559,5.0,4,TikTok Email Scraper- Scrap Emails from TikTok specific profile using google search engine
Google Ads Scraper,Gen First,https://apify.com/ivanvs/google-ads-scraper?fpr=youssef,other-lead-sources,19,779,5,2,"Extract details about ads from Google Ads Transparency Centar. Scrape ad details like when it was run, ad targeting, advertiser and content of ad. Download ad data in JSON, XML, Excel format"
LoopNet Search By Urls & Keywords | Details | Agents | Contacts,Muhamed Didovic,https://apify.com/memo23/apify-loopnet-search-cheerio?fpr=youssef,other-lead-sources,19,395,5.0,11,Unlock valuable commercial property data from LoopNet. Extract detailed listings and agents insights for smarter real estate decisions
Event Scraper Pro,WebDataLabs,https://apify.com/webdatalabs/event-scraper-pro?fpr=youssef,other-lead-sources,19,178,4.0,5,"Aggregate upcoming events from Meetup, Lu.ma and Eventbrite into one deduplicated dataset: title, date, venue, address, coordinates, category, image and links. Meetup and Lu.ma rows add RSVP counts and organizer details. Every run reports exactly which searches completed"
Whop Scraper | Fast & Reliable,Fatih Tahta,https://apify.com/fatihtahta/whop-scraper?fpr=youssef,other-lead-sources,19,134,,0,"Scrape Whop’s marketplace into clean, structured data. Capture listings for digital products, memberships, courses and communities with pricing, company details, metrics, categories and media. Perfect for market research, lead lists and tracking top offers"
Coches.net Scraper [] - Used Cars in Spain,Black Falcon Data,https://apify.com/blackfalcondata/coches-scraper?fpr=youssef,other-lead-sources,19,53,,0,Scrape coches.net - Spain's largest vehicle marketplace for cars · vans · motorbikes & classics with price · make/model · seller ratings per listing. Incremental mode tracks new and changed listings across scheduled runs
Linkedin Email Scraper,bhansalisoft,https://apify.com/bhansalisoft/linkedin-email-scraper?fpr=youssef,email-finders,18,3630,3.0,4,Linkedin Email Scraper- Scrap Emails from linkedin specific profile using google search engine
Youtube Email Scraper,EasyApi,https://apify.com/easyapi/youtube-email-scraper?fpr=youssef,email-finders,18,819,1.7,5,"Effortlessly scrape email addresses from YouTube channel descriptions! Find content creators matching your keywords and specific email domains. Perfect for influencer marketing, partnership outreach, and content creator discovery. Powered for reliable data collection"
Facebook Group Posts Scraper,EasyApi,https://apify.com/easyapi/facebook-group-posts-scraper?fpr=youssef,social-leads,18,470,2.4,4,"Scrape Facebook group posts efficiently with login support. Extract post content, author info, timestamps and more from any public or private Facebook group you have access to"
Realtor - agent leads scraper,Peaky Dev,https://apify.com/peakydev/realtor-real-estate-agent-leads-scraper?fpr=youssef,email-finders,18,437,5,30,Scrape unlimited real estate agents from Realtor.com with emails and phone number |apollo|realtor|linkedin|agents
Houzz Professional Scraper,EasyApi,https://apify.com/easyapi/houzz-professional-scraper?fpr=youssef,directories,18,289,5.0,3,"Scrape professional designers' profiles from Houzz.com, including their contact information, reviews, badges, and business details. Perfect for market research and lead generation in the home improvement industry"
TikTok Post Scraper,The Netaji,https://apify.com/thenetaji/tiktok-post-scraper?fpr=youssef,social-leads,18,215,5,1,"Scrape TikTok profiles and posts effortlessly with our fast and affordable scraper - ! Get bio, stats, and content in seconds. Perfect for research, analytics, and growth hacking"
LinkedIn Jobs API | Search Job Listings & Salaries,John,https://apify.com/johnvc/linkedin-jobs-api?fpr=youssef,linkedin,18,57,5.0,5,"Search public LinkedIn job listings as clean, structured JSON. Find jobs by keyword, location, seniority, and job type, or fetch specific job URLs. Get title, company, location, salary, description, and apply links. Pay per job, MCP-ready for Claude and AI agents"
Lead Extractor - JustDial,HappiTap,https://apify.com/happitap/lead-extractor---justdial?fpr=youssef,directories,17,737,5,1,"Lead Extractor is an automation tool that extracts business leads and contact details from Justdial. Instantly collect company names, phone numbers, and more for easy export and outreach. Perfect for sales, marketing, and lead generation"
Linkedin User Profile Url - Mass Finder,ScrapeVerse,https://apify.com/scrapeverse/linkedin-user-profile-url---mass-finder?fpr=youssef,linkedin,17,636,4.9,5,"LinkedIn User Profile URL - Mass Finder automates locating LinkedIn profiles by inputting names, location or designations. It provides instant URLs, saving time for market research, lead generation, and recruitment. It enhances efficiency and streamlines workflows"
Facebook Ad Library Scraper [No Login] Ads & Creatives,viralanalyzer,https://apify.com/viralanalyzer/facebook-ads-library?fpr=youssef,social-leads,17,487,4.9,6,"Scrape active Meta and Facebook ads globally without login or cookies: ad copy, creative media, targeting, advertiser page, and CTA links. Pay per ad scraped"
B2B LinkedIn Lead Generator,Cobey AI,https://apify.com/chieftools/b2b-linkedin-lead-generator?fpr=youssef,linkedin,17,414,4.3,24,"Find B2B decision-makers on LinkedIn by describing your ideal customer. AI discovers matching companies from live web data, identifies the right people, and scores every lead for relevance. Pay only for qualifying leads"
TikTok Profile Scraper - User detail,The Netaji,https://apify.com/thenetaji/tiktok-profile-scraper?fpr=youssef,social-leads,17,369,5,2,"Scrape TikTok profiles & posts fast and affordably! Get usernames, followers, bios, videos, captions & more for. Perfect for marketers, researchers & devs. Start scraping now!"
Instagram Profile/Posts/Reels Downloader & Monitoring Mode,Muhamed Didovic,https://apify.com/memo23/apify-instagram-profile-scraper?fpr=youssef,social-leads,17,259,5,10,"Elevate your Instagram game with data-driven decisions. Our Profile Scraper delivers the in-depth information you need, from user stats to post performance, powering your social media mastery"
TikTok Scraper,xtdata,https://apify.com/xtdata/tiktok-scraper?fpr=youssef,social-leads,17,227,5,3,"Get TikTok data fast! Real-time, authentic data. No pre-built databases! Track trending content, popular music videos, top users videos"
ImmoScout24 Detail Scraper 300ms/req | ImmobilienScout24,ClearPath,https://apify.com/clearpath/immoscout24-detail-listing-scraper?fpr=youssef,other-lead-sources,17,196,,0,"Vollständige Immobiliendetails aus ImmoScout24-URLs: Preise, Zimmer, Fläche, Adresse, Ausstattung, Energiedaten und Maklerkontakt mit Telefonnummer. Bis zu 10.000 Inserate pro Lauf. Export als CSV, JSON oder Excel"
"TripAdvisor Scraper - Hotels, Restaurants & Attractions",Zebu Data,https://apify.com/delicious_zebu/tripadvisor-hotel-details-scraper?fpr=youssef,directories,17,158,5,25,"Scrape TripAdvisor hotels, restaurants, and attractions at scale. Enter a city name or paste any list/detail URL. Extract 50+ fields per item - ratings, reviews, prices, photos, contact info, nearby places, opening hours, Q&A, and more. Supports 50+ regional domains"
Signalbase - Funding & Business Signals API,Signalbase,https://apify.com/signalbase/signalbase-api?fpr=youssef,jobs-hiring-signals,17,148,5,3,"Real-time GTM signal infrastructure giving you minute-old funding rounds, acquisitions, hiring, and executive job changes. Source-attributed and built for data vendors, GTM teams, and AI agents"
LinkedIn Company API | Firmographics & Sales Intelligence,John,https://apify.com/johnvc/linkedin-company-api?fpr=youssef,linkedin,17,27,5,2,"Collect public LinkedIn company pages as clean, structured JSON. Send company URLs or search by company name and get industry, size, headquarters, followers, specialties, and locations, ready to chain into Crunchbase funding lookup by name. Pay per company, MCP-ready for Claude and AI agents"
"Skroutz Seller Contact Scraper - Email, Phone, GEMI",Muhamed Didovic,https://apify.com/memo23/skroutz-sellers-scraper?fpr=youssef,ellada-kypros,17,19,,0,"Turn a Skroutz.gr keyword, product or shop URL into a lead list of the shops selling those products - legal name, seat address, GEMI number, AFM when published, phone and email from the shop card. Every competing offer, not just the cheapest. Greece. Pure HTTP. JSON or CSV"
Deep Website Content Crawler,David,https://apify.com/6sigmag/deep-website-content-crawler?fpr=youssef,other-lead-sources,16,1126,3,1,"Scrape Failed Killer! A high-performance web scraper that rapidly extracts and analyzes content from multiple websites simultaneously. Perfect for competitive research, content aggregation, and website structure analysis"
Instagram Email Phone Scraper,DataFusionX,https://apify.com/devil_port369-owner/instagram-email-phone-scraper?fpr=youssef,email-finders,16,1009,1.7,14,"Scrape Instagram email phone and many more data from any public Instagram profile. Perfect for marketers, analysts, and businesses seeking actionable social media intelligence. It also scrape emails and phone from many other sources"
"Amazon Product Scraper - Search Results & Prices, 20 Sites",Zebu Data,https://apify.com/delicious_zebu/amazon-product-data-scraper?fpr=youssef,other-lead-sources,16,254,5.0,31,"Scrape Amazon search results by keyword or category URL across 20 Amazon sites: price, list price, coupons, rating, reviews, Best Sellers Rank, variants, sellers and delivery date. Set sort order, currency and delivery ZIP code, and optionally open each product page"
"Immobilien Export Pro - ImmoScout24, Kleinanzeigen, Immowelt",ClearPath,https://apify.com/clearpath/immobilien-export-pro?fpr=youssef,other-lead-sources,16,142,,0,"70.000+ deutsche Kaufimmobilien von ImmoScout24, Kleinanzeigen & Immowelt. Preisverlauf, Kontaktdaten, Löschungen, Koordinaten. Echtzeit-Daten, plattformübergreifende Deduplizierung. Export als JSON, CSV, Excel oder via API"
OpenTable | Meta | Menu | Reviews | Availability | Offers,Muhamed Didovic,https://apify.com/memo23/opentable-reviews-cheerio?fpr=youssef,email-finders,16,108,4.6,5,"OpenTable scraper: restaurant details, menus with prices, ratings, availability, offers and photos. Restaurant rows all reviews, contact emails each when enrichment is on. Paste restaurant or search URLs; filter reviews by date for market research"
SeLoger Scraper | Real Estate Listings,SilentFlow,https://apify.com/silentflow/seloger-scraper-ppr?fpr=youssef,other-lead-sources,16,102,5,2,"Scrape SeLoger.com real estate listings - apartments, houses, rentals in Paris, Lyon, Marseille. Extract prices, DPE energy ratings, photos, agent contacts. Pay-per-result with residential proxies. Export to Excel, CSV, JSON. Perfect for market analysis & lead generation"
"Indeed Jobs Scraper Salaries, Filters & Company Data",Factden,https://apify.com/factden/indeed-jobs-scraper?fpr=youssef,b2b-databases,16,63,5,5,"Indeed jobs scraper: extract job listings, salaries, company details and full job descriptions. Native salary-range filter (+ remote, date, type, level), every result page, structured JSON, 60+ countries, no login., free credit ≈ 2,500 jobs"
Trusted Shops Reviews Scraper,Muhamed Didovic,https://apify.com/memo23/trusted-shops-reviews-scraper?fpr=youssef,other-lead-sources,16,18,,0,"Scrape Trusted Shops reviews and shop ratings - review text, stars, review and order dates, verified-purchase status and merchant replies, plus certification, star distribution, per-criteria marks and lifetime review totals. Enter a shop domain, any locale profile URL, or a TSID"
LinkedIn People URL - Mass Profile Finder,Anchor,https://apify.com/anchor/LinkedIn-people-finder?fpr=youssef,linkedin,15,4113,4.8,20,"Search for LinkedIn pages of people based on their names. Upload a CSV of person names, and get their LinkedIn URLs via API or manual export. Automate with schedules, n8n & others tools. Try for free the best Bulk tool to find LinkedIn people URLs !"
Instagram Scraper,DataFusionX,https://apify.com/devil_port369-owner/instagram-scraper?fpr=youssef,social-leads,15,2293,4.6,12,Scrape Instagram user's profile details along with Email/Phone details. Instagram scraper cheapest best fastest and 100% uptime
LinkedIn Posts Search Scraper,PowerAI,https://apify.com/powerai/linkedin-posts-search-scraper?fpr=youssef,linkedin,15,708,1.6,2,"Extract posts from LinkedIn with detailed metadata including content, author details, engagement metrics, and direct URLs. Perfect for social media analysis, content research, and brand monitoring"
Linkedin Profile Scraper with Email (No Cookies),unli,https://apify.com/unlimitedleadtestinbox/linkedin-profile-scraper-with-email-no-cookies?fpr=youssef,email-finders,15,599,4.0,2,Linkedin Profile Scraper with Email (No Cookies)
Etsy Product Scraper,SASWAVE,https://apify.com/saswave/etsy-product-scraper?fpr=youssef,other-lead-sources,15,251,,0,"Etsy scraper extract product details, descriptions, images, seller info, and more. Start from search url or product direct url"
Realtor Scraper (Property Details),Luffy,https://apify.com/coder_luffy/realtor-scraper?fpr=youssef,email-finders,15,205,5.0,7,"This fast and affordable API/scraper provides real-time access to Realtor.com listings, including property details, pricing, location, and agent emails and phone numbers. Ideal for real estate analysis, lead generation, and data-driven projects"
Monster Jobs Scraper,Orgupdate,https://apify.com/orgupdate/monster-jobs-scraper?fpr=youssef,jobs-hiring-signals,15,188,1,1,"The latest and most advanced Monster Job Scraper. Our Monster Job Scraper extracts real-time job postings at scale from all over the world. A new research tool built for recruitment, insights and HR"
SAM.gov Federal Contracts Scraper - No Login,Fortuitous Pirate,https://apify.com/fortuitous_pirate/sam-gov-scraper?fpr=youssef,other-lead-sources,15,116,,0,"Search federal contract opportunities on SAM.gov. Extract solicitations, awards, set-asides, NAICS codes, and agency info. Essential for government contractors. No login or cookies. MCP-ready for AI agents"
PitchBook Company API | Private Company & Funding Data,John,https://apify.com/johnvc/pitchbook-company-api?fpr=youssef,other-lead-sources,15,32,5,2,"Collect public PitchBook company profiles as clean, structured JSON. Send one or many company URLs and get funding, investors, valuation, competitors, employees, industries, and financials. Pay per company, MCP-ready for Claude and AI agents"
Google Search Scraper,epctex,https://apify.com/epctex/google-search-scraper?fpr=youssef,other-lead-sources,14,2708,3.5,13,"Boost SEO with our tool! Explore organic & paid results, People Also Ask, and Related Queries. Select countries, languages, and precise locations for tailored insights"
Twitter (X) Profiles and Tweets Scraper,Muhamed Didovic,https://apify.com/memo23/apify-twitter-profile-scraper?fpr=youssef,social-leads,14,875,4,1,"This actor allows you to scrape Twitter/X profiles, extract tweets, key metrics, metadata and gather insights such as tweet content, engagement metrics (likes, retweets, replies), and author details. It is handy for social media analysis, marketing research, and tracking public figures or brands"
Google Maps Emails Scraper,DATARAVA,https://apify.com/datarava/google-maps-emails-scraper?fpr=youssef,google-maps,14,757,5,11,"Scrape thousands of businesses from Google Maps with their emails and social media profiles. Search by keywords and locations, then automatically visit business websites to extract email addresses and social links in a single run. Built for lead generation and sales prospecting"
Facebook Email Scraper,EasyApi,https://apify.com/easyapi/facebook-email-scraper?fpr=youssef,email-finders,14,318,,0,"Effortlessly scrape email addresses from Facebook profiles and pages! Find Facebook content matching your keywords and specific email domains. Perfect for lead generation, social media marketing, and community building. Powered by stealth technology for reliable data collection"
OnlyFans Model Leads Scraper,DeepMine,https://apify.com/deepmine/onlyfans-model-leads-scraper?fpr=youssef,social-leads,14,305,5,3,"Automated OnlyFans lead scraper for OFM agencies. Pay only for model leads that pass your filters. Scrape new model profiles by niche for OnlyFans agency recruitment, keep only creators with Instagram links, and export outreach-ready leads with price, likes, stats and social links"
EBAY: Search | Sold Prices |Store | Seller Pages (8 Markets),Muhamed Didovic,https://apify.com/memo23/apify-ebay-search-cheerio?fpr=youssef,other-lead-sources,14,294,5,7,"Unofficial eBay API to extract data from eBay search results and product details with our eBay Search Results and Listing Details Scraper. Perfect for market research, price tracking, and detailed product analysis - get all the information you need, in one go"
Facebook Groups Posts Scraper,Jan Danecki,https://apify.com/danek/facebook-groups-posts-scraper?fpr=youssef,social-leads,14,284,2.3,2,"Scrap Facebook groups fast and easy. This actor is a lightweight version of the Facebook Group actor. It is designed to be fast and efficient, so it can extract a large number of events for low price. It is also less likely to be blocked by Facebook"
Nextdoor Scraper,The Howlers,https://apify.com/alizarin_refrigerator-owner/nextdoor-scraper?fpr=youssef,other-lead-sources,14,229,1,1,"Scrape local business recommendations, neighborhood posts, and community data from Nextdoor. Get authentic local insights and recommendations that aren't available on other platforms"
VK Groups Scraper,EasyApi,https://apify.com/easyapi/vk-groups-scraper?fpr=youssef,other-lead-sources,14,180,1,1,"Scrape VK groups and communities data with advanced search capabilities. Extract group details including name, ID, followers count, category, and more. Perfect for market research and social media analysis"
1688.com Supplier Scraper,devcake,https://apify.com/devcake/1688-com-supplier-scraper?fpr=youssef,other-lead-sources,14,161,,0,"Fast 1688.com supplier scraper. Get verified factory profiles, quality scores, and product offers. Source directly from gold-certified manufacturers for E-commerce"
Immoweb Scraper,Gen First,https://apify.com/ivanvs/immoweb-scraper?fpr=youssef,other-lead-sources,14,149,,0,"Extract data from immoweb.be for data on thousands of apartments and house listings. Scrape house location, extract descriptions, images, prices, contact number, addresses, names, and all other listing details. Unlimited and extremely fast!"
Google Ads Scraper [NO COOKIES] [NO LOGIN],Unseen User,https://apify.com/unseenuser/Google-ads?fpr=youssef,social-leads,14,104,5.0,3,"Extract every ad an advertiser ran on Google - Search, YouTube, Display, Shopping - from Google's official Ads Transparency Center. Get creatives, formats, run dates, and targeting regions. No Google Ads account or API key required. Built for paid media analysts and agencies"
OLX Scraper - Listings Across 9 Countries,Abot API,https://apify.com/abotapi/olx-scraper?fpr=youssef,other-lead-sources,14,82,,0,"Fast OLX scraper across 9 countries, including Poland, Romania, Portugal, Ukraine, Bulgaria, Kazakhstan, Uzbekistan, India and Brazil. Search or paste OLX URLs to extract structured listing data with pagination and multi-market support"
Workday Career Sites API,John,https://apify.com/johnvc/workday-career-sites-api?fpr=youssef,jobs-hiring-signals,14,26,5.0,2,"Find the companies using Workday and every career site each one runs. Get the tenant, datacenter, careers URL, direct jobs API URL, and live open-role count as structured JSON. Build a Workday customer list, or resolve a single company in seconds. No key needed, MCP-ready for Claude and AI agents"
All in one Social media Email Scraper,bhansalisoft,https://apify.com/bhansalisoft/all-in-one-social-media-email-scraper?fpr=youssef,email-finders,13,3051,3.8,13,All in One Social Email Extractor - Software can Extract Email from All Social Network Profile Linkedin Email Extractor Facebook Email Extractor Youtube Email Extractor Twitter Email Extractor Instagram Email Extractor Reditt Email Extractor Pinterest Email Extractor TikTok Email Extracto
Youtube Email Scraper,bhansalisoft,https://apify.com/bhansalisoft/youtube-email-scraper?fpr=youssef,email-finders,13,2552,4.5,3,Youtube Email Scraper- Scrap Emails from Youtube specific profile using google search engine
Instagram Followers and Following Scrapper,Figue,https://apify.com/figue/instagram-followers-and-following-scrapper?fpr=youssef,social-leads,13,2335,3.9,17,"Extract Instagram followers and following data from any Instagram profile! High-speed bot extracts ~500 followers/min, supports proxies, simulates human behavior, and provides configurable pagination. Collect detailed user data efficiently - perfect for market research and audience insights!"
Linkedin Jobs Scrapper,ScrapeVerse,https://apify.com/scrapeverse/linkedin-jobs-scrapper?fpr=youssef,linkedin,13,718,1.5,2,"Get detailed and insightful data just by entering few information, No need to worry about Cookies and Authentication"
Youtube Channel Scraper,API Dojo,https://apify.com/apidojo/youtube-channel-scraper?fpr=youssef,social-leads,13,712,5.0,7,"The perfect tool for exceptional YouTube channel video retrieval tool. Experience unparalleled quickness and thoroughness in searching and directly obtaining videos from channels. Furthermore, it's incredibly affordable at !"
TikTok Email Scraper,EasyApi,https://apify.com/easyapi/tiktok-email-scraper?fpr=youssef,email-finders,13,443,1,1,"Effortlessly scrape email addresses from TikTok profiles! Find TikTok creators matching your keywords and specific email domains. Perfect for influencer marketing, social media outreach, and collaboration opportunities. Powered by stealth technology for reliable data collection"
Influencer Discovery - Find Influencers Across Social Platforms,The Howlers,https://apify.com/alizarin_refrigerator-owner/influencer-discovery---find-influencers-across-social-platforms?fpr=youssef,social-leads,13,415,3,1,"Discover influencers across Instagram, TikTok, LinkedIn, YouTube, and Twitter by niche, hashtags, engagement rate, and follower count. Perfect for influencer marketing campaigns and brand partnerships. Multi-Platform Discovery Niche Targeting Engagement Analysis Tier Filtering Contact Extraction"
"ZipRecruiter Jobs Scraper - URL or Keywords, Emails",Muhamed Didovic,https://apify.com/memo23/apify-ziprecruiter-scraper?fpr=youssef,email-finders,13,387,2.7,10,"Scrape public ZipRecruiter job listings in the US, Canada, the UK and Ireland: title, company, salary, benefits, workplace type and apply links. Many keywords and cities per run, only-new-jobs mode, Slack, Discord and Telegram alerts. JSON/CSV"
Dentist & Doctor Lead Scraper - Dental Practice Contacts,Sam Kleespies,https://apify.com/samstorm/dentist-lead-scraper?fpr=youssef,email-finders,13,327,,0,"Find dentists, orthodontists, doctors and clinics by city. Collect public business emails, phones, websites and source links. Multi-city searches, exclusions and verification evidence. Export CSV or use the n8n Google Sheets template. Store-tier discounts available"
Github Profile Scraper,SASWAVE,https://apify.com/saswave/github-profile-scraper?fpr=youssef,linkedin,13,267,,0,"GitHub User Profile Scraper. Extracts data from GitHub profiles, including followers, following, LinkedIn, Twitter, achievements and much more. Ideal for developers, researchers, and marketers. From a list of Github profile or a repository stargazers link"
Google Maps Scraper + AI Lead Generation & Outreach,buseta,https://apify.com/buseta/google-maps-scraper?fpr=youssef,google-maps,13,155,,0,"Scrape Google Maps businesses with emails, reviews, and social links. Let AI score every lead and write personalized cold emails for you. Choose your goal (web design, SEO, reputation or custom) and get ready-to-send outreach for every lead. Free email extraction. Export to CSV, Sheets, or CRM"
Just Eat Restaurant Scraper,EasyApi,https://apify.com/easyapi/just-eat-restaurant-scraper?fpr=youssef,other-lead-sources,13,143,4.4,2,"Powerful Just Eat restaurant scraper that extracts comprehensive data including restaurant details, ratings, delivery info, and deals. Perfect for market research, food delivery analysis, and competitor monitoring. Supports custom search URLs and proxy configuration"
"Youtube Channel Scraper V2 [FAST] | Subs, Stats & Contact",Apizy,https://apify.com/apizy/youtube-channel-scraper-v2?fpr=youssef,social-leads,13,135,4.0,9,"Scrape YouTube channel subscribers, views, engagement rate, email, and social links - 2x faster than previous version. Transparent pay-per-success pricing -, only when it succeeds. Never charged for failures. 100 channels = No subscriptions, no hidden fees"
Extended GPT Scraper,Jakub Drobník,https://apify.com/drobnikj/extended-gpt-scraper?fpr=youssef,email-finders,12,1619,4.8,5,"Extract data from any website and feed it into GPT via the OpenAI API. Use ChatGPT to proofread content, analyze sentiment, summarize reviews, extract contact details, and much more"
Facebook User Search Scraper,Lexis Solutions,https://apify.com/lexis-solutions/facebook-user-search-scraper?fpr=youssef,social-leads,12,998,5.0,11,"The Facebook User Search Scraper can obtain public data of profiles given a profile URL or a name to search. You can use it as a Facebook user matcher, user finder, or user enricher to connect your apps"
Zillow Agents | Search | Detail pages | with Email Scraper,Muhamed Didovic,https://apify.com/memo23/apify-zillow-agents-cheerio?fpr=youssef,email-finders,12,638,5.0,7,Unlock the power of Zillow with automated agent profile scraping - gather key insights and data on real estate agents effortlessly
TikTok Comment API,Novi,https://apify.com/novi/tiktok-comment-api?fpr=youssef,social-leads,12,565,4.7,8,Super Fast TikTok Comment API. Seamlessly retrieve comments with speed and efficiency. You don't need to pay for proxy because we use our own
"Google Maps Scraper - Business Leads, Phones & Websites",Zebu Data,https://apify.com/delicious_zebu/google-maps-data-scraper?fpr=youssef,google-maps,12,436,4.8,31,"Scrape Google Maps business listings at scale - names, addresses, phones, websites, ratings, reviews, popular times, price, categories, coordinates & 48 fields. Search by keyword + location, paste Maps URLs, or look up a Place ID. Fast, browserless, no ~120-result limit"
TruePeopleSearch Contact Finder,ScrapySpider,https://apify.com/scrapyspider/truepeoplesearch-contact-finder?fpr=youssef,email-finders,12,364,,0,"Find contact information for people using TruePeopleSearch. Search by name and address to extract phone numbers, email addresses, age, current and previous residential addresses. Smart name matching with retry logic. Requires ScrapFly API key. Export as JSON, CSV, or Excel"
YellowPages Scraper - USA Business Leads,Zebu Data,https://apify.com/delicious_zebu/yellowpages-usa-business-lead-scraper?fpr=youssef,directories,12,275,5,31,"Scrape YellowPages.com by keyword and location, or paste search URLs: business name, phone, email, website, address, categories, rating, review count, hours and claimed status. Build US business lead lists and export to CSV or Excel"
Linkedin Comment Scraper,Capable Cauldron,https://apify.com/capable_cauldron/linkedin-comment-scraper?fpr=youssef,linkedin,12,238,4.2,3,"Scrape comments and replies from LinkedIn posts. Supports pagination, filtering, and comprehensive data extraction"
Verified Work Email Finder: LinkedIn URL or Name + Company,Parvenu,https://apify.com/parvenu/email-enrichment?fpr=youssef,email-finders,12,214,5,3,"Find verified work emails for one person or a whole list, from LinkedIn URLs or from names plus company name or domain. Results appear as each email is found. You only pay for emails found: each"
"BizBuySell Scraper - Businesses For Sale, Brokers, Emails",Muhamed Didovic,https://apify.com/memo23/apify-bizbuysell-cheerio?fpr=youssef,email-finders,12,169,5.0,6,"BizBuySell scraper for businesses for sale, franchises and brokers from search or listing URLs. Rows, asking price, cash flow, revenue, location and broker; listing details; verified contact emails each with email enrichment"
Investment Finance Professionals,John,https://apify.com/johnvc/SECInvestmentAdvisorContacts?fpr=youssef,email-finders,12,46,5.0,4,"Find and filter 250,000+ investment professionals and 15,000+ financial firms by location, firm name, and more. Get structured contact data with emails, LinkedIn profiles, and firm associations for lead generation and market research"
Avvo Scraper with Mails | US Lawyer Directory,Fatih Tahta,https://apify.com/fatihtahta/avvo-scraper?fpr=youssef,directories,11,1263,5,1,"Get verified US attorney profiles from Avvo.com including names, contacts, firms, ratings, practice areas, and locations. Build legal directories or power research tools with clean, structured data"
Facebook Groups Scraper,Caprolok,https://apify.com/caprolok/facebook-groups-scraper?fpr=youssef,social-leads,11,1154,3.9,2,"Efficiently extract data from public Facebook groups: access group and post URLs, post texts, timestamps, likes, comments count, and basic user info and much more. Download in JSON, CSV, Excel for easy analysis and integration in apps, spreadsheets, or reports"
Storeleads Scraper,SASWAVE,https://apify.com/saswave/storeleads-scraper?fpr=youssef,directories,11,708,5.0,4,"Storeleads scraper. Extract companies results from a search url. Get data about social network, name, monthly sales, visits, location, product sold, employees, technologies, trustpilot reviews, follower number, keywords, description and more"
"Yelp Scraper - Business Leads, Phones & Websites",Zebu Data,https://apify.com/delicious_zebu/yelp-advanced-business-scraper-pay-per-result?fpr=youssef,directories,11,570,5.0,28,"Scrape Yelp business data & leads at scale - names, ratings, reviews, contact info, hours, amenities, popular dishes, health scores, Q&A & more. Works for restaurants, services & any Yelp category. Pay per result, no subscription. Great for lead generation, market research & apps"
Upwork Job Scraper,Matthew James,https://apify.com/matthewjames/upwork-job-scraper?fpr=youssef,jobs-hiring-signals,11,544,4.9,8,"Scrape recent and relevant Upwork.com jobs, filter and only pay for what you need. Unauthed runs = no ban risk"
Twitter Profile Scraper,Pratik Dani,https://apify.com/pratikdani/twitter-profile-scraper?fpr=youssef,social-leads,11,526,1,1,"The **Twitter Profile Scraper** collects detailed information from any public Twitter profile. Enter the profile URL to retrieve data such as follower count, post details, and profile information. Ideal for tracking and analyzing Twitter activity"
Twitter Email Scraper,EasyApi,https://apify.com/easyapi/twitter-email-scraper?fpr=youssef,email-finders,11,465,1,1,"Effortlessly scrape email addresses from Twitter profiles! Find Twitter users matching your keywords and specific email domains. Perfect for lead generation, influencer marketing, and targeted outreach campaigns. Powered by stealth technology for reliable data collection"
Y Combinator Scraper - 5000+ Startups & 8000+ Founders,ClearPath,https://apify.com/clearpath/ycombinator-api-scraper?fpr=youssef,jobs-hiring-signals,11,409,4.3,2,"Extract complete Y Combinator ecosystem data - 5000+ companies, 8000+ founders, 3500+ jobs. Perfect for VCs, recruiters, and researchers. Get startup intelligence, funding trends, team data, and job listings. Reliable Python scraper with proxy support. Start"
Checkatrade Scraper,VulnV,https://apify.com/vulnv/checkatrade?fpr=youssef,email-finders,11,284,5,1,"Scrape Checkatrade business listings with this Apify actor. Extract data like company names, reviews, ratings, contact details, and more - ideal for lead generation, market research, or competitor analysis"
Pitchbook Companies Scraper,Pratik Dani,https://apify.com/pratikdani/pitchbook-companies-scraper?fpr=youssef,other-lead-sources,11,260,1,1,"PitchBook Company Profile Scraper actor scrapes detailed company information from PitchBook company profile pages. It extracts comprehensive data including company details, social media presence, financial information, competitors, and frequently asked questions"
Fast Instagram Location Scraper API,API Dojo,https://apify.com/apidojo/instagram-location-scraper-api?fpr=youssef,social-leads,11,171,4.1,7,"Instagram Location Scraper API - extract geo-tagged posts, GPS coordinates, and engagement data at 100-200 posts/sec. (50 FREE). 50, no login or proxies. Ideal for local marketing, tourism, retail, and real estate using Instagram location data at scale"
immobilienscout24 scraper,Azzouzana,https://apify.com/azzouzana/immobilienscout24-de-properties-pages-scraper?fpr=youssef,other-lead-sources,11,159,5,1,"Scrape immobilienscout24.de properties pages with this NO-CODE tool! Extract info fast and export to JSON, CSV, Excel, or API. Just paste properties URLs and get your data. Blazing speed, affordable pricing, and effortless insights await. Start today and supercharge your workflow!"
Dealroom Scraper,SASWAVE,https://apify.com/saswave/dealroom-scraper?fpr=youssef,enrichment-verification,11,158,,0,"Dealroom company scraper. Collect data from companies using their url / domain name. Dealroom web crawler extract data about social networks, similarweb website traffic, funding rounds, investments, team members, KPI revenues and more"
Product Hunt Scraper for Launch & Maker Leads,scraping automation,https://apify.com/runtime/producthunt-scraper?fpr=youssef,other-lead-sources,11,146,5.0,1,"Scrape Product Hunt launches, makers, hunters, websites, social links, comments, reviews, upvotes, rankings, and startup lead signals"
LinkedIn jobs scraper (job publishers info incl.),Sambzh,https://apify.com/sbzh/linkedin-jobs-scraper-publishers?fpr=youssef,linkedin,11,138,5.0,4,"With this LinkedIn jobs scraper, get LinkedIn jobs data in real-time, including publishers information when available. Choose geographic zone, contract, level of experience or LinkedIn companies to get job offers that match with your need. One of the best LinkedIn jobs scraper. Feel free to try !"
Multi Board Job Scraper,SilentFlow,https://apify.com/silentflow/all-jobs-scraper-ppe?fpr=youssef,jobs-hiring-signals,11,106,5.0,1,"Extract 50,000+ job listings from Indeed, LinkedIn, Glassdoor, ZipRecruiter, and Bayt in one API call. Get 50+ data fields per job: salary ranges, company ratings, emails, phones, social links, skills, and apply URLs. Currency conversion, cross-platform dedup, 70+ countries"
Land.com Search [Bypass Limits][PPE] · Emails,Muhamed Didovic,https://apify.com/memo23/land-search-cheerio-ppr?fpr=youssef,email-finders,11,93,5,7,"Unlock the full potential of Land.com with this powerful scraper! Efficiently extract detailed property listings, including prices, acreage, media, and descriptions, to save time and make data-driven decisions. Perfect for real estate pros, investors, and researchers!"
Company Firmographics: Employees Industry HQ Revenue Clay,Mamba Labs,https://apify.com/mambalabs/company-firmographic-enricher?fpr=youssef,b2b-databases,11,40,,0,"Domain to structured company firmographics: employee band, industry, HQ, founded year, revenue estimate, logo, and description from schema.org JSON-LD and meta tags. Flat JSON, Clay ready, with source provenance"
"Apple Maps API | Places, Guides, Local Search & Refinements",John,https://apify.com/johnvc/apple-maps-api?fpr=youssef,other-lead-sources,11,25,5.0,3,"Scrape Apple Maps and extract local business listings, place details, curated guides, and refinement filters in one Actor. Phone, ratings, reviews, hours, address, GPS, amenities, multi-source ratings. City-name or coordinate targeting. Pay per result. MCP-ready for Claude, ChatGPT, Cursor"
"Extract Emails, Socials and Contacts from Any Website",Goldmine,https://apify.com/logical_scrapers/extract-email-from-any-website?fpr=youssef,email-finders,10,2458,5.0,8,"(fastest) An advanced Actor for extracting email addresses, social links and contact details from websites. This tool is perfect for web scraping, contact collection, and lead generation"
Instagram Number Scraper,bhansalisoft,https://apify.com/bhansalisoft/instagram-number-scraper?fpr=youssef,social-leads,10,1911,1.3,4,Instagram Number Scraper: Scrap Number from Instagram specific profile from search engine based on your keyword
Facebook Group Posts and Details Scraper,Muhamed Didovic,https://apify.com/memo23/apify-facebook-group-scraper?fpr=youssef,social-leads,10,525,1.3,2,"Scrape public Facebook groups: posts, author details, comments and engagement metrics, plus optional Marketplace listing data. Filter by date or keyword, or run it on a schedule for social listening, trend analysis, lead generation and competitor research. No login or cookies needed"
lead scraper (email),Luffy,https://apify.com/coder_luffy/lead-scraper-email?fpr=youssef,email-finders,10,465,5.0,5,"Lead Scraper (Email) generates targeted business leads from any keyword. Get emails, phone numbers, websites, addresses, and more - perfect for B2B marketing, outreach, and lead generation. Fast, accurate, and easy to use"
LinkedIn Company Search Scraper,PowerAI,https://apify.com/powerai/linkedin-company-search-scraper?fpr=youssef,linkedin,10,453,1.8,2,"Extract company information from LinkedIn with detailed metadata including company profiles, size, industry, and more. Perfect for market research, competitor analysis, and business development"
Gelbe Seiten Scraper - German Business Directory,Frederic,https://apify.com/plowdata/gelbe-seiten?fpr=youssef,directories,10,425,5.0,8,"Extract German business leads and company information from Gelbe Seiten (gelbeseiten.de). Collect emails, phone numbers, addresses, reviews, and rich listing data. Export to CSV, Excel, JSON, or integrate into automation workflows"
Yelp Business Info Scraper,Zebu Data,https://apify.com/delicious_zebu/yelp-business-info-scraper?fpr=youssef,directories,10,416,4.7,31,"Turn Yelp business URLs into complete records: rating and star breakdown, review count, hours, phone, website, address with coordinates, photos, menu, popular items, services, community Q&A, health inspections and verified licenses"
HTML Scraper pro,scrapingxpert,https://apify.com/scrapingxpert/html-scraper-pro?fpr=youssef,other-lead-sources,10,410,5,1,"The HTML Scraper Pro is a powerful tool designed to extract the HTML source code and metadata from websites. It uses advanced web scraping techniques to retrieve the full HTML content of web pages,page title and HTTP status code.This tool is ideal for data extraction, website analysis, and archiving"
eBay Scraper (Pay Per Result),Gen First,https://apify.com/ivanvs/ebay-scraper-pay-per-result?fpr=youssef,other-lead-sources,10,401,3,1,"Extract data from classified advertisements on eBay. Scrape any category of items that are being sold on eBay. Download listings data in JSON, XML, Excel, and other versatile formats"
"Facebook Meta Ad Leads (Email, Phone & More)",Iñigo Garcia Olaizola,https://apify.com/igolaizola/facebook-ad-leads?fpr=youssef,email-finders,10,382,2.8,4,"Facebook Meta advertiser scraper for lead generation, prospecting, and market research. Find businesses by keyword and get names, websites, social profiles, phones, addresses, categories, and emails. Export structured results as JSON, CSV, or Excel, or connect through the API and MCP"
Linkedin Company Profile Id To Slug Finder,ScrapeVerse,https://apify.com/scrapeverse/linkedin-company-profile-id-to-slug-finder?fpr=youssef,linkedin,10,328,,0,"This is a utility Actor, it can help you to find slug based url by entering id based company profile url. Which can be used in Linkedin Company Profile Scraper to scrape company profile"
"Indeed Company: Reviews, Interview, Salary, Jobs, About Scraper",Muhamed Didovic,https://apify.com/memo23/apify-indeed-reviews?fpr=youssef,jobs-hiring-signals,10,290,3.7,10,"Unlock 360° workforce intelligence - scrape reviews, salaries, jobs, interviews, company profiles, and cultural metrics from Indeed in one click. Transform raw data into recruitment strategies, competitive analysis, and market trends with enterprise-grade HR analytics"
Linkedin Keyword Posts Urls Scraper,SaSkY,https://apify.com/sasky/linkedin-keyword-posts-urls-scraper?fpr=youssef,linkedin,10,259,,0,Scrapes Linkedin posts URLs related to a given keyword
Linkedin Sales Navigator,Data LinkMiner,https://apify.com/data_link_miner/linkedin-sales-navigator?fpr=youssef,linkedin,10,226,5,1,The scraper extract Leads & Accounts from Sales Navigator search URLs. This actor extracts prospects (Leads) and companies (Accounts) directly from LinkedIn Sales Navigator search URLs
Zalando [] Scraper (PPE),Muhamed Didovic,https://apify.com/memo23/zalando-scraper?fpr=youssef,other-lead-sources,10,183,4.9,15,"This actor allows you to scrape Zalando product listings and get important details such as product name, price, brand, sizes, availability, images, and more. It is useful for gathering fashion product data from Zalando for analysis, market research, or competitive analysis"
Messe Düsseldorf Exhibitor List Scraper,Skython,https://apify.com/skython/messe-duesseldorf-exhibitor-list-scraper?fpr=youssef,b2b-databases,10,178,5,3,"Extract complete exhibitor lists from Messe Düsseldorf trade shows - Medica, Caravan-Salon, Compamed, Drupa, Eurocis, Euroshop, Glasstec, Interpack, Prowein, and more. Collect company details, social media links, and contact persons for B2B lead generation, sales prospecting, and event networking"
Greece & Cyprus Real Estate - Spitogatos.gr,Swerve,https://apify.com/swerve/spitogatos-scraper?fpr=youssef,ellada-kypros,10,151,,0,"Scrape real estate listings from Spitogatos.gr, Greece's largest property platform. Rent & buy across 20,000+ areas. Returns prices, photos, location, rooms, agent info, and optional enrichment with phone numbers, amenities, and descriptions"
TikTok [] Ad Library & Hashtag Trends Scraper,Muhamed Didovic,https://apify.com/memo23/tiktok-ads-scraper-cheerio?fpr=youssef,social-leads,10,150,5,1,"TikTok ads scraper: pull Creative Center Top Ads and the EU Ad Library in one actor. Export CTR, likes, comments, shares, cost score, campaign objective, industry, landing page and MP4 video URLs in five resolutions. Optional per-ad audience targeting and reach"
Telegram Similar Channels Finder,akula.marketing,https://apify.com/akula.marketing/Telegram-Get-Recommended-Channels?fpr=youssef,social-leads,10,123,5,1,Find similar public Telegram channels by subscriber overlap. Discover competitors and niche communities from one seed channel username
Reddit [] Posts | Users | Scraper,Muhamed Didovic,https://apify.com/memo23/reddit-scraper?fpr=youssef,social-leads,10,59,5,4,"[] A no-auth Reddit API alternative - scrape posts & full comment threads from public JSON: site-wide & subreddit search, feed browse, date filters, NSFW toggle, phrase match, proxy rotation. Works in Claude, Cursor & ChatGPT via Apify's MCP"
LinkedIn Comment Thread: Replies + Reactors [No Login],Unseen User,https://apify.com/unseenuser/Comment-reactions-and-replies?fpr=youssef,linkedin,10,56,5.0,5,"Pull every reply and every reactor for a single LinkedIn comment thread, in one run. Built for community managers, journalists, and crisis-monitoring teams. No login, no cookies, no upsell. Every URL returns rows with a clear reason - never a silent zero-result run"
Google Shopping Lite API,John,https://apify.com/johnvc/google-shopping-lite-api?fpr=youssef,other-lead-sources,10,14,5,5,"Search Google Shopping in bulk and get one row per product - price, retailer, rating, delivery, and link - for fast e-commerce price monitoring. Send many search terms at once, target a country and language. Pay per product. MCP-ready for Claude and AI agents"
"Leads Finder with url [like apollo, linkedIn]",Olympus,https://apify.com/olympus/b2b-leads-finder-rental?fpr=youssef,linkedin,9,699,3.8,21,Extract leads from your favorite b2b platforms using just URL like apollo linkedIn
Instagram Message Sender,clothe fobia,https://apify.com/clothefobia/instagram-message-sender?fpr=youssef,social-leads,9,322,,0,Instagram Message Sender- Send message to any instagram userid
Glassdoor Job Listings Scraper,SilentFlow,https://apify.com/silentflow/glassdoor-jobs-scraper-ppr?fpr=youssef,jobs-hiring-signals,9,303,1,1,"Extract Glassdoor job listings with salary ranges, company ratings, remote status, and 30+ structured fields per job. Search across 23 countries with filters for job type, seniority, remote work, salary range, industry, and company size. Multi-keyword search with automatic deduplication included"
Apartments [/w EMAILS] US and Canada | Search | Property,Muhamed Didovic,https://apify.com/memo23/apify-apartments-cheerio?fpr=youssef,email-finders,9,174,5.0,10,"Effortlessly scrape comprehensive property data from Apartments.com, including detailed listing info, rental pricing, amenities, and high-quality images - giving you unparalleled insights and saving countless hours of manual work"
SAM.gov Contract Opportunities Scraper - Federal Contracts,BowTiedRaccoon,https://apify.com/jungle_synthesizer/samgov-scraper?fpr=youssef,other-lead-sources,9,172,1,2,"Federal contract opportunities from SAM.gov: government contracts and bids (solicitations, sources sought, awards) with their bid documents, exclusion records (debarment list), wage determinations, and assistance listings. Filter by keyword, NAICS code, notice type, set-aside, agency, and state"
Global Influencer Discovery,PowerAI,https://apify.com/powerai/influencer-filter-api-scraper?fpr=youssef,social-leads,9,166,1.2,3,"Discover influencers for SEO outreach, partnerships, and market research across 3,600,000+ profiles in 211 countries"
Youtube Comments [] Scraper [with replies],Muhamed Didovic,https://apify.com/memo23/youtube-comments-scraper?fpr=youssef,social-leads,9,138,5.0,12,"No limits, no quotas, unlimited extraction. Extract YouTube comments from any video with full comment text, reply threads, author details, vote counts, posting dates, and video metadata. Download in JSON, CSV, and Excel"
Instagram Direct Messages (DMs) Automation,NoSite,https://apify.com/am_production/instagram-direct-messages-dms-automation?fpr=youssef,social-leads,9,135,5,10,"Bulk-send Instagram DMs from a spreadsheet-simple input. Cookie login, no API keys, 99.9% success rate on 900+ runs/mo. New pay-per-event pricing: +. Rental model still available email ahmedemad9112@gmail.com"
Google Ads Scraper,LurkAPI,https://apify.com/lurkapi/google-ads-scraper?fpr=youssef,other-lead-sources,9,88,,0,"Scrape Google Ads Transparency Center by advertiser ID, domain (auto-resolved), or search term. Optional OCR, landing-page scrape, media download"
LinkedIn Jobs Scraper - Salary & Recruiter Data,FlowExtract API,https://apify.com/dz_omar/linkedin-jobs-scraper?fpr=youssef,linkedin,9,86,4.6,14,"Scrape LinkedIn job postings in bulk - title, company, exact posting date, location, salary range parsed to min/max, seniority, employment type, industry, applicant count, full description, and the recruiter who posted the job. Pay per job returned, with no per-run startup fee. No login needed"
"USPTO Trademark Search - Lookup, Availability & Data",SIÁN OÜ,https://apify.com/sian.agency/uspto-trademark-scraper?fpr=youssef,other-lead-sources,9,31,,0,"Search and extract USPTO trademark data - keyword search, brand-name availability checks, owner and full-text search, serial-number lookups, class suggestions, and expiring-mark discovery. Seven operations, one clean dataset per run. No API key, no setup"
LinkedIn User Reactions Scraper [NO COOKIES],Unseen User,https://apify.com/unseenuser/LinkedIn-user-reactions?fpr=youssef,linkedin,9,29,5,5,"Scrape every reaction (like, celebrate, support) a LinkedIn user has given, with the full post, author and engagement. Optional interest profile shows their topics, favourite authors and active hours at a glance. Paste a list of people. No login, no cookies"
Yelp Search API,John,https://apify.com/johnvc/yelp-search-api?fpr=youssef,directories,9,23,5.0,4,"Scrape Yelp search results - ranked local business listings with name, categories, star rating, and review count. Search by location and term or paste a Yelp search URL. Filter by category, sort by rating or review count, paginate, and get the place IDs that feed the Details and Reviews APIs"
Yelp Business Details API,John,https://apify.com/johnvc/Yelp-Place-API?fpr=youssef,directories,9,16,5,3,"Scrape full Yelp business profiles from business URLs or place IDs - name, rating, reviews, price, categories, phone, address, website, hours, amenities, popular dishes, photos, and review highlights. Optional full menu extraction. Batch many businesses per run"
Linkedin Email Scraper,EasyApi,https://apify.com/easyapi/linkedin-email-scraper?fpr=youssef,email-finders,8,1347,3.4,6,"Effortlessly scrape email addresses from LinkedIn profiles! Find professionals matching your keywords and specific email domains. Perfect for lead generation, recruitment, and B2B outreach campaigns. Powered by stealth technology for reliable data collection"
TikTok & YouTube & Loom Transcript Extractor & Video Downloader,Muhamed Didovic,https://apify.com/memo23/tiktok-transcript-extractor-cheerio?fpr=youssef,social-leads,8,563,3.0,11,"Transcripts from TikTok, YouTube (incl. Shorts and Live) and Loom videos as text, WebVTT and SRT, with video details. Whisper AI for videos without captions, optional MP4 download. Pay only for delivered transcripts: private or unsupported links cost nothing. Mix platforms in one run"
"YouTube Email Scraper (Profile, Website, Social, Email)",Rush,https://apify.com/futurizerush/youtube-email-scraper?fpr=youssef,email-finders,8,539,2.2,5,"Find publicly available YouTube channel contact info for outreach and research. Provide channel URLs or search by keyword to collect business emails, website links, social profiles, and channel stats from public channel pages and linked websites"
Google Map Business Scraper,Goldmine,https://apify.com/logical_scrapers/google-map-business-scraper?fpr=youssef,google-maps,8,523,4.9,3,"Scrapes business information from Google Maps including name, address, phone, website, ratings, opening Hours and more"
Social Media Posts Extractor,Caprolok,https://apify.com/caprolok/social-media-posts-extractor?fpr=youssef,linkedin,8,325,,0,"Effortlessly extract posts from Instagram, TikTok, YouTube, LinkedIn, and Twitter. Search by specific keywords and locations to quickly get structured results, including usernames, captions, engagement stats, and direct post links. Ideal for marketers, creators, and researchers"
Facebook Profiles & People Search Scraper,Storm_Scraper,https://apify.com/scrapestorm/facebook-profiles-people-search-scraper?fpr=youssef,social-leads,8,277,5,2,"Extract Public Facebook Profile Data using usernames / keywords! Collect names, profile pictures, and URLs easily. Download results in JSON, CSV, or Excel for smooth use in apps, reports, or spreadsheets. Ideal for research, outreach, lead generation, and analysis"
Instagram Analytics Tool,Rigel Bytes,https://apify.com/rigelbytes/instagram-analytics-tool?fpr=youssef,social-leads,8,232,,0,"Uncover real influencer impact with the Instagram Engagement Tool. Analyze unlimited public profiles to get engagement rates on likes, comments, and views. Go beyond follower counts!"
"Fast Yelp Business Scraper API | Ratings, Contact & Amenities",Agents,https://apify.com/theagents/yelp-business?fpr=youssef,directories,8,205,5.0,7,"Extract Yelp business profiles, ratings, operating hours, amenities, and contact details. 30+ fields per business. No Yelp API key needed. Pay per result"
Small Business Leads & Federal Contractor List - SBA DSBS,BowTiedRaccoon,https://apify.com/jungle_synthesizer/sba-crawler?fpr=youssef,email-finders,8,117,,0,"Build a small business lead list or federal contractor list from 450k+ verified businesses in the SBA Dynamic Small Business Search (DSBS). Includes contact details, 8(a) and HUBZone certifications, NAICS codes, and addresses across all 50 U.S. states"
ImmoScout24 ImmobilienScout24 Scraper (API) Lite - Monitor,ClearPath,https://apify.com/clearpath/immoscout24-api-lite?fpr=youssef,social-leads,8,101,5,1,"Neue ImmoScout24-Inserate in Echtzeit per Telegram-Alert: sei der Erste beim Vermieter. Schnelles Monitoring von Miet- & Kaufobjekten, deutschlandweit. Bis zu 90 % günstiger als Browser-Scraper. Ideal für die Wohnungssuche. Export als CSV, JSON oder Excel"
Kijiji Scraper,Gen First,https://apify.com/ivanvs/kijiji-scraper?fpr=youssef,jobs-hiring-signals,8,97,,0,"Extract data from classified advertisements on Kijiji. Scrape details from jobs, housing, items wanted, items for sale, services, cars and trucks listed on Kijiji. Download listings data in JSON, XML, Excel, and other versatile"
Onlyfans User Scraper,Rush,https://apify.com/futurizerush/onlyfans-user-scraper?fpr=youssef,other-lead-sources,8,96,5,1,"Extract public profile data from OnlyFans creators - get statistics, engagement metrics, and profile information"
Dribbble Designer Scraper,EasyApi,https://apify.com/easyapi/dribbble-designer-scraper?fpr=youssef,jobs-hiring-signals,8,79,,0,"Effortlessly scrape Dribbble designer profiles! Based on keyword searches, collect usernames, profile URLs, professional status, skills, and meta tags. Perfect for recruiters, agencies, and researchers to quickly discover and understand designers with specific expertise on Dribbble"
LinkedIn Profile Scraper - Profiles & Your Own Connections,Muhamed Didovic,https://apify.com/memo23/linkedin-profile-scraper?fpr=youssef,linkedin,8,77,5,4,"Scrape LinkedIn profiles for name, headline, full work history, education and skills. Paste profile URLs, or flip one toggle to export your own first-degree connections and scrape every one - no 1,000-result cap. Clean JSON, CSV or Excel, no monthly rental"
Facebook Marketplace Scraper + Real Time Notifications,Raidr API,https://apify.com/raidr-api/facebook-marketplace-scraper?fpr=youssef,social-leads,8,57,,0,"Search and scrape Facebook Marketplace by keyword for any category - electronics, furniture, clothing, and more. Features exact listing dates, real-time Discord alerts, age filtering, and deduplication. Built with advanced techniques for the lowest cost per run. Export to JSON, CSV, or Excel"
Youtube Text & Metadata Scraper,Fabio Borsotti,https://apify.com/ilborso/youtube-text-scraper?fpr=youssef,social-leads,8,41,,0,"Extract YouTube transcripts, AI summary, subtitles, video metadata, hashtags, thumbnails, views, duration, and release dates from YouTube videos using either a search query or a list of direct YouTube URLs. It helps you turn YouTube search results and specific video links into structured JSON data"
LinkedIn Profile Leads Enricher (no cookies),Olympus,https://apify.com/olympus/linkedin-profile-enricher?fpr=youssef,linkedin,8,24,5.0,12,Grab verified linkedin leads with emails and phone numbers by using LinkedIn profile links alongside their personal and company details
Google Ads Transparency API | Ad Library for Marketing Agents,John,https://apify.com/johnvc/google-ads-transparency-api?fpr=youssef,other-lead-sources,8,18,5,1,"List any advertiser's ads from the Google Ads Transparency Center as structured JSON: ad format, first and last shown dates, total days running, and a preview link. Competitor ad library for growth teams, agencies, and AI marketing agents. Pay per ad, MCP-ready"
Yelp Reviews API and MCP,John,https://apify.com/johnvc/Yelp-Reviews-API?fpr=youssef,directories,8,15,4.2,5,"Scrape Yelp reviews from a business URL or place ID - rating, full review text, date, reviewer name and stats, photos, owner replies, and helpful votes. Sort by date or rating, filter by stars, search within reviews, and paginate"
Instagram Follower Scraper,bhansalisoft,https://apify.com/bhansalisoft/instagram-follower-scraper?fpr=youssef,social-leads,7,2334,4.6,6,"Scrape Instagram followers from Instagram profiles in bulk. Extract usernames, names, profile URLs, profile pictures and account data for research, analytics and marketing"
YouTube Email Extractor - Fast & cheap,Storm_Scraper,https://apify.com/scrapestorm/youtube-email-extractor---fast-cheap?fpr=youssef,email-finders,7,1038,2.5,26,"Extract emails from YouTube quickly! Search by keywords, email domains, and scrape unlimited emails. Filter by domains like Gmail, Yahoo, or custom options. Get accurate email lists with YouTube source links. Start now and unlock endless possibilities for outreach!"
All-in-One Social Media Email Scraper,EasyApi,https://apify.com/easyapi/all-in-one-social-media-email-scraper?fpr=youssef,email-finders,7,846,2.9,4,"Discover emails across 30+ social platforms! Extract contact info from Facebook, Twitter, LinkedIn, and more. Perfect for lead gen, influencer outreach, and market research. Fast, efficient, and proxy-enabled. Boost your networking and marketing efforts today!"
Google Maps Email Leads Fast Scraper,Miso,https://apify.com/xmiso_scrapers/google-maps-email-leads-fast-scraper?fpr=youssef,google-maps,7,396,4.5,10,Finally scraper which delivers emails and social links for found businesses on google maps. No need to combine other actors. Try it now!
Instagram Profile Scraper Pro (pay per result),Powerful Bachelor,https://apify.com/powerful_bachelor/instagram-profile-scraper-pro-pay-per-result?fpr=youssef,social-leads,7,323,,0,"Instagram Profile Scraper Pro lets you effortlessly track Instagram profiles, including followers, engagement rate, average likes, and more! Perfect for gaining insights, monitoring competitors, and boosting your strategy. Export data in formats like JSON, CSV, and Excel"
Zoominfo Companies Scraper,Pratik Dani,https://apify.com/pratikdani/zoominfo-companies-scraper?fpr=youssef,b2b-databases,7,269,,0,"The ZoomInfo Company Profile Scraper is designed to extract detailed information from valid ZoomInfo company profiles. This tool automates the process of gathering essential company data, making it easier for users to analyze and utilize the information for various purposes"
Instagram Comment Scraper,Muhammet Akkurt,https://apify.com/muhammetakkurtt/instagram-comment-scraper?fpr=youssef,social-leads,7,234,4.9,5,"Scrape comments from Instagram posts effortlessly. This actor collects usernames, comment content, timestamps, user IDs, profile pictures, like counts, and more. Ideal for social media analysis, sentiment tracking, and engagement monitoring. Easy to use with customizable depth and sort settings"
Uber Eats Menu Scraper,SIÁN OÜ,https://apify.com/sian.agency/uber-eats-menu-scraper?fpr=youssef,other-lead-sources,7,212,5,2,"Uber Eats menu scraper. Paste one or more Uber Eats restaurant URLs and get the full menu as structured rows - restaurant name, shop ID, menu sections, dish names, descriptions and prices. Bulk URL input, clean JSON and CSV export, no account or API key needed"
Fast Google Maps Business Scraper API | Full Profiles & Data,Agents,https://apify.com/theagents/google-maps-business?fpr=youssef,google-maps,7,173,5,7,"Extract comprehensive business profiles from Google Maps with lightning speed. Our scraper delivers complete company data including contact info, hours, ratings, and amenities. Perfect for building databases, market research, and competitive analysis across Google's vast business ecosystem"
LinkedIn Jobs Scraper (No Login Required),Zebu Data,https://apify.com/delicious_zebu/linkedin-jobs-scraper-no-login-required?fpr=youssef,linkedin,7,156,5,27,"Extract LinkedIn job listings without logging in - title, company, salary, absolute post date, logo and full description. Filter by keyword, location, radius, company, date posted, Easy Apply and applicant count, paste a LinkedIn search URL, and pull past LinkedIn's 1000-result cap"
Kleinanzeigen.de Scraper (Richest output),Muhamed Didovic,https://apify.com/memo23/kleinanzeigen-search-cheerio?fpr=youssef,other-lead-sources,7,140,5.0,4,"Extract detailed listings from Kleinanzeigen.de, saving you time by automating data collection for property, product, and service ads. It helps in market analysis, competitor research, and lead generation, providing accurate and timely insights from one of Germany's largest classifieds platforms"
Zillow Scraper,FlowExtract API,https://apify.com/dz_omar/zillow-scraper?fpr=youssef,other-lead-sources,7,84,5,1,"Scrape Zillow listings by location or search URL for sale, for rent, or recently sold. Get price, address, beds, baths, size, Zestimate, tax value, agent and every photo, with large areas handled automatically"
domain.com.au,FlowExtract API,https://apify.com/dz_omar/domain-scraper?fpr=youssef,enrichment-verification,7,71,5,2,"Scrape property listings from domain.com.au prices, agent contacts, nearby schools, market insights, images & floor plans. Input any search URL with filters. Full enrichment via property-details API"
Snapchat Ads Scraper,Lexis Solutions,https://apify.com/lexis-solutions/snapchat-ads-scraper?fpr=youssef,other-lead-sources,7,65,3.4,6,Extract data from ads shown on the Snapchat platform. Download and analyze data from the Snap Ads Gallery for competitive analysis
"LinkedIn Profile Scraper - No Login, JSON & CSV",Anas Nadeem,https://apify.com/whoareyouanas/linkedin-profile-actor?fpr=youssef,linkedin,7,41,,0,"Scrape public LinkedIn profiles from URLs or usernames. Extract names, headlines, company, experience, education and skills to JSON or CSV. No account cookies required"
"Tweet Scraper - Twitter / X Tweets by Username, URL or ID",Goutam Soni,https://apify.com/goat255/twitter-tweet-scraper?fpr=youssef,social-leads,7,36,5,1,"Bulk tweet scraper for Twitter / X: pull tweets by username, tweet URL or tweet ID, with no API key and no login. Get text, media, engagement counts, language and reply or retweet flags. Great for sentiment analysis, brand monitoring and content research. One clean row per tweet"
Wyoming Business Entity Scraper,ParseForge,https://apify.com/parseforge/wyoming-business-scraper?fpr=youssef,other-lead-sources,7,29,,0,"Scrapes Wyoming Secretary of State business filings by name or filing ID. Returns entity name, filing ID, status, and standing, with an optional deep-detail pass for registered agent, principal office, and annual report fields"
Google Maps Reviewer Geo Profile API,John,https://apify.com/johnvc/google-maps-reviewer-geo-profile-api?fpr=youssef,google-maps,7,18,5,2,"Infer a Google Maps reviewer's home region from their review history. Clusters review coordinates into a standardized home-region guess (city/state/country + ISO codes), a confidence score, and a local-vs-travel footprint. One row per reviewer, for reviewer vetting and fraud research. MCP-ready"
Nextdoor Business Scraper | Neighborhood Leads,kane liu,https://apify.com/lentic_clockss/nextdoor-scraper?fpr=youssef,email-finders,7,15,,0,"Scrape Nextdoor neighborhood businesses in the US, UK, and Canada. Export names, phones, emails, websites, license IDs, and street addresses from public /pages/ and /topics/ directories. Guest pages only - no login, cookies, or Message/Call. CSV, Excel, or JSON"
Traveloka Scraper | Hotels Flights Activities SEA,kane liu,https://apify.com/lentic_clockss/traveloka-scraper?fpr=youssef,enrichment-verification,7,13,,0,"Scrape Traveloka hotels, flights, activities, car rental, airport transfer & trains across SEA locales. Extract hotel IDs, prices, ratings & detail enrich. Export Excel/CSV/JSON. Unofficial - not affiliated with Traveloka"
Spitogatos.gr & Homes,Azzouzana,https://apify.com/azzouzana/spitogatos-scraper?fpr=youssef,ellada-kypros,7,8,,0,"gr scraper, Greece's largest property portal. Paste any sale or rent search URL Price, €/m², area, rooms, floor, GPS, photos, agency & much more! Optional full details for comprehensive data-points. JSON/CSV/Excel/API. Start now!"
Instagram Hashtag Scraper,EasyApi,https://apify.com/easyapi/instagram-hashtag-scraper?fpr=youssef,social-leads,6,1628,1,2,"Effortlessly scrape Instagram hashtag data, including top posts and engagement metrics. Perfect for marketers, researchers, and data analysts looking to gain insights from Instagram trends and content performance"
Telegram Group and Channel Member Extractor Without Login,clothe fobia,https://apify.com/clothefobia/telegram-group-and-channel-member-extractor?fpr=youssef,social-leads,6,1146,3,1,Telegram Group and Channel Member Extractor -Extract member From any telegram group/channel Without Telegram Login
Instagram Hashtag Username Scraper,CoderX,https://apify.com/coderx/instagram-hashtag-username-scraper?fpr=youssef,social-leads,6,1113,3.4,5,"This actor scrapes Instagram posts based on a specified hashtag and extracts usernames, profile names, and user IDs. It helps track engaged users, analyze social media trends, and gather audience insights. Ideal for influencer research, marketing, and hashtag-based user analysis"
Instagram Comments Scraper,EasyApi,https://apify.com/easyapi/instagram-comments-scraper?fpr=youssef,social-leads,6,643,1.8,3,"Effortlessly extract comments from Instagram posts. Capture user details, engagement metrics, and nested replies. Perfect for social media analysis, influencer research, and brand monitoring. Stealth-enabled for reliable data collection"
Dice.com Jobs Scraper,FalconScrape,https://apify.com/piotrv1001/dice-com-jobs-scraper?fpr=youssef,jobs-hiring-signals,6,494,,0,"The Dice.com Jobs Scraper extracts US tech job listings from Dice.com based on search keywords and location (state), capturing salary details, remote work status, company logo, job URL, and job descriptions. Ideal for job market analysis and recruitment insights"
Amazon Seller Data Extractor,Pratik Dani,https://apify.com/pratikdani/amazon-seller-extractor?fpr=youssef,email-finders,6,389,,0,"This actor efficiently scrapes Amazon seller data, including storefront details, ratings, product listings, and contact information. It helps analyze competition and identify potential partners on the Amazon marketplace"
ZILLOW | Bypass Limit of 500 | Search |Agent | with Email,Muhamed Didovic,https://apify.com/memo23/zillow-cheerio-scraper?fpr=youssef,email-finders,6,382,5.0,10,"Unleash the full power of Zillow data - no limits, no restrictions. Comprehensive scraping for any search URL, delivering complete property insights at scale"
RocketReach Scraper,Lexis Solutions,https://apify.com/lexis-solutions/rocketreach-pr-226?fpr=youssef,b2b-databases,6,369,3.3,3,"Scrape professional contact data from RocketReach.com - including names, emails, phone numbers, company info, and social profiles. Ideal for sales prospecting, recruiting, and lead generation. Fast, structured, and customizable extraction"
Instagram Followers Scraper,The Netaji,https://apify.com/thenetaji/instagram-followers-scraper?fpr=youssef,social-leads,6,289,,0,Export the complete follower list of one or more public Instagram accounts. Resume large accounts with a saved cursor and optionally enrich every follower with a full public profile
Telegram Email Scraper,EasyApi,https://apify.com/easyapi/telegram-email-scraper?fpr=youssef,email-finders,6,287,1,1,"Effortlessly scrape email addresses from Telegram profile, channels and groups! Find Telegram content matching your keywords and specific email domains. Perfect for lead generation, community outreach, and networking. Powered by stealth technology for reliable data collection"
Idealista Scraper,axly,https://apify.com/axlymxp/idealista-scraper?fpr=youssef,other-lead-sources,6,281,4.9,2,"Scrape Idealista property listings across Spain, Italy, and Portugal. Search any location, filter by operation (sale/rent) and property type, and export full data - price, size, rooms, address, GPS coordinates, images, and agency contact. Pay only for the results you get"
Extract Eventbrite online events,scrapingxpert,https://apify.com/scrapingxpert/extract-eventbrite-online-events?fpr=youssef,other-lead-sources,6,259,5,2,"Eventbrite is a popular platform for creating and browsing events, but it doesn't have an API for directly extracting online events. Fortunately, Apify script finds the latest online occasions without coding. The extracted data can be downloaded in different formats or used for custom workflows"
Realtor.ca API Canada | Search | Page Details | Agents Scraper,Muhamed Didovic,https://apify.com/memo23/realtor-canada-search-cheerio?fpr=youssef,email-finders,6,251,5,10,"Scrape detailed information about real estate agents in Canada, including their contact information, organizations, and more"
Discover LinkedIn Company Posts,Pratik Dani,https://apify.com/pratikdani/discover-linkedin-company-posts?fpr=youssef,linkedin,6,216,,0,The Discover LinkedIn Posts by Company URL Actor extracts and provides detailed information about posts from a specified LinkedIn company profile URL
Spotify Artist: Monthly Listeners & Contact Info Scraper,Storm_Scraper,https://apify.com/scrapestorm/spotify-artist-monthly-listeners-contact-info-scraper?fpr=youssef,email-finders,6,209,4.7,24,"Collect detailed Spotify artist data: name, verification status, biography, profile image, monthly listeners, image gallery, related artists, popular albums, top cities, and social links (Facebook, Instagram, Twitter). Perfect for analyzing the music industry and research projects!"
"Tinder Email Scraper - Advanced, Cheapest & Reliable",ContactMinerLabs,https://apify.com/contactminerlabs/tinder-email-scraper---advanced-cheapest-reliable?fpr=youssef,email-finders,6,190,2.7,2,"Scrape Tinder Emails Enter your search parameters to collect verified contact emails from Tinder profiles, along with profile title, bio, source URL & platform info Perfect for lead generation, influencer outreach & data enrichment in tools like Google Sheets or CRMs"
Dentist Finder,Sam,https://apify.com/cleansyntax/dentist-finder?fpr=youssef,email-finders,6,175,4,1,"Dentist Finder is a comprehensive database providing access to detailed information on all licensed dentists across the USA. This API delivers up-to-date data, including contact details, specialties, office locations, and more"
Europages Scraper,SASWAVE,https://apify.com/saswave/europages-scraper?fpr=youssef,email-finders,6,172,,0,"Europages company scraper. From any domain name. Extract company information from a europages search url. Collect data about company name, description, VAT ID, phonenumber, email, fax, address, website, employee count and more"
Dutch Supermarkets (all 11),Harvest Edge,https://apify.com/harvestedge/dutch-supermarkets-all-11?fpr=youssef,other-lead-sources,6,160,,0,"Scrape all 11 dutch supermarket chains for price, product, url, and size. Albert Heijn, Jumbo, Dirk, SPAR, Hoogvliet, Aldi, Lidl, Vomar, Poiesz, Plus, DekaMarkt. Netherlands, Nederland, supermarkt"
Trustpilot Scraper,Muhamed Didovic,https://apify.com/memo23/apify-trustpilot-cheerio?fpr=youssef,directories,6,149,5,5,Enterprise-grade Trustpilot scraper that extracts 40+ data points per review with built-in analytics and 100% verified reviews coverage. Perfect for business intelligence and market research
Welcome to the jungle scraper,SASWAVE,https://apify.com/saswave/welcome-to-the-jungle-scraper?fpr=youssef,enrichment-verification,6,133,1,1,"Welcome to the jungle scraper. Retrieve jobs, companies from welcometothejungle.com website and extract search results informations. Helps for Intent based marketing campaigns. Extract valuable data: social networks, website, tech stack, job count... jobtitle, salary, benefits, remote, date"
YouTube Channel Email Scraper - YouTube Influencer,Andrey Afanasenko,https://apify.com/afanasenko/youtube-channel-scraper?fpr=youssef,email-finders,6,75,,0,"YouTube channel scraper: find creators worth partnering with. Search channels by niche keyword, category or region, then get emails, contacts, social links, subscriber and view counts, engagement metrics and a partnership score per channel. Export channel data to CSV, JSON or Excel"
Loom Video Download & Transcript Extractor,Muhamed Didovic,https://apify.com/memo23/loom-scraper?fpr=youssef,other-lead-sources,6,72,5,3,"Extract transcripts and metadata from public Loom videos. Delivers cleaned text, VTT, and SRT formats alongside title, creator, and duration details. Now features optional MP4 video downloading. Perfect for archiving, documentation, and accessibility"
"RockAuto Auto Parts Scraper - car parts, prices - No Login",Fortuitous Pirate,https://apify.com/fortuitous_pirate/rockauto-scraper?fpr=youssef,other-lead-sources,6,69,,0,"Scrape RockAuto auto parts catalog for part numbers, prices, fitment data, brands, and availability. Extract comprehensive automotive parts data for price comparison, inventory management, and market analysis. No login or cookies. MCP-ready for AI agents"
Crexi Scraper [] | Commercial CRE | Broker Leads,Ahmed Jasarevic,https://apify.com/ahmed_jasarevic/crexi-property-broker-data-scraper-pro?fpr=youssef,other-lead-sources,6,68,5.0,7,Extract commercial real estate listings and broker data from Crexi for investment research and lead generation. Build CRE deal pipelines and broker contact datasets
Flippa Scraper | All-In-One,Fatih Tahta,https://apify.com/fatihtahta/flippa-search-scraper?fpr=youssef,other-lead-sources,6,52,5,1,"Get online business listings, app sales, and digital asset data from Flippa, the leading marketplace for buying and selling websites and SaaS products. Extract titles, prices, revenue, profit, monetization models, seller info. Ideal for market research, portfolio scouting, and acquisition analysis"
"AutoScout24 Scraper - Vehicle Listings, Prices & 30+ Fields",Abot API,https://apify.com/abotapi/autoscout24-scraper?fpr=youssef,other-lead-sources,6,40,5,1,"A lean, production-grade scraper for autoscout24.com. Point it at a search, get back clean JSON with 30+ fields per vehicle. Designed for dealers, market analysts, valuation pipelines, lead generation, and anyone who needs autoscout24 data on tap"
Website Tech Stack Lookup & Reverse Lead Finder + Email,Santhej Kallada,https://apify.com/santhej/technology-lookup-pro?fpr=youssef,email-finders,6,37,,0,"Detect any website's tech stack and reverse-find every domain using Shopify, Klaviyo, HubSpot & 1000+ technologies - with contact emails. BuiltWith alternative"
ZoomInfo Company & Contacts Scraper - Leads | No Login,Vitalii Bondarev,https://apify.com/bovi/zoominfo-scraper?fpr=youssef,email-finders,6,18,,0,"Scrape public ZoomInfo company profiles into rich JSON: firmographics, executives, competitors, technologies, news, funding - PLUS one lead record per person (name, title, LinkedIn, location, email pattern, masked email/phone). Paste URLs, get companies + contacts. No login, no API key"
TikTok Shop Product Scraper | Prices Sold Global,kane liu,https://apify.com/lentic_clockss/tiktok-shop-scraper?fpr=youssef,social-leads,6,10,,0,"Scrape TikTok Shop products - keyword, category, home discover & PDP across US/UK/Asia regions. Extract productId, prices, ratings, sold counts & shop info. Export Excel/CSV/JSON for research & price monitoring"
Google Maps Scraper,DATARAVA,https://apify.com/datarava/google-maps-scraper?fpr=youssef,google-maps,5,690,5,13,"Scrape Google Maps business data at scale. Extract phone numbers, emails, reviews, ratings, addresses & more from thousands of locations. Enrich results with real-time emails and social links from business websites. Export instantly or automate via API"
Instagram Complete Profile Scraper,DataFusionX,https://apify.com/devil_port369-owner/instagram-complete-profile-scraper-ppr?fpr=youssef,social-leads,5,645,5.0,7,Scrape Instagram profile details. Email and Phone also available if mentioned in bio profile and post caption or if it is a public account. Instagram scraper no cookies cheapest version available in the market
Booking Scraper,Bebity,https://apify.com/bebity/booking-stays-scraper?fpr=youssef,other-lead-sources,5,582,,0,"Fast, no-code Booking.com scraper with LLM- & agent-optimized input & output. Extract hotels, apartments, hostels, B&Bs & villas by location, URL or property ID - prices, availability, star ratings, review scores, photos, facilities & coordinates. Export to JSON, CSV or Excel"
Linkedin Group Member Scraper,bhansalisoft,https://apify.com/bhansalisoft/linkedin-group-member-scraper?fpr=youssef,linkedin,5,473,5,1,Linkedin Group Member Scraper- is Advance Software with Unique Feature for Extract Member information from Any Linkedin Group - update 07/06/2026 via api now very fast
Instagram Reels Scraper,EasyApi,https://apify.com/easyapi/instagram-reels-scraper?fpr=youssef,social-leads,5,366,1,2,"Effortlessly scrape Instagram Reels data from user profiles. Extract comprehensive metadata, including view counts, likes, comments, and media URLs. Perfect for content analysis, influencer research, and competitor tracking"
Social Media Email Scraper 2025,Chito Sibug,https://apify.com/chitosibug3/social-media-email-scraper-2025?fpr=youssef,email-finders,5,361,5,1,Find Social Media Email (Youtube、TikTok、Twitter、Instagram、Linkedin) from Private Database and realtime social network search (NOT ONLY find email in description!)
Fast Google Maps Reviews Scraper API | Extract Ratings & Text,Agents,https://apify.com/theagents/google-maps-reviews?fpr=youssef,google-maps,5,353,5,7,"Extract valuable business reviews from Google Maps at high speed. Our cost-effective scraper delivers comprehensive review data, ratings, and customer sentiments to fuel your business intelligence. Monitor brand reputation, analyze competitors, make data-driven decisions with unmatched reliability"
BBB Business Directory Scraper,EasyApi,https://apify.com/easyapi/bbb-business-directory-scraper?fpr=youssef,directories,5,283,,0,"Scrape business listings from BBB.org (Better Business Bureau) including company details, ratings, contact information, and accreditation status. Perfect for market research and lead generation"
Facebook Group Auto Poster,bhansalisoft,https://apify.com/bhansalisoft/facebook-group-auto-poster?fpr=youssef,social-leads,5,237,1.2,2,"Automate Facebook group posting with a Facebook Group Auto Poster. Post multiple messages to multiple Facebook groups with customizable delays and execution tracking. Ideal for Facebook marketing, content distribution, community promotion, and lead generation"
Weibo Scraper,FalconScrape,https://apify.com/piotrv1001/weibo-scraper?fpr=youssef,other-lead-sources,5,234,5,2,"The Weibo Scraper efficiently extracts posts from Weibo's main feed, capturing likes, comments, shares, text content, images, videos, and profile data. It allows setting a maximum number of posts to fetch, making it ideal for social media analysis, trend monitoring, and engagement tracking"
Restaurant Email List,Sam,https://apify.com/cleansyntax/restaurant-email-list?fpr=youssef,email-finders,5,222,5,1,"This Apify actor provides a list of restaurant email addresses and related details by state. Simply select a U.S. state from the input form, and the actor will return the following fields for each restaurant: restaurant_name, address, city, state, zipcode, phone, email, and category"
YellowPages Australia Lead Generator,Zebu Data,https://apify.com/delicious_zebu/yellowpages-australia-lead-generator?fpr=youssef,directories,5,171,5,30,"Scrape YellowPages.com.au by keyword and location: business name, phone, email, website, address, rating, reviews, opening hours, categories and social links. Filter by Open Now, local or popular businesses and sort by distance, rating or name"
Linkedin Phone Number Scraper - Cheapest & Reliable,ContactMinerLabs,https://apify.com/contactminerlabs/linkedin-phone-number-scraper---cheapest-reliable?fpr=youssef,email-finders,5,158,1,1,"Scrape Mass/Bulk Linkedin Phone Numbers Enter your search parameters to collect verified phone numbers from Linkedin profiles, along with profile title, bio snippet, country, source URL & platform info Perfect for lead generation and contact enrichment in tools like Google Sheetsor CRMs"
Zillow Scraper - Property Listings & Search API,Zebu Data,https://apify.com/delicious_zebu/zillow-property-data-scraper?fpr=youssef,other-lead-sources,5,147,5.0,27,"Scrape Zillow listings into structured data: price, beds/baths, Zestimate, rent estimate, days on Zillow, photos, agent & MLS info + 50 more fields. Paste any search URL, or just pick a location and set filters like on Zillow. Fast API-based scraping. Pay per result"
Reddit Scraper - Neatrat,Neatrat,https://apify.com/neatrat/reddit-scraper?fpr=youssef,social-leads,5,142,5,4,High-speed Reddit scraping. No API limits. No Proxies needed
Fast Realtor Agents API Scraper,Muhamed Didovic,https://apify.com/memo23/apify-realtor-scraper?fpr=youssef,b2b-databases,5,142,5,5,Empower your marketing and research efforts with precise Realtor.com agent data. Extract valuable insights seamlessly!
Expedia Review Scraper Pro,datawizards,https://apify.com/hello.datawizards/Expedia-Review-Scraper-Pro?fpr=youssef,other-lead-sources,5,121,1.7,2,"Extract detailed Expedia hotel reviews in JSON with the Expedia Review Scraper Pro. Get scores, text, themes, and more from hotel URLs. Ideal for hospitality insights and sentiment analysis. Uses residential proxies for reliable scraping. Built by DataWizards for fast, scalable data extraction"
Auction.com Property Scraper,ParseForge,https://apify.com/parseforge/auction-com-property-scraper?fpr=youssef,other-lead-sources,5,102,5,4,"Scrape property auction listings from Auction.com. Extract property details including address, price, auction date, property type, square footage, bedrooms, bathrooms, and more. Supports filtering by state, property type, and price range"
Career Site Jobs Scraper - 25+ ATS & RMP Platforms,NanoScrape,https://apify.com/santamaria-automations/career-site-jobs-scraper?fpr=youssef,jobs-hiring-signals,5,87,,0,"Extract job listings from 25 ATS & RMP Platforms.. Supports Lever, Greenhouse, Workable, Ashby, Teamtailor, Personio, SmartRecruiters, BambooHR, Workday, iCIMS, Recruitee, JOIN, Pinpoint, Rippling, JazzHR, Comeet and more ATS career portals soon"
Website Job Extractor (HTTP),NanoScrape,https://apify.com/santamaria-automations/website-job-extractor?fpr=youssef,jobs-hiring-signals,5,73,5,1,"Scrape job listings directly from company websites / career pages / ATS systems. Unlike job portals, letting you identify hiring intent the moment it happens. The freshest signal for B2B targeting. AI-extracted with automatic ATS detection and anti-hallucination validation"
OnlyFans Profile Scraper,SilentFlow,https://apify.com/silentflow/onlyfans-scraper-ppe?fpr=youssef,other-lead-sources,5,72,,0,"Best OnlyFans profile scraper with pay-per-result pricing. Extract bio, subscription price, posts count, photos, videos, total media, favorites, subscribers, active promotions, subscription bundles, avatar, header image, join date, social links, location and 90+ data fields. Proxies included"
B2B Lead Enrichment,Banea Teodor,https://apify.com/teodor_banea/b2b-lead-enrichment-free?fpr=youssef,b2b-databases,5,70,,0,"Turn a simple list of company domains into rich, actionable company profiles. Upload a CSV with company domains, and get back firmographic data, technology stacks, contact emails, social links, and industry classification. No paid API keys required. Everything runs on publicly available data"
"TikTok Email Scraper - Advanced, Cheapest & Reliable",ContactMinerLabs,https://apify.com/contactminerlabs/tiktok-email-scraper---advanced-cheapest-reliable?fpr=youssef,email-finders,5,65,,0,"Scrape TikTok Emails Enter your search parameters to collect verified contact emails from public TikTok profiles, along with profile title, bio snippet, source URL & platform info Perfect for lead generation, influencer outreach & data enrichment in tools like Google Sheets or CRMs"
G2.Com Scraper (It works),Luffy,https://apify.com/coder_luffy/g2-scraper?fpr=youssef,directories,5,60,5,3,"G2.com scraper that pulls software listings, ratings, pros and cons, and market segment data from any category page, so you can track a market without checking it manually"
Metrocuadrado Scraper,Knowten,https://apify.com/knowten/metrocuadrado-scraper?fpr=youssef,other-lead-sources,5,32,5,9,"Scraper ultra rápido de Metrocuadrado Colombia. Extrae fácilmente miles de propiedades con filtros precisos: precio, ciudad, habitaciones y estrato. Obtén información clave: coordenadas, áreas, fotos, descripciones y precios. Perfecto para el análisis del mercado y la prospección inmobiliaria"
xe.gr - Greek Real Estate,Swerve,https://apify.com/swerve/xe-scraper?fpr=youssef,ellada-kypros,5,18,,0,"Scrape real estate listings from xe.gr, Greece's #1 classifieds site. Returns price, area, rooms, location, images, and floor for rent and sale listings. Paste any xe.gr search URL"
Instagram Followers Scraper,DataFusionX,https://apify.com/devil_port369-owner/instagram-followers-scraper?fpr=youssef,social-leads,4,1018,4.7,15,"The Instagram Followers Scraper extracts follower data from public Instagram account. Ideal for influencer marketing, audience analysis, and business intelligence. Safe API rates ensure account protection while providing valuable insights"
Google search Parser google maps / my business,SASWAVE,https://apify.com/saswave/google-search-parser-google-maps-my-business?fpr=youssef,google-maps,4,870,1,1,"Extract company infos from google search results, right side box (website, phone number, reviews, social accounts, address..) Allows you to automate enrichment using queries with a combination of company name, website domain and street address (complete or partial). Check readme for some exemples"
Website Email Contact Scraper,Omkar Cloud,https://apify.com/omkar-cloud/website-email-contact-scraper?fpr=youssef,email-finders,4,528,5,1,"Website Email & Contact Scraper to extract emails, phone numbers & social profiles from any website. Export contact data as JSON, CSV, or Excel"
Instagram Profile Scraper Pro,Powerful Bachelor,https://apify.com/powerful_bachelor/instagram-profile-scraper-pro?fpr=youssef,social-leads,4,510,5,2,"Instagram Profile Scraper Pro extracts detailed data like engagement rate, followers, profile pic, and more from Instagram profiles! Perfect for influencers, marketers, and analysts. Export data in multiple formats and gain deep insights easily!"
Instagram Like & Comments Scraper,SASWAVE,https://apify.com/saswave/instagram-like-comments-scraper?fpr=youssef,social-leads,4,483,5,1,"List all your followers likes and comments on your posts for data analysis. You can also list likes from a posts you are not the owner, instagram limit of 100 likers per post You can narrow down, who is engaging and who might be a bot, dragging down your reach/engagement. Boost your instagram posts"
Free Google Maps Scraper - Simplified Version,Blue Orion,https://apify.com/blueorion/free-google-maps-scraper-simplified?fpr=youssef,google-maps,4,428,3.3,5,"Simplified version of ""Free Google Maps Scraper - Low-cost & Extensive"". FASTER & CHEAPER"
Facebook Group Member Scraper & Extractor,bhansalisoft,https://apify.com/bhansalisoft/facebook-group-member-scraper?fpr=youssef,social-leads,4,388,1,2,"Facebook Group Member Scraper & Extractor for extracting available Facebook group member data, profile URLs, member IDs, and group information. Export results to CSV and Excel"
Instagram Posts Scraper,EasyApi,https://apify.com/easyapi/instagram-posts-scraper?fpr=youssef,social-leads,4,361,,0,"Effortlessly scrape Instagram posts data from multiple users. Extract comprehensive details including likes, comments, captions, hashtags, and more. Perfect for social media analysis, market research, and content monitoring"
TikTok Hashtag API,Novi,https://apify.com/novi/tiktok-hashtag-api?fpr=youssef,social-leads,4,275,5,2,"Dominate TikTok with our Hashtag API! Get instant access to trending video data, watermark-free downloads, and optimize your content for maximum impact"
Instagram Bulk DM,Mikolabs,https://apify.com/mikolabs/instagram-bulkdm?fpr=youssef,social-leads,4,262,5.0,7,This Actor allows you to send personalized direct messages to multiple Instagram users with customizable delays between messages
Millions Of Businesses Leads With Email - Monthly Rental,Miso,https://apify.com/xmiso_scrapers/flat-fee-monthly-rental-millions-us-businesses-leads-with-email?fpr=youssef,email-finders,4,251,4.8,7,"Scrape up to 100k leads/month for If you need large amounts of email leads, this version of businesses leads from Google Maps is for you. This is clone of this Actor: https://apify.com/xmiso_scrapers/millions-us-businesses-leads-with-emails-from-google-maps"
Fast LinkedIn Job Scraper,Gen First,https://apify.com/ivanvs/fast-linkedin-job-scraper?fpr=youssef,linkedin,4,190,,0,"Extract job listings from Linkedin. Scrape details job details like when it is posted, number of applicants, location and salary range. Download listings data in JSON, XML, Excel"
Facebook Marketplace Vehicle Scraper + Real Time Notifications,Raidr API,https://apify.com/raidr-api/facebook-marketplace-vehicle-scraper?fpr=youssef,social-leads,4,179,5,4,"Scrape Facebook Marketplace vehicles by make, model, year, price, and mileage. Features exact listing dates, real-time Discord notifications, smart age filtering, and deduplication. Optimized for lowest cost per run using advanced extraction techniques. Export to JSON, CSV, or Excel"
Clutch.co Scraper with Emails & Reviews,Fatih Tahta,https://apify.com/fatihtahta/clutch-co-scraper?fpr=youssef,email-finders,4,156,2.1,2,"Extract clean, rich agency and service provider profiles data right from Clutch.co. It grabs every visible listing to deliver names, websites, ratings, addresses, pricing and more. Ideal for prospecting, benchmarking, and market research"
Lawyer Email Scraper,Sam,https://apify.com/cleansyntax/lawyer-email-list?fpr=youssef,email-finders,4,148,5,2,"High-speed lead generation tool to scrape lawyer and attorney contacts from across the USA. Search by state and area to build a targeted lawyer email databases including full names, law firm offices, and practice areas"
Instagram Phone Number Scraper - Cheapest & Reliable,ContactMinerLabs,https://apify.com/contactminerlabs/instagram-phone-number-scraper---cheapest-reliable?fpr=youssef,email-finders,4,142,,0,"Scrape Mass/Bulk Instagram Phone Numbers Enter your search parameters to collect verified phone numbers from Instagram profiles, along with profile title, bio snippet, country, source URL & platform info Perfect for lead generation and contact enrichment in tools like Google Sheetsor CRMs"
Faire Brand Scraper,SASWAVE,https://apify.com/saswave/faire-brand-scraper?fpr=youssef,other-lead-sources,4,135,,0,"Faire.com scraper. Extract brands information listing and similar brands. Provide lists of brands urls to monitor. Stay updated on your competition. Get data about social accounts, product count, business VAT, country, minimum order amount, is selling on amazon, discounts and more"
Linkedin Company Followers Scraper,Data LinkMiner,https://apify.com/data_link_miner/linkedin-company-followers-scraper?fpr=youssef,linkedin,4,127,,0,"Extract and monitor LinkedIn company page followers to power your sales, marketing, and outbound strategies. Track new followers over time, and turn engagement into opportunities. You must be an admin of the company page to access the followers list"
Willhaben.at Car Scraper,Real Spidery,https://apify.com/real_spidery/willhaben-at-car-scraper?fpr=youssef,email-finders,4,118,4.1,3,"Fast and lightweight Willhaben.at scraper allows you to deep dive in the largest Austria online car/real estate market for buyers and sellers. Export scraped data, run the scraper via API, schedule and monitor runs or integrate with other tools. Custom solution is available, just drop us an email"
All Events Scraper,Techforce Global,https://apify.com/techforce.global/all-events-scraper?fpr=youssef,other-lead-sources,4,113,4.9,9,"A fast and reliable scraper for AllEvents.in that extracts event titles, dates, locations, interested people count, and more. Provides clean, structured data with support for Markdown, pagination, and easy API integration for your applications"
Lead Enrichment API Multi-Provider B2B Data Enrichment,The Howlers,https://apify.com/alizarin_refrigerator-owner/lead-enricher?fpr=youssef,b2b-databases,4,101,,0,"Enrich your leads w/company & contact data from 10+ enrichment providers. Perfect for sales prospecting, lead scoring, CRM enrichment, and account-based marketing. 10 Provider Integrations: Apollo, Clearbit, ZoomInfo, IPinfo, FullContact, Hunter, Lusha, Snov, RocketReach & People Data Labs"
Signal.nfx Scraper with Emails,Fatih Tahta,https://apify.com/fatihtahta/signal-nfx-scraper?fpr=youssef,email-finders,4,97,3.7,4,"Scrape Signal.NFX investor lists into enriched, structured data. Extract Investor LinkedIn profiles, emails, firm details, check sizes, investment history, portfolio data, locations, vertical focus. Export clean JSON/CSV/Excel for fundraising, investor targeting, outreach & market mapping"
HelloWork Scraper,Lexis Solutions,https://apify.com/lexis-solutions/hellowork-scraper?fpr=youssef,jobs-hiring-signals,4,93,5,7,"The HelloWork scraper is a web scraping tool that retrieves job postings from HelloWork, a job search website in France Le scraper HelloWork est un outil de web scraping qui récupère les offres d'emploi de HelloWork, un site de recherche d'emploi en France"
"Youtube Channel Scraper | Subs, Stats & Contact",Apizy,https://apify.com/apizy/youtube-channel-scraper?fpr=youssef,social-leads,4,85,5,6,"Scrape YouTube channel subscribers, views, engagement rate, email, and social links. Transparent pay-per-success pricing -, only when it succeeds. Never charged for failures. 100 channels = No subscriptions, no hidden fees"
FINRA BrokerCheck Scraper,ParseForge,https://apify.com/parseforge/finra-brokercheck-scraper?fpr=youssef,other-lead-sources,4,76,5,3,"Scrape FINRA BrokerCheck for individual brokers and firms. Search by name, CRD, firm, city, state, or exam. Get registration history, disclosures, and exam records. Export to CSV, JSON, Excel, or XML"
Linkedin Ads Scraper,Data Xplorer,https://apify.com/data_xplorer/linkedin-ads-scraper?fpr=youssef,linkedin,4,66,1.1,2,"Unlock LinkedIn Ads Insights: Transform LinkedIn Ad Library data into structured analytics. Extract comprehensive ad performance, targeting strategies, and campaign metrics with automated calculations. Access real-time advertising intelligence through simple API calls"
"Substack Scraper - Posts, Newsletters & Comments",LIAICHI MUSTAPHA,https://apify.com/scraper_guru/substack-scraper?fpr=youssef,other-lead-sources,4,65,2.6,2,"Substack scraper for posts, newsletters, authors, subscriber data, full public content, engagement, and nested comments. Search by keyword or scrape any publication"
Skool Group Scraper,Rush,https://apify.com/futurizerush/skool-group-scraper?fpr=youssef,other-lead-sources,4,65,5,1,"Scraped Skool group with details including names, descriptions, member counts, and pricing"
Malt Profiles Scraper by query,Shoya,https://apify.com/shoya/malt-profile-scraper?fpr=youssef,other-lead-sources,4,49,1.3,3,"Extrayez les profils freelance de Malt.fr par mots-clés. Données: nom, TJM, note, avis, projets réalisés, compétences, position dans les résultats. Pagination jusqu'à 5 pages. Idéal pour l'analyse concurrentielle et le recrutement de freelances"
Airbnb Reviews Scraper,Agenscrape,https://apify.com/agenscrape/airbnb-reviews-scraper?fpr=youssef,other-lead-sources,4,41,5,3,"Scrape reviews from any Airbnb listing. Extract star ratings, guest comments, reviewer details, host responses, and review photos. Supports bulk scraping with full pagination"
"LinkedIn Jobs Scraper - No Login, Salary & Company Data",kane liu,https://apify.com/lentic_clockss/linkedin-jobs-scraper?fpr=youssef,linkedin,4,40,,0,"Scrape LinkedIn jobs without login across ~45 countries. Filter by company, industry, job function, and Easy Apply. Extract salary, apply links, and applicant counts for recruiting and lead generation"
Propwire Property Owner Scraper,ScrapySpider,https://apify.com/scrapyspider/propwire-property-owner-scraper?fpr=youssef,other-lead-sources,4,25,,0,"Extract property ownership data from Propwire using US addresses or direct property URLs. Get owner names, mailing addresses, property counts, business entity detection, and property details in structured JSON"
SubReddit Info Scraper,AgentX,https://apify.com/agentx/subreddit-info-scraper?fpr=youssef,other-lead-sources,4,22,5,2,"Subreddit info scraper that profiles one community in a single call - 47 structured fields covering public descriptions, subscriber counts, access and content flags, submission and archiving settings, brand assets, sticky posts, rules, and wiki pages. Actor Start"
Vrisko Scraper - Greek Business Directory (vrisko.gr),Crawler Bros,https://apify.com/crawlerbros/vrisko-scraper?fpr=youssef,ellada-kypros,4,8,5,1,"Scrape vrisko.gr, Greece's leading business directory. Search by category/keyword and city/region, or fetch full business profiles by URL. Get names, addresses, phone numbers, emails, websites, ratings, reviews, opening hours, and social links"
"Greece GEMI Company Registry Scraper - Officers, VAT, Accounts",Scrapers Lat,https://apify.com/scrapers_lat/greece-gemi-companies-scraper?fpr=youssef,ellada-kypros,4,7,,0,"Search the Greek company registry (GEMI) by name, GEMI number, VAT (AFM) or officer. Get legal form, status, address, share capital, KAD activities, officers with shareholding, branches, published annual accounts with auditors, filings, chamber, phone and email. Export to JSON, CSV or Excel"
Rakuten Japan Scraper | Ichiba Listings Prices,kane liu,https://apify.com/lentic_clockss/rakuten-scraper?fpr=youssef,other-lead-sources,4,6,,0,"Scrape Rakuten Japan (Ichiba) - keyword search, genres, item PDP, shops & rankings. Extract itemId, JPY prices, shop codes, shipping, points, reviews. Export Excel/CSV/JSON for price monitoring & catalog research"
Zomato Restaurant Reviews Scraper,Factden,https://apify.com/factden/zomato-restaurant-reviews-scraper?fpr=youssef,other-lead-sources,4,6,5.0,3,"Scrape Zomato restaurant reviews at scale - ratings, full review text, reviewer, owner responses, plus a per-restaurant lead record (phone, address, geo, cuisines, cost, rating). Paste restaurant URLs, city/locality listing URLs, or IDs. Filter by rating/date; export JSON/CSV"
"Website Status Checker & Bulk Domain Check: Live, Parked, Dead",Pvalyou,https://apify.com/pvalyou/website-liveness-check?fpr=youssef,email-finders,4,5,,0,"Bulk domain check, one verdict per domain with the evidence: live, stale, placeholder, redirected, parked, expired or dead, a 0 to 100 score and the reason. Plus WHOIS registration, domain age and expiry, email provider with SPF and DMARC, certificate, hosting and tech. a domain"
Crunchbase Any Search Results Scraper,SASWAVE,https://apify.com/saswave/crunchbase-search-results?fpr=youssef,b2b-databases,3,822,,0,"Scrape crunchbase and Download ANY Crunchbase search results in a json file (companies, funding, acquisition, peoples...). Only PRO plan needed"
Yellow Pages,McDowell,https://apify.com/mcdowell/yellow-pages?fpr=youssef,directories,3,617,2.0,2,"Scrape Yellow Pages for addresses, categories, names and phone numbers from listings"
Google Maps Scraper,EasyApi,https://apify.com/easyapi/google-maps-scraper?fpr=youssef,google-maps,3,604,1.6,3,"Powerful Google Maps scraper, collect up to 5000 place results per time, with flexible search options, language support. Perfect for market research, local business discovery, and geospatial data collection"
Instagram Email Extractor,clothe fobia,https://apify.com/clothefobia/instagram-email-extractor?fpr=youssef,email-finders,3,550,2.9,2,Instagram Email Extractor-Scrap Emails from instagram unique technology with any keyword
LinkedIn Email Scraper ( Fast & Affordable),Storm_Scraper,https://apify.com/scrapestorm/linkedin-email-scraper-fast-affordable?fpr=youssef,email-finders,3,447,3.4,4,"This LinkedIn Email Scraper extracts email addresses from LinkedIn based on your selected keywords and email domains. You can also set the max number of items for results. Perfect for creator outreach and collaborations, it delivers fast and accurate results"
Yelp Advanced Data Scraper,Zebu Data,https://apify.com/delicious_zebu/yelp-advanced-data-scraper?fpr=youssef,directories,3,408,5,29,"Search Yelp by keyword and location, or paste filtered search URLs, and get a full record per business: rating, reviews, phone, website, hours, amenities, popular dishes, health scores and Q&A. Filter by price, sort and language. Built for market research"
Dice.com US Tech Jobs Scraper,Lexis Solutions,https://apify.com/lexis-solutions/dice-com-jobs-scraper?fpr=youssef,jobs-hiring-signals,3,320,5,10,"Scrape US tech jobs data from dice.com. Export to Excel, CSV, JSON, or API with Apify. Extract job listings, salaries, locations, and more"
Zoominfo People Profile Scraper,Pratik Dani,https://apify.com/pratikdani/zoominfo-people-profile-scraper?fpr=youssef,b2b-databases,3,305,,0,"This actor scrapes Zoominfo people profiles, extracting valuable contact information like email addresses, phone numbers, job titles, and company details. Perfect for lead generation and targeted outreach campaigns"
Instagram Profile Hunter: Bulk Website to Instagram Mapper,David,https://apify.com/6sigmag/instagram-profile-hunter-bulk-website-to-instagram-mapper?fpr=youssef,social-leads,3,249,5,1,"Transform website URLs into valuable Instagram business profiles in bulk. Automatically extract domains and find associated Instagram accounts for powerful lead generation, competitor analysis, and market research. Save hours of manual work with this efficient automation tool"
Facebook Likes Scraper (Fast & Cheap),Storm_Scraper,https://apify.com/scrapestorm/facebook-likes-scraper-fast-cheap?fpr=youssef,social-leads,3,231,1.9,9,"Collect Facebook likes data from posts. Retrieve the URL, name, ID, and profile photo of users who liked, with the option to set a maximum number of results to scrape. Download data in JSON, CSV, or Excel formats for use in apps, reports, spreadsheets, or analytics"
Yelp Business Scraper,FalconScrape,https://apify.com/piotrv1001/yelp-business-scraper?fpr=youssef,directories,3,226,5,1,"The Yelp Business Scraper extracts business listings and enriched profiles from Yelp by search term and location, capturing names, star ratings, review counts, price ranges, categories, neighborhoods, phone numbers, full addresses, and websites - ideal for lead generation and market research"
YouTube Shorts/Videos - SRT/VTT/Whisper AI Fallback/Translate,Muhamed Didovic,https://apify.com/memo23/youtube-video-details-scraper?fpr=youssef,social-leads,3,211,5,5,"Extract YouTube transcripts as SRT, VTT, JSON or plain text from any video, Short or embed. Captions first, with yt-dlp and Whisper AI fallbacks for caption-less videos. Auto-translate to 100+ languages, plus full metadata, engagement stats & optional MP4 download"
"Discord Email Scraper - Advanced, Cheapest & Reliable",ContactMinerLabs,https://apify.com/contactminerlabs/discord-email-scraper---advanced-cheapest-reliable?fpr=youssef,email-finders,3,204,,0,"Scrape Discord Emails Enter your search parameters to collect verified contact emails from public Discord profiles, along with profile title, bio snippet, source URL & platform info Perfect for lead generation, influencer outreach & data enrichment in tools like Google Sheets or CRMs"
AI Linkedin Post Scraper,The Howlers,https://apify.com/alizarin_refrigerator-owner/linkedin-post-scraper?fpr=youssef,linkedin,3,195,,0,Scrape viral/trending LinkedIn posts by hashtag or keyword search. Perfect for finding content inspiration and building a library of top-performing posts in your niche. Get top posts from any LinkedIn hashtag. Find posts matching specific keywords. Output formatted for AI voice analysis
Cold Email Lead Finder | LinkedIn Profile,Purple Beep Boop,https://apify.com/purple_beep_boop/find-b2b-emails-for-outreach?fpr=youssef,email-finders,3,177,3.4,4,Scrape B2B LinkedIn data + business emails in bulk for cold email. Only pay per email. Leads returned with no email are free. No cookies or account required
Contact Info Scraper with Emails and Phones,Intelecta.ai,https://apify.com/intelecta/fast-contact-info-scraper-with-emails?fpr=youssef,email-finders,3,177,3.3,7,"A powerful Apify actor that scrapes emails, phone numbers, and social media profiles from a list of websites, following internal links for thorough contact extraction. Ideal for lead generation, research, and building structured contact databases"
Etsy Listings Scraper,FalconScrape,https://apify.com/piotrv1001/etsy-listings-scraper?fpr=youssef,other-lead-sources,3,174,1,3,"The Etsy Listings Scraper efficiently extracts product data from Etsy pages, capturing titles, images, brands, prices, and product URLs. Ideal for market analysis, competitor tracking, and e-commerce research"
Companies House UK Scraper,Lexis Solutions,https://apify.com/lexis-solutions/companies-house-uk-scraper?fpr=youssef,b2b-databases,3,168,4.6,8,"Scrape company info from UK Companies House. Extract company registration number, address, status, incorporation date, URL, and more"
Glassdoor Jobs Scraper & API - Salary Data,Newbs,https://apify.com/newbs/Glassdoor-Job-Scraper?fpr=youssef,jobs-hiring-signals,3,152,,0,"Scrape Glassdoor jobs by keyword, free-text location, company page, or bulk URLs. Export salaries, ratings, posting age, Easy Apply, descriptions, and new-job monitoring data"
Discover & Verify Professional Emails,EasyApi,https://apify.com/easyapi/discover-verify-professional-emails?fpr=youssef,email-finders,3,142,,0,"Discover and verify professional email addresses instantly with our advanced Email Finder. Combines smart pattern generation with comprehensive verification checks. Perfect for sales teams, recruiters, and marketers seeking validated contact information"
Dach Region 2M+ Business Leads+ Emails From Google Maps,Miso,https://apify.com/xmiso_scrapers/dach-region-2m-business-leads-emails-from-google-maps-ppr?fpr=youssef,google-maps,3,137,4.5,3,"Looking for affordable apollo.io alternative when searching for DE,AT,CH business leads? Get recent B2B data from continuously updated database of DACH businesses with emails and social links"
"URL to Metadata - mail, social and more",njoylab,https://apify.com/njoylab/url-summary-scraper?fpr=youssef,other-lead-sources,3,136,5,1,"A powerful Apify actor that extracts essential website information, including title, description, images, mail, and social media links. Perfect for quick data gathering and insights from any URL"
Best & Cheapest LinkedIn Companies Scraper (Pay‑Per‑Result),Bebity,https://apify.com/bebity/bebity-linkedin-companies-ppr?fpr=youssef,linkedin,3,120,5,1,
Techstars Scraper,Michael G,https://apify.com/michael.g/techstars-scraper?fpr=youssef,other-lead-sources,3,117,5,4,"Scrape data on Techstars companies from the Techstars portfolio. Export scraped data, schedule via API, and integrate with other tools or AI workflows"
"Bumble Email Scraper - Advanced, Cheapest & Reliable",ContactMinerLabs,https://apify.com/contactminerlabs/bumble-email-scraper---advanced-cheapest-reliable?fpr=youssef,email-finders,3,113,1,1,"Scrape Bumble Emails Enter your search parameters to collect verified contact emails from Bumble profiles, along with profile title, bio, source URL & platform info Perfect for lead generation, influencer outreach & data enrichment in tools like Google Sheets or CRMs"
"Amazon Seller Lookup - Business Name, Address, Phone & Ratings",Jaybird Technologies,https://apify.com/jaybird/amazon-seller-info-scraper?fpr=youssef,other-lead-sources,3,109,,0,"Look up Amazon seller business info by Seller ID: name, address, phone, ratings & feedback score, clean JSON"
Linkedin Network Connection Request,Data LinkMiner,https://apify.com/data_link_miner/linkedin-network-connection-request?fpr=youssef,linkedin,3,94,1,1,"Safely add, remove, and manage LinkedIn connection requests at scale, without triggering LinkedIn restrictions. This actor is designed to automate your LinkedIn outreach while respecting platform limits and best practices"
BetaList Scraper,Michael G,https://apify.com/michael.g/betalist-scraper?fpr=youssef,directories,3,76,5,4,"Scrape data on BetaList startups and their makers from the BetaList topics directory. Export scraped data, schedule via API, and integrate with other tools or AI workflows"
BizBuySell Scraper,Lexis Solutions,https://apify.com/lexis-solutions/bizubuysell?fpr=youssef,other-lead-sources,3,73,4.0,7,"Scrape business listings from BizBuySell to extract key details, prices, and seller info. Ideal for market research, acquisition tracking, and business trend analysis. Fast, structured, and customizable"
Jora.com [AU & NZ & SG] [] Search by URL or keywords,Muhamed Didovic,https://apify.com/memo23/jora-search-cheerio-ppr?fpr=youssef,jobs-hiring-signals,3,67,5.0,5,"get detailed Jora.com (AU/NZ) job listings, extract titles, salaries, descriptions, employer information, and location details. Supports scraping search results or specific job URLs. Perfect for market analysis and recruiting, with reliable pagination and proxy support"
Citation Builder,The Howlers,https://apify.com/alizarin_refrigerator-owner/citation-builder?fpr=youssef,email-finders,3,62,,0,"Build local SEO citations by automatically submitting your business NAP (Name, Address, Phone) to 45+ directories. Why Citations Matter Local citations are mentions of your business name, address, and phone number on other websites. They're a critical local SEO ranking factor"
Wildberries Scraper By URL - Cheap дешёвый Вайлдберриз,Storm_Scraper,https://apify.com/scrapestorm/wildberries-scraper-by-url---cheap-deshyovyy-vayldberriz?fpr=youssef,b2b-databases,3,57,4.9,12,"Easily collect product listings from Wildberries ягодки, one of Russia’s largest e-commerce platforms. Simply enter a URL to extract key details like name, brand, price, discount, availability & images Seamlessly integrate with ur analytics tools for price tracking or competitor analysis!"
Boligsiden.dk Scraper,Lexis Solutions,https://apify.com/lexis-solutions/boligsiden-dk-scraper?fpr=youssef,other-lead-sources,3,56,5,1,"Get your data from boligsiden.dk: houses, apartments, and commercial properties in Denmark"
Landsearch.com | Search | Detail(s),Muhamed Didovic,https://apify.com/memo23/landsearch-scraper?fpr=youssef,other-lead-sources,3,47,5,1,"Our scraper extracts detailed listings, pricing history, and property features with precision. It handles pagination, monitors changes, and exports to multiple formats. Save hours of manual work and gain a competitive edge with fresh, structured real estate data at scale"
Airbnb Pro Host Contact & Email Scraper,SilentFlow,https://apify.com/silentflow/airbnb-professional-host-scraper-ppe?fpr=youssef,email-finders,3,47,,0,"Airbnb host email and phone scraper for B2B lead generation. Find property managers, agencies and cohosts with company names, addresses and registration numbers (RCS, SIRET). Search a city, listing URLs or a host profile across 55+ markets. Pay only for hosts that carry contact details"
Jobup Scraper,Lexis Solutions,https://apify.com/lexis-solutions/jobup-scraper?fpr=youssef,jobs-hiring-signals,3,42,5,4,"Extract job listings from Jobup.ch, Switzerland's leading job board. Search by keywords and location, or scrape specific job URLs. Perfect for job market analysis"
Y Combinator Scraper,Shahid Irfan,https://apify.com/shahidirfan/Y-Combinator-Scraper?fpr=youssef,directories,3,40,4.8,6,"Discover the Y Combinator Scraper, an efficient actor for scraping the YC companies directory. Easily extract detailed profiles, founder info, and batch data. Ideal for market research, lead generation, or investment analysis. For best results and to avoid blocks, residential proxies are best"
WhatsApp Link Hunter: Bulk Website To WhatsApp Mapper,David,https://apify.com/6sigmag/whatsapp-link-hunter-bulk-website-to-whatsapp-mapper?fpr=youssef,social-leads,3,40,,0,"Transform website URLs into valuable WhatsApp Link in bulk. Automatically extract domains and find associated Whatsapp accounts for powerful lead generation, competitor analysis, and market research. Save hours of manual work with this efficient automation tool"
ZocDoc Scraper - Pay Per Result,SilentFlow,https://apify.com/silentflow/zocdoc-scraper-ppr?fpr=youssef,other-lead-sources,3,39,,0,"Pay-per-result ZocDoc scraper. Scrape doctors, patient reviews, and appointment availability without login. Search by specialty, location, and insurance. No compute costs - only pay for data you receive"
Tendersontime.com [] Leads Scraper,Muhamed Didovic,https://apify.com/memo23/tendersontime-leads-scraper?fpr=youssef,other-lead-sources,3,36,3.6,3,"No limits, no quotas, unlimited extraction. Extracts detailed tender data from TendersOnTime: titles, descriptions, reference numbers, deadlines, values, locations, documents, and more for efficient opportunity tracking"
Facebook Ad Library Scraper - Ads & Advertisers,kane liu,https://apify.com/lentic_clockss/facebook-ad-library-scraper?fpr=youssef,social-leads,3,35,,0,Scrape Facebook Ad Library ads and advertiser signals for competitive research and creative monitoring. Export structured ad metadata without building browser automation from scratch
Linkedin Who Viewed Profile Premium,Data LinkMiner,https://apify.com/data_link_miner/linkedin-who-viewed-profile-premium?fpr=youssef,linkedin,3,26,,0,"Unlock full visibility on who views your LinkedIn profile. Extracts complete profile viewer data from LinkedIn’s ""Who viewed your profile"". Premium reveals full identities, visit dates, and mutual connections for most viewers, ideal for sales, recruitment, and inbound lead monitoring"
"Reddit Scraper - Posts, Comments & Subreddit Data",kane liu,https://apify.com/lentic_clockss/reddit-scraper?fpr=youssef,social-leads,3,26,,0,"Scrape Reddit posts by keyword or subreddit. Get full text, comments, upvotes, and metadata without login. Export JSON, CSV, or Excel for research and lead workflows"
CommercialGuru SG Property Listings & Agent Contacts Scraper,Abot API,https://apify.com/abotapi/commercialguru-sg-scraper?fpr=youssef,email-finders,3,12,,0,"Scrape commercialguru.com.sg Singapore listings at scale. Extract prices, PSF, floor area, tenure, property type, images, agent contacts, coordinates, nearby MRT stations and more. Ideal for commercial real estate analytics, investment research and market intelligence"
Car.gr Scraper - Greek Car Listings & Prices,Studio Amba,https://apify.com/studio-amba/car-gr-scraper?fpr=youssef,ellada-kypros,3,11,,0,"Scrape car listings from Car.gr, Greece's largest car marketplace with 15M+ classifieds. Extract prices, specs, mileage, fuel type, transmission, seller info, and images. No login or cookies required"
"Amazon Search, Category & Best Sellers Scraper",kane liu,https://apify.com/lentic_clockss/amazon-search-results-collector?fpr=youssef,other-lead-sources,3,10,,0,"Scrape Amazon keyword search, category browse, and Best Sellers across 21 storefronts. Export ASINs, titles, prices, ratings, images, and product URLs"
Carfax.ca Data/Recall Scraper,Ocrad,https://apify.com/ocrad/carfax-ca-scraper?fpr=youssef,other-lead-sources,3,10,,0,"Scrapes Carfax.ca for vehicle data by VIN. Extracts VIN decode (year, manufacturer, model, engine, trim, body type, drive type, country of assembly), Check availability preview snippets, and optionally open safety recalls"
Remotive Scraper - remote job listings,Black Falcon Data,https://apify.com/blackfalcondata/remotive-scraper?fpr=youssef,jobs-hiring-signals,3,9,,0,Scrape remotive.com - curated remote-job board with structured salary data across every role · date-range filtering for fresh postings · a single run that needs no account or login. Incremental mode tracks new and changed jobs across scheduled runs
"Skroutz Scraper: Greek Price Comparison, Offers & History",Youssef Farhan,https://apify.com/fayoussef/skroutz-scraper?fpr=youssef,ellada-kypros,3,6,,0,"Scrape Skroutz, Greece's largest price comparison site, plus Skroutz Cyprus, Bulgaria, Romania, Germany and Malta. Paste any category, brand, shop or search URL, or search by keyword, and get prices, ratings, specs, every shop's offer and daily price history"
Spitogatos.gr Scraper: Greek Real Estate Listings,Walid,https://apify.com/dltik/spitogatos-scraper?fpr=youssef,ellada-kypros,3,6,,0,"Scrape Spitogatos.gr, Greece's largest property marketplace. Sale & rent listings nationwide: price, price/m², area, rooms, floor, year, GPS, energy class, agent phone, photos. Filter, sort by newest/price, price-drops-only, new-builds-only, phone-only leads. Residential proxy included. Optional AI"
XE.gr Greek Property Scraper,Youssef Farhan,https://apify.com/fayoussef/xe-gr-scraper?fpr=youssef,ellada-kypros,3,6,,0,"Scrape Greek real estate listings from XE.gr: prices, size, rooms, GPS coordinates, amenities, photos and advertiser phone numbers. Works in every language XE.gr publishes: Greek, English, German, French and Spanish, both for the URLs you paste in and for the data you get back"
Bazaraki Cyprus Classifieds Scraper,Crawler Bros,https://apify.com/crawlerbros/bazaraki-scraper?fpr=youssef,ellada-kypros,3,6,,0,"Scrape Bazaraki.com - Cyprus's largest classifieds marketplace with real estate, cars, jobs, electronics and general items. Search by keyword, browse any of the 15 categories, filter by city/price/sort, or fetch specific listings by ID. Get price, seller, images, coordinates and full descriptions"
Italy Property Auctions API - PVP Judicial Auctions in English,WebData Labs,https://apify.com/webdata_labs/italy-pvp-auctions-api?fpr=youssef,other-lead-sources,3,5,,0,"[ ] Aste giudiziarie dal Portale delle Vendite Pubbliche: prezzo base, offerta minima, stato occupazione, tribunale. Clean English schema for international investors - base price, minimum offer, discount %, occupancy, coordinates & bidding links. Not a pvp.giustizia.it dump"
Dot Property Scraper | TH PH MY VN Listings,kane liu,https://apify.com/lentic_clockss/dot-property-th-scraper?fpr=youssef,other-lead-sources,3,5,,0,"Scrape Dot Property Thailand, Philippines, Malaysia & Vietnam - condos, houses, land, offices for sale or rent. Extract prices, beds, area, features & images. Dot Property API alternative"
Faire Scraper | Wholesale Products & Brands,kane liu,https://apify.com/lentic_clockss/faire-scraper?fpr=youssef,other-lead-sources,3,5,,0,"Scrape Faire.com wholesale marketplace: products, brands, categories & discover search. Extract product tokens, MOQ, retail/tester prices, ratings, brand pages. Export Excel, CSV, JSON. Guest preview - no retailer login required"
Skroutz Scraper,SR,https://apify.com/s-r/skroutz-scraper?fpr=youssef,ellada-kypros,3,4,,0,"Search Skroutz or paste a category URL and get Greek price-comparison rows: title, the lowest price across every shop Skroutz compares, currency, rating, review count, image and a stable SKU id from the product URL. Up to 600 products per run"
Bazaraki Scraper: Cyprus Classifieds Monitor,GetAScraper,https://apify.com/getascraper/bazaraki-scraper?fpr=youssef,ellada-kypros,3,3,,0,"Scrape Bazaraki.com classifieds for Cyprus real estate, cars, jobs, electronics, and marketplace data. Search by keyword, city, category, or price; export listings with sellers, images, locations, and price-change signals"
Linkedin company scraper,Curious Coder,https://apify.com/curious_coder/linkedin-company-scraper?fpr=youssef,linkedin,2,1425,3,1,"This linkedin company extractor program gives you all available information several companies in bulk including name, address, phone numbers, website, employee count, etc"
Google Maps Business with Emails Extractor,Goldmine,https://apify.com/logical_scrapers/google-maps-email-extractor?fpr=youssef,google-maps,2,737,2.0,6,"Best for lead generation. Extract complete business information from Google Maps listing like ratings, opening hours, contact info, email addresses, social media links, and more. Ideal for building rich contact databases to support lead generation, market research, and business outreach"
Instagram Followers Scraper - Public Follower Data Export,DataFusionX,https://apify.com/devil_port369-owner/instagram-follower?fpr=youssef,social-leads,2,693,5.0,5,"Scrape a public Instagram account's follower list without login, cookies, or proxies. Get username, full name, profile URL, verification and privacy status per follower as flat JSON, CSV, or Excel"
Email Address Validator,Web Harvester,https://apify.com/web.harvester/email-address-validator?fpr=youssef,email-finders,2,650,2.5,2,"A powerful tool for validating and assessing the quality of email addresses. This Actor provides comprehensive information about email deliverability, format validity, and classification"
Instagram Bulk Message Sender,bhansalisoft,https://apify.com/bhansalisoft/instagram-bulk-message-sender?fpr=youssef,social-leads,2,601,1,2,Instagram Bulk Message Sender- is Advance Software for sending message to all instagram profiles using username
Google Maps Business Lead and Business Website Scraper,LeadGen Labs,https://apify.com/lead.gen.labs/google-maps-business-lead-and-business-website-scraper?fpr=youssef,google-maps,2,578,1.1,6,"Unlock valuable business leads by effortlessly scraping contact details - name, address, phone, website, and reviews - from Google Maps. Perfect for boosting your marketing outreach and sales pipeline"
Reddit Scraper Lite,Caleb David,https://apify.com/microworlds/reddit-scraper-lite?fpr=youssef,social-leads,2,509,4.9,10,"Pay Per Result, unlimited Reddit web scraper to crawl posts, comments, communities, subreddits, and users without login. Limit web scraping by number of posts or items and extract all data in a dataset in multiple formats"
Google Ads & Insight Scraper,SASWAVE,https://apify.com/saswave/google-ads-insight-scraper?fpr=youssef,other-lead-sources,2,339,5,1,"Extract ADS or INSIGHTS from a search url on google ads transparency website. From adstransparency.google.com get data about advertisers, regions, ADS, spend per advertisers / regions and more. Details on information page. Extract and analyze data from Google's Ads Transparency Center"
TikTok User Data Extractor,Sandalia Apps,https://apify.com/sandaliaapps/TikTok-User-Data-Extractor?fpr=youssef,social-leads,2,317,5,2,"Extract thousands of TikTok profiles in minutes! Use a list of URLs to gather data such as follower count, following count, likes, bio, video count, and more. Export in JSON, CSV, Excel, or XML. Automate your TikTok analysis!"
Reddit Comments Scraper,EasyApi,https://apify.com/easyapi/reddit-comments-scraper?fpr=youssef,social-leads,2,286,5,1,"Extract Reddit comments with their complete thread structure, including nested replies, user information, and engagement metrics. Perfect for analyzing discussions, sentiment analysis, and tracking community engagement on Reddit posts"
Google Maps Business Listing,TrueFetch,https://apify.com/truefetch/google-maps-business-listing?fpr=youssef,google-maps,2,284,5,2,"Google Maps business listings API: send a keyword and location to get 43-field records with IDs, categories, addresses, coordinates, review and photo counts, contacts, hours, hotel details, and attributes - no API key or daily quota"
Glassdoor Jobs Scraper,Silo,https://apify.com/silo/glassdoor-jobs-scraper?fpr=youssef,jobs-hiring-signals,2,269,5,2,"Introducing the Glassdoor Jobs Scraper for Apify! This cutting-edge tool simplifies job listing extraction from Glassdoor. Ideal for job seekers, recruiters, and market analysts, it provides extensive customization to meet diverse job-hunting and research requirements effortlessly"
Google Maps Fast Scraper,Miso,https://apify.com/xmiso_scrapers/google-maps-scraper?fpr=youssef,google-maps,2,223,4.8,12,"No need to overpay, Get Google maps results lighting fast, just for. Try it now!"
Instagram Followers Scrapper,mohamed el hadi msaid,https://apify.com/mohamedgb00714/instagram-followers-scrapper?fpr=youssef,social-leads,2,216,2.4,2,"Extract ONLY Instagram follower data at 500+ users/min. Proxy support, human behavior simulation, configurable pagination. Ideal for focused market research"
Free Google Maps Scraper - Low-cost & Extensive,Blue Orion,https://apify.com/blueorion/free-google-maps-scraper-extensive?fpr=youssef,google-maps,2,211,4.9,5,"Reliable Actor to Extract Google Maps data using Free Credit or. Extensive Data Outputs include `addresses`, `coordinates`, `reviews`, `menus`, `opening hours`, `gas station info`, `EV charging station info`, `tours and activities`, `admission and tickets`, and `hotel deals`"
Tiktok Profile & Video Scraper,SASWAVE,https://apify.com/saswave/tiktok-profile-video-scraper?fpr=youssef,social-leads,2,208,5,1,"Advanced Fast Tiktok Profile scraper. Extract profile data about followers count, likes, video count, following count, friend count, id, username, bio link, avatar, verified status, region, language, private account status and more"
Quora Search | Topic | Question-Answers | Scraper [No Login],Muhamed Didovic,https://apify.com/memo23/Quora-Scraper-with-optional-login?fpr=youssef,other-lead-sources,2,195,2.1,6,"Unlock the power of Quora! This scraper dives deep into search results, extracting questions, answers, and vital engagement metrics. Gain invaluable insights, save research time, and tap into the collective knowledge of experts and enthusiasts across countless topics"
Skool Members Scraper,Muhamed Didovic,https://apify.com/memo23/skool-members-scraper-rent?fpr=youssef,email-finders,2,195,2.9,2,"Boost your business leads with our Skool.com Groups' Members/Users Scraper. Gather user details like names, emails, and social media links (Facebook, Instagram, LinkedIn, Twitter, etc.). It is ideal for market research, competitor analysis, and lead generation. Save time with our advanced scraper"
LinkedIn Job Search Scraper,PowerAI,https://apify.com/powerai/linkedin-job-search-scraper?fpr=youssef,linkedin,2,194,1,1,"Extract job listings from LinkedIn with detailed metadata including job titles, company information, requirements, and direct URLs. Perfect for job market research, competitor analysis, and talent acquisition"
Upwork Jobs,datawizards,https://apify.com/hello.datawizards/upwork-jobs?fpr=youssef,jobs-hiring-signals,2,189,1,1,"Upwork-Jobs-Bulk-Scraper: Scrape Upwork job listings by keywords for structured data on titles, rates, and skills. Ideal for job market analysis and tracking freelance gigs. Use Apify Proxy to avoid blocks. Gain insights into freelance trends and rates"
Tiktok-Profile-Scraper,Lazy Scraper,https://apify.com/lazyscraper/tiktok-profile-scraper?fpr=youssef,social-leads,2,167,3,1,"This tool extracts public TikTok profile data with speed and accuracy. It collects key attributes including: - Username - Display Name - Bio - Profile Image URLs - Region - Profile Link - Verification Status - Engagement stats: Follower Count, Total Likes, Video Count"
Skool Scraper Goat,Goutam Soni,https://apify.com/goat255/skool-scraper-goat?fpr=youssef,other-lead-sources,2,152,3.0,3,"Discover Skool.com communities at scale and get clean metadata per community: pricing, estimated MRR and ARR, member and post counts, course counts, engagement metrics, and the owner profile. Search by keyword or paste community URLs. No login needed. Built-in MRR and price filters"
Gelbe Seiten Scraper | German Yellow Pages Scraper,Dominic M. Quaiser,https://apify.com/dominic-quaiser/gelbe-seiten-german-yellow-pages-scraper?fpr=youssef,directories,2,149,3.5,2,"Scrape German business listings from Gelbe Seiten with flexible detail levels. This Apify Actor supports fast, basic, and deep search modes, rate limiting, proxy rotation, and index control. Ideal for lead gen, SEO, and market research. Outputs structured data to Apify datasets"
E-commerce Email Scraper - Cheap & Advanced,Storm_Scraper,https://apify.com/scrapestorm/e-commerce-email-scraper---cheap-advanced?fpr=youssef,email-finders,2,128,5,1,"Scrape E-commerce Emails Easily Enter your search parameters (e.g product keywords, email domains & platform) to collect verified seller or store contacts along with product title, store description & more Perfect for e-commerce lead generation, B2B outreach, product research & market analysis"
Yellow Pages US Scraper,karamelo,https://apify.com/karamelo/yellow-pages-us-scraper?fpr=youssef,directories,2,120,,0,"Search for businesses on the US Yellow Pages. Extract key business information from Yellow Pages US listings, including business names, addresses, phone numbers, categories, website URL, opening hours, ratings, a snippet review.... Export results to JSON, XLS, XML, HTML table, CSV, JSONL"
SeLoger Scraper (by ads URLs),Azzouzana,https://apify.com/azzouzana/seloger-mass-products-scraper-by-items-urls?fpr=youssef,other-lead-sources,2,110,,0,"Très simple! Entrez les URL des biens pour en obtenir les titres, descriptions, photos, évaluations énergétiques, prix, contacts, transports et plus encore Extraire les biens depuis seloger.com rapidement avec les infos détaillées à faible coût, avec exportation en JSON, CSV, EXCEL, etc"
Crunchbase Session Cookies,SASWAVE,https://apify.com/saswave/crunchbase-session-cookies?fpr=youssef,b2b-databases,2,108,,0,"With login password, get your session cookies. Before each run, we test previous session cookies generated from last run. If still valid, they are returned, else we generate new cookies"
Free Google Ads Scraper,Bruce Martin,https://apify.com/cryptdarkly/google-ads-scraper?fpr=youssef,other-lead-sources,2,84,5,1,"The most robust, domain-focused Google Ads Scraper on Apify. Extract active ads, creative details, and landing pages with built-in OCR and stealth technology. FREE FOR A LIMITED TIME"
"Instagram Email Scraper - Advanced, Cheapest & Reliable",ContactMinerLabs,https://apify.com/contactminerlabs/instagram-email-scraper---advanced-cheapest-reliable?fpr=youssef,email-finders,2,83,,0,"Scrape Instagram Emails Enter your search parameters to collect verified contact emails from public Instagram profiles, along with profile title, bio snippet, source URL & platform info Perfect for lead generation, influencer outreach & data enrichment in tools like Google Sheets or CRMs"
eBay Scraper (Rental),3x1t,https://apify.com/3x1t/ebay-scraper?fpr=youssef,other-lead-sources,2,74,3.0,2,"Unlock access to millions of product listings on eBay thanks to this unofficial API. Get fast, exhaustive results for valuable e-commerce insights. Fast, cheap & reliable. Rental version"
Email Address Validator (2026) Letest,halam,https://apify.com/datascoutapi/email-address-validator?fpr=youssef,email-finders,2,72,5,1,"Email validator - verify 10000 emails/run. Bulk email validation checks MX records, disposable/role-based detection. Improve deliverability & reduce bounces. 5-layer validation, detailed reports & smart DNS caching. Fast, accurate, cost-effective email list cleaning. Start free!"
Snapchat Phone Number Scraper - Cheapest & Reliable,ContactMinerLabs,https://apify.com/contactminerlabs/snapchat-phone-number-scraper---cheapest-reliable?fpr=youssef,email-finders,2,67,1,1,"Scrape Mass/Bulk Snapchat Phone Numbers Enter your search parameters to collect verified phone numbers from Snapchat profiles, along with profile title, bio snippet, country, source URL & platform info Perfect for lead generation and contact enrichment in tools like Google Sheetsor CRMs"
Google Business Email Scraper - Advanced Cheapest & Reliable,ContactMinerLabs,https://apify.com/contactminerlabs/google-business-email-scraper---advanced-cheapest-reliable?fpr=youssef,google-maps,2,60,,0,"Scrape Google Business Emails Enter your search parameters to collect verified contact emails from Google Business profiles, along with profile title, bio, source URL & platform info Perfect for lead generation, influencer outreach & data enrichment in tools like Google Sheets or CRMs"
Skool Community Scraper,SilentFlow,https://apify.com/silentflow/skool-scraper-ppe?fpr=youssef,other-lead-sources,2,59,5.0,1,"Pay-per-event Skool scraper. Extract posts, comments, courses with modules, events, leaderboards, and community details from any public Skool group. Structured data including classroom content, member rankings, and calendar. Ideal for market research, competitor analysis, and community monitoring"
Instagram Follower Scraper,Wilcode,https://apify.com/wilcode/instagram-follower-scraper?fpr=youssef,social-leads,2,58,,0,"Easily extract Instagram followers for research, marketing, or account management. Fast, cheap, reliable"
E-Commerce Phone Number Scraper - Cheapest (All-in-One),Storm_Scraper,https://apify.com/scrapestorm/e-commerce-phone-number-scraper---cheapest-all-in-one?fpr=youssef,email-finders,2,57,3.8,4,"Scrape Mass/Bulk E-Commerce Phone Numbers Easily Enter your search parameters (e.g. keyword & platform) to collect verified business phone numbers from top e-commerce sites and marketplaces Ideal for lead generation, dropshipping research, seller outreach, and data enrichment"
"SnapChat Email Scraper - Advanced, Cheapest & Reliable",ContactMinerLabs,https://apify.com/contactminerlabs/snapchat-email-scraper---advanced-cheapest-reliable?fpr=youssef,email-finders,2,51,,0,"Scrape SnapChat Emails Enter your search parameters to collect verified contact emails from public Snapchat profiles, along with profile title, bio snippet, source URL & platform info Perfect for lead generation, influencer outreach & data enrichment in tools like Google Sheets or CRMs"
Landwatch.com | Search | Details | Agent(s) Unlimited Scraper,Muhamed Didovic,https://apify.com/memo23/landwatch-scraper?fpr=youssef,other-lead-sources,2,50,5.0,3,"The LandWatch Scraper is a tool for extracting property data from LandWatch.com. Ideal for real estate investors, market analysts, and property researchers, it tracks property details, pricing, and listing information. It's perfect for anyone looking to gather comprehensive property data from a site"
500 Global Scraper,Michael G,https://apify.com/michael.g/500-global-scraper?fpr=youssef,other-lead-sources,2,45,5,3,"Scrape data on 500 Global companies from the 500 Global portfolio. Export scraped data, schedule via API, and integrate with other tools or AI workflows"
Snapchat Profile Scraper - Fast & Cheap,ContactMinerLabs,https://apify.com/contactminerlabs/snapchat-profile-scraper---fast-cheap?fpr=youssef,social-leads,2,43,,0,"Scrape Snapchat Profiles Instantly Enter a keyword & extract highly relevant Snapchat profiles, including username, profile name, bio, followers, following & profile URL Perfect for lead generation, influencer outreach & enriching your data pipelines across Google Sheets & automation tools"
Cannabis & Marijuana Dispensary Monitor: 47 US States + Canada,Zach Wallace,https://apify.com/registryfeeds/cannabis-dispensary-scraper?fpr=youssef,other-lead-sources,2,40,,0,"Track cannabis and marijuana dispensary openings, closures and license changes across 47 US states and all of Canada. Official license registries plus Weedmaps, Leafly and iHeartJane in one deduplicated dataset: dispensary lists for sales leads, market research and license lookups"
"Twitter Email Scraper - Advanced, Cheapest & Reliable",ContactMinerLabs,https://apify.com/contactminerlabs/twitter-email-scraper---advanced-cheapest-reliable?fpr=youssef,email-finders,2,39,,0,"Scrape X Emails Enter your search parameters to collect verified contact emails from public X profiles, along with profile title, bio snippet, source URL & platform info Perfect for lead generation, influencer outreach & data enrichment in tools like Google Sheets or CRMs"
Google All-in-One Scraper,EasyApi,https://apify.com/easyapi/google-all-in-one-scraper?fpr=youssef,other-lead-sources,2,38,,0,"Comprehensive Google Scraper: Extract data from web, news, images, videos, scholar, autocomplete, and places searches. Efficient customizable parameters, and automatic pagination. Your one-stop solution for Google search data!"
Facebook Profile Scraper - Cheap & Fast,ContactMinerLabs,https://apify.com/contactminerlabs/facebook-profile-scraper---cheap-fast?fpr=youssef,social-leads,2,34,,0,"Scrape Facebook Profiles Instantly Enter a keyword & extract highly relevant Facebook profiles, including username, profile name, bio, followers, following & profile URL Perfect for lead generation, influencer outreach & enriching your data pipelines across Google Sheets & automation tools"
Holidaycheck.de Hotels Scraper,Lexis Solutions,https://apify.com/lexis-solutions/holidaycheck-scraper?fpr=youssef,other-lead-sources,2,32,5.0,6,"Detailed hotel reviews with the Holidaycheck.de Hotels Scraper. Extract ratings, photos, and prices directly from Holidaycheck.de. Enhance your business intelligence or travel decision-making with accurate, real-time hotel data"
Linkedin Conversation Scraper,Data LinkMiner,https://apify.com/data_link_miner/linkedin-conversation-scraper?fpr=youssef,linkedin,2,31,3,1,"Extract and manage LinkedIn inbox chat / message / messaging conversations at scale. Allows you to analyze LinkedIn chat history from your inbox. Supports inbox filtering. Data about conversations, participants, messages. Perfect for CRM sync, sales workflow, recruiting pipelines, and analytic"
Linkedin [] Groups Search Scraper,Muhamed Didovic,https://apify.com/memo23/linkedin-search-groups-scraper?fpr=youssef,linkedin,2,27,5,1,"Gain structured LinkedIn group insights including IDs, public names, direct URLs, logos, member counts, and rich summaries, ready for analytics dashboards or CRM enrichment"
Linkedin Ads Library,Data LinkMiner,https://apify.com/data_link_miner/linkedin-ads-library?fpr=youssef,linkedin,2,26,,0,The scraper extract LinkedIn ads data & detect active advertisers. This actor allows you to scrape LinkedIn Ads Library to either: Extract full ad creatives and metadata.Check whether a company is running ads and how many ads are active
"Company Financials, Valuation & M&A Scraper (Craft.co)",Berkan Kaplan,https://apify.com/foxlabs/craft-intelligence?fpr=youssef,b2b-databases,2,25,5,2,"Scrape company financials from Craft.co: revenue, valuation, market cap, M&A, executives & competitors as JSON. Low-cost Crunchbase / PitchBook alternative for VC/PE deal sourcing & M&A research"
Sulekha Scraper,HappiTap,https://apify.com/happitap/sulekha-scraper?fpr=youssef,other-lead-sources,2,24,,0,"Sulekha Scraper - Extract Service Providers & Business Listings from India: local service providers, tutors, packers and movers, home services, education, and more across Indian cities"
Website Screenshot & PDF API - Fast Captures,George Kioko,https://apify.com/george.the.developer/screenshot-pdf-api?fpr=youssef,other-lead-sources,2,23,,0,"Capture pixel-perfect screenshots and PDFs from any URL in under 3 seconds. PNG/JPEG/WebP formats, custom viewports, full-page capture, batch up to 20 URLs"
"Naukri Scraper - India Jobs, Salary & Company Ratings",Haketa,https://apify.com/haketa/naukri-scraper?fpr=youssef,jobs-hiring-signals,2,21,,0,"Extract India job listings with salary data from Naukri.com - India's #1 job portal. Get salary ranges (min/max/currency), skills, experience levels, and company ratings by keyword and city. For recruitment intelligence, salary benchmarking, and Indian job market research"
Rightmove Scraper,SilentFlow,https://apify.com/silentflow/rightmove-scraper?fpr=youssef,other-lead-sources,2,20,,0,"Rightmove scraper for UK property data. Extract houses and flats for sale or to rent, sold house prices by postcode, commercial property and overseas listings, with estate agent contacts, price history, nearest schools with OFSTED ratings, stations, EPC and floorplans"
Gumtree Listings Scraper,FalconScrape,https://apify.com/piotrv1001/gumtree-listings-scraper?fpr=youssef,other-lead-sources,2,15,,0,"The Gumtree Listings Scraper extracts classified ads from gumtree.com, capturing titles, prices, locations, seller info, descriptions, and images - ideal for price tracking, market research, and lead generation"
"YouTube Video Scraper [FAST] | Views, Duration & Thumbnails",Apizy,https://apify.com/apizy/youtube-video-scraper?fpr=youssef,social-leads,2,13,5.0,5,"Turn any YouTube channel into a clean dataset. Pull titles, url, views, durations, thumbnails, and publish dates for up to 1,000 videos in one run, great for content research, competitor tracking. Most runs finish in under 10 seconds. Pay, only when it succeeds. Failures are free"
Trustpilot Review Scraper,cloud9,https://apify.com/cloud9_ai/trustpilot-scraper?fpr=youssef,directories,2,10,,0,"Scrape Trustpilot business reviews and ratings. Extract reviewer names, ratings, review text, dates, and company response data for reputation monitoring and competitive analysis"
Diário Oficial da União Scraper - DOU Monitor Brazil,BrasilDados.org - API e Data as a Service,https://apify.com/brasildados/dou-monitor?fpr=youssef,other-lead-sources,2,9,,0,"Monitor Brazil's Official Gazette (DOU) publications by keyword/search term. Returns contracts, ordinances, sanctions and more from the last 3 days. Schedule daily runs to track companies, competitors or regulatory changes"
Lead Engine,Miso,https://apify.com/xmiso_scrapers/lead-engine?fpr=youssef,other-lead-sources,2,8,5,5,Lead Engine
Twitter (X) Lists Search Scraper - Cheap,ContactMinerLabs,https://apify.com/contactminerlabs/twitter-x-lists-search-scraper---cheap?fpr=youssef,social-leads,2,7,1,1,"Search Mass/Bulk Twitter Lists Enter any keyword & extract relevant Twitter (X) Lists, including list name, description & direct List URL Perfect for audience research, niche discovery, influencer mapping, competitor analysis, community insights & feeding ur CRM, datasets or AI pipelines"
Apartments.com Rental Scraper - Apartments & Houses,kane liu,https://apify.com/lentic_clockss/apartments-com-rental-scraper?fpr=youssef,other-lead-sources,2,6,,0,"Scrape Apartments.com rentals by US city. Extract apartment, house, condo, and townhome prices, phones, addresses, amenities, floorplans, and units. An Apartments.com API alternative for Excel, CSV, or JSON"
CarGurus Scraper - Cheap,Storm_Scraper,https://apify.com/scrapestorm/cargurus-scraper---cheap?fpr=youssef,other-lead-sources,2,5,5,2,"Looking to collect car listings from CarGurus? With this scraper, you can extract detailed vehicle data including title, price, make, model, year, mileage, deal rating, location, specs, images, listing URL & much more Perfect for automotive market analysis & structured datasets"
Google Ads Checker,M3Web,https://apify.com/m3web/google-ads-checker?fpr=youssef,other-lead-sources,2,5,5,1,Helps marketers discover which companies are not advertising on Google - so you can reach out and offer your services! Perfect for lead generation and prospecting. Simple. Fast. Insightful. Turn ad transparency into new opportunities
Kompass Scraper | B2B Companies & Products Directory,kane liu,https://apify.com/lentic_clockss/kompass-scraper?fpr=youssef,b2b-databases,2,5,,0,"Scrape Kompass B2B companies & products across ~70 country sites. Company/product search, details, region & sector browse. Export Excel/CSV/JSON. Unofficial - not affiliated with Kompass"
Pinterest Search Scraper: Keyword to Pins,The Mine Works,https://apify.com/themineworks/pinterest-search-scraper?fpr=youssef,social-leads,2,5,,0,"Search Pinterest by keyword and get every matching pin: image URL, save count, board, destination link and timestamp. No login, no API key. Works in Claude, ChatGPT and any MCP compatible AI agent"
Google Play Scraper | Apps & Developer Emails,kane liu,https://apify.com/lentic_clockss/google-play-scraper?fpr=youssef,email-finders,2,4,,0,"Scrape Google Play Store Android apps by keyword, category, country, or package ID. Extract ratings, installs, prices, developer names, support emails, and website URLs. Guest listings do not publish developer phone or street address. 183 storefronts. CSV, Excel, JSON. No Google account"
Email Verifier & Validator,One Scales,https://apify.com/onescales/email-verifier-validator?fpr=youssef,email-finders,2,4,5,2,"Bulk email verification made simple. Detect invalid, risky, and disposable-style addresses before you send. Try free, scale up to 50,000 emails per run"
FFA Athletics Clubs · French Directory,Corentin Robert,https://apify.com/corent1robert/ffa-clubs-scraper?fpr=youssef,directories,2,3,,0,"Export French athletics club contacts from FFA. Names, emails, phones, GPS, stadium and labels - one row per club. Public directory. No login. No API key"
Influencer Profile Pulse - Track Public Activity,David A,https://apify.com/unrivaled_fortress/influencer-profile-pulse?fpr=youssef,social-leads,2,3,,0,"Track public profile activity of influencers and creators across 6 platforms: GitHub, Twitter, Reddit, npm, TikTok, Instagram. Capture snapshots of bio, followers, avatar to detect daily changes. Pay per result"
BlueSky Profile Data Extractor,Sandalia Apps,https://apify.com/sandaliaapps/bluesky-profile-data-extractor?fpr=youssef,other-lead-sources,2,3,,0,"Bluesky profile Data Extractor extracts user details including handle, bio, avatar, verification, followers, and activity metrics in structured JSON format"
Google Images Scraper - Full-Res Image URLs & Source Pages,Data Runner,https://apify.com/jurassic_jove/google-images-scraper?fpr=youssef,other-lead-sources,2,3,,0,"Scrape Google Images at scale. Get real full-resolution image URLs, source pages, dimensions and file sizes - not expiring thumbnails. Filter by usage rights"
"11888.gr Scraper: Greek Business Phones, Emails & Websites",Youssef Farhan,https://apify.com/fayoussef/11888-gr-scraper?fpr=youssef,ellada-kypros,2,3,,0,"Scrape Greek businesses from the 11888.gr Yellow Pages by category and place: name, phones, mobile, email, website, address, GPS and WhatsApp/Viber. Search in English or Greek, or paste 11888.gr URLs. Export to JSON, CSV or Excel for B2B leads"
Skroutz seller offers: Greek price monitor and Σκρουτζ changes,GetAScraper,https://apify.com/getascraper/skroutz-seller-intelligence-scraper?fpr=youssef,ellada-kypros,2,3,,0,"Extract public Skroutz seller offers for Greek price intelligence and Σκρουτζ monitoring: prices, discounts, stock, shipping, ratings, contacts, and offer changes. Export JSON or CSV to Google Sheets, Airtable, HubSpot, n8n, or Zapier. Skip manual competitor checks"
Cyprus Company Registry Scraper - DRCOR Directors & Filings,Scrapers Lat,https://apify.com/scrapers_lat/cyprus-drcor-companies-scraper?fpr=youssef,ellada-kypros,2,3,,0,"Search the Cyprus register of companies (DRCOR): registration number, type, status, incorporation date, registered office, directors and secretaries, former names, annual return and accounts filing history, pending filings. Greek names transliterated to Latin. JSON, CSV, Excel"
"Bitbucket Email Scraper - Advanced, Cheapest & Reliable",ContactMinerLabs,https://apify.com/contactminerlabs/bitbucket-email-scraper---advanced-cheapest-reliable?fpr=youssef,email-finders,2,2,,0,"Scrape Bitbucket Emails Enter your search parameters to collect verified contact emails from public Bitbucket profiles, along with profile title, bio snippet, source URL & platform info Perfect for lead generation, influencer outreach & data enrichment in tools like Google Sheets or CRMs"
"Product Hunt Scraper - Launches, Comments & Leads",Filipe Alves,https://apify.com/philzx/ph-launch-intelligence?fpr=youssef,other-lead-sources,2,2,,0,"Scrape Product Hunt launches, full comments, makers, videos, built-with tools, momentum scores, websites, and lead signals via fast HTTP-only extraction"
HeadHunter (hh.ru) Scraper: Russia & CIS Jobs,NanoScrape,https://apify.com/santamaria-automations/hh-ru-scraper?fpr=youssef,jobs-hiring-signals,2,2,,0,"Scrape job listings from HeadHunter (hh.ru, hh.kz, hh.uz, hh.by) via the official public REST API. Returns title, employer, location, RUB/USD/EUR salary, schedule, experience, key skills, and contacts. Russia's #1 job board (90M+ monthly visits) + Kazakhstan, Uzbekistan, Belarus. No anti-bot"
Website Contact & Socials Extractor,Embion,https://apify.com/embion/website-contact-socials-extractor?fpr=youssef,email-finders,1,920,3.8,3,"Crawl company websites and extract emails, phone numbers and links to Discord, Facebook, Instagram, LinkedIn, Pinterest, Reddit, Snapchat, Telegram, TikTok, Twitch, Twitter/X and YouTube. 2 hour trial available"
Facebook Comments Scraper,DataVoyantLab,https://apify.com/datavoyantlab/facebook-comments-scraper?fpr=youssef,social-leads,1,692,5,2,"Extract Facebook comments from any post, page, or group. Download hundreds of comments with user data and engagement metrics in JSON, CSV, or Excel format"
Clutch.co Search Results Scraper ( Pay Per Results),Gopalakrishnan,https://apify.com/gopalakrishnan/clutch-companies-scraper?fpr=youssef,directories,1,467,3.9,3,"This Apify actor swiftly scrapes Clutch.co search results for lead generation. Get essential company data - names, URLs, ratings - for. Integrates seamlessly with enrichment tools. Fast, efficient, and cost-effective!"
"Crunchbase Scraper: 130+ Fields, No API Key",Scrapefull,https://apify.com/scrapefull/crunchbase-scraper?fpr=youssef,b2b-databases,1,408,1,1,"Extract 130+ fields from any Crunchbase company page: funding, investors, founders, contacts, and more. No API key or subscription needed. Export to JSON, CSV, or Excel"
Verified B2B Email & Phone Scraper| Lead Generation Tool,Manish,https://apify.com/hi_world/Leadscraper?fpr=youssef,email-finders,1,364,,0,"AI-powered B2B lead scraper that searches the web for real business websites and extracts emails, phones, socials, and contact names. Supports any keyword and location, crawls domains directly, and returns clean, verified leads up to your chosen limit"
Email & Contact Extractor From Any Web,EasyApi,https://apify.com/easyapi/email-contact-extractor-from-any-web?fpr=youssef,email-finders,1,330,,0,"A powerful web scraper that automatically extracts emails, phone numbers, and social media profiles from any website. Features deep crawling, smart retry mechanism, and advanced pattern recognition. Perfect for lead generation and contact discovery"
Advanced Clutch.co Scrapper,ScrapeVerse,https://apify.com/scrapeverse/advanced-clutch-co-scrapper?fpr=youssef,directories,1,328,4,1,Get most detailed response from this Advanced Clutch.co Scrapper. That automates data extraction process for Clutch.co company data. Just add urls of clutch.co company profile pages and get insightful structured data right away
Zillow Agent Scraper (All-in-one),Storm_Scraper,https://apify.com/scrapestorm/zillow-agent-scraper-all-in-one?fpr=youssef,other-lead-sources,1,300,3.9,10,"Unlock the power of Zillow with automated agent profile scraping (All-in-one) - effortlessly gather insights on Real Estate Agents, Home Improvement Pros, Property Managers, Inspectors, and Photographers. Customize advanced queries. No proxy needed for fast, efficient scraping!"
Facebook Group Members Scraper - Fast & cheap,Storm_Scraper,https://apify.com/scrapestorm/my-actor-1?fpr=youssef,social-leads,1,281,3.1,26,"Easily gather data about members from Facebook groups. Enter the group URL to retrieve key info like member name, profile URL, join time, profile picture & more. Seamlessly integrate with tools like Google Drive, Zapier, and others to streamline your workflow and boost productivity!"
Shopify App Store Scraper,BowTiedRaccoon,https://apify.com/jungle_synthesizer/shopify-app-store-scraper-2?fpr=youssef,other-lead-sources,1,276,1,1,"Scrape apps from the Shopify App Store with pricing, ratings, developer info, and user reviews. Also scrapes the Shopify Theme Store - theme name, designer, price, features, presets, version and reviews"
Github Users Scraper,Tin,https://apify.com/dtrungtin/github-users-scraper?fpr=youssef,email-finders,1,276,4,1,"Github Users Scraper is an Apify actor for extracting users or emails from Github. It allows you to extract all watchers, stargazers, and members from a repository page"
Instagram Bulk Profiles Email Scraper,bhansalisoft,https://apify.com/bhansalisoft/instagram-bulk-profiles-email-scraper?fpr=youssef,email-finders,1,246,,0,Instagram Bulk Profiles Email Scraper- Scrap Emails from bulk Instagram Profile link using Google Search Engine
Youtube Channel Bulk Email Scraper,bhansalisoft,https://apify.com/bhansalisoft/youtube-channel-bulk-email-scraper?fpr=youssef,email-finders,1,229,1,2,Youtube Channel Bulk Email Scraper- Scrap Emails from bulk youtube channel link using discription information on YouTube channel
Advanced Clay People Scraper Verified Leads,Solana Dev,https://apify.com/solana/advanced-clay-people-scraper-verified-leads?fpr=youssef,other-lead-sources,1,226,5.0,5,"WORKS WITH FREE ACCOUNTS (without any credits). Extract accurate Clay People leads - full names, roles & companies. Blazing-fast, enhanced, CRM-ready. Works securely with your `claysession` cookie"
Website Contact Scraper,SASWAVE,https://apify.com/saswave/website-contact-scraper?fpr=youssef,email-finders,1,220,,0,"Crawl multiple website at once and extract their social accounts (linkedin, facebook, instagram) and the emails found"
Facebook Comments Scraper (All-in-One) Fast & cheap,Storm_Scraper,https://apify.com/scrapestorm/facebook-comments-scraper-all-in-one-fast-cheap?fpr=youssef,social-leads,1,205,4.8,9,"Collect comments from public Facebook posts effortlessly with this powerful tool! Automate the extraction of author info, comments, and timestamps ⏰. Scrape not only post comments but also comments from images and videos. Ideal for social media analysis and data insights !"
Linkedin People Search Scraper: generate leads from Linkedin,Goldmine,https://apify.com/logical_scrapers/linkedin-people-search-scraper?fpr=youssef,linkedin,1,202,1,2,"scrapes LinkedIn people search results. Extract detailed profile information with support for advanced filtering including industry, location, company, experience, and more"
Scrape business emails from Google Maps,EasyApi,https://apify.com/easyapi/scrape-business-emails-from-google-maps?fpr=youssef,google-maps,1,172,1,1,"Extract business email addresses from Google Maps search results without using any third-party APIs. Perfect for lead generation, sales outreach, and market research. Supports multiple search queries and delivers clean, structured data. Built with advanced scraping technology"
Jobs Scraper,WebScrap,https://apify.com/webscrap18/job-scraper?fpr=youssef,jobs-hiring-signals,1,163,5,1,"A comprehensive job scraping actor for Apify that collects job listings from multiple platforms including LinkedIn, Glassdoor, Google Jobs, Bayt, and Naukri"
Zillow Scraper,Emmanuel Uchenna,https://apify.com/eunit/zillow-scraper?fpr=youssef,other-lead-sources,1,127,,0,"Extract data about properties for sale and rent on Zillow using the Zillow API, but with no daily call limits. Scrape millions of listings and download your data as HTML, JSON, CSV, Excel, or XML. Export scraped data, run the scraper via API, schedule and monitor runs, or integrate with other tools"
Social Media Email Finder,Caprolok,https://apify.com/caprolok/social-media-email-finder?fpr=youssef,email-finders,1,113,5,1,"Quickly generate targeted email leads from Instagram, TikTok, YouTube, LinkedIn, and Twitter. Effortlessly search by keywords and locations, obtaining structured contact details and direct links. Perfect for marketers, recruiters, and sales professionals"
Facebook Events Scraper,Jan Danecki,https://apify.com/danek/facebook-events-scraper?fpr=youssef,social-leads,1,103,3,1,"Scrap Facebook events fast and easy. This actor is a lightweight version of the Facebook Events actor. It is designed to be fast and efficient, so it can extract numerous events in a short time. It is also less likely to be blocked by Facebook"
Myntra Reviews Scraper,EasyApi,https://apify.com/easyapi/myntra-reviews-scraper?fpr=youssef,other-lead-sources,1,99,,0,"Scrape product reviews from Myntra.com - Extract detailed review data including ratings, comments, user info, and style attributes. Perfect for market research and customer sentiment analysis"
Realtor.ca Agents Scraper | Canada,ScrapeMind,https://apify.com/scrapemind/realtor-canada-agents?fpr=youssef,other-lead-sources,1,91,5.0,1,"Extract realtor.ca Agents data | Canada for any city or search. Download data as JSON, CSV, or Excel for research, lead generation, or analysis"
Bluesky Users Scraper,Lexis Solutions,https://apify.com/lexis-solutions/bluesky-users-scraper?fpr=youssef,other-lead-sources,1,90,4.8,11,"The Apify Bluesky Users Scraper allows a programmatic search of the Bluesky user database and the option to export to CSV, JSON, Excel, or integration with Zapier, Make, or any custom workflow"
Autoscout24 Scraper,API Master,https://apify.com/inquisitive_sarangi/autoscout24-com-scraper?fpr=youssef,other-lead-sources,1,89,,0,"Autoscout24 scraper is a straightforward yet powerful tool designed to extract listings from AutoScout24, an online marketplace for buying and selling new and used vehicles, motorbikes, and accessories"
Kununu.com Companies Scraper,Lexis Solutions,https://apify.com/lexis-solutions/kununu-scraper?fpr=youssef,b2b-databases,1,86,5,8,"Company data with Kununu.com Companies Scraper. Streamline your data collection process by directly extracting employee insights, ratings, and workplace reviews from Kununu. Enhance your business intelligence and make informed decisions with accurate, real-time data"
Idealista Scraper,SilentFlow,https://apify.com/silentflow/idealista-scraper-ppr?fpr=youssef,other-lead-sources,1,81,,0,"Scrape Idealista listings across Spain, Portugal and Italy. Get 75 fields per property: asking price, size, rooms, GPS coordinates, energy rating, neighborhood, agency name and phone, floor plans and virtual tours. Go past the 1,800 result search cap. Export straight to CSV, JSON or Excel"
Totaljobs Scraper,Lexis Solutions,https://apify.com/lexis-solutions/totaljobs-scraper?fpr=youssef,jobs-hiring-signals,1,79,4.0,12,"The Totaljobs scraper is a web scraping tool that retrieves job postings from Totaljobs, a job search website in the UK"
InfoJobs.net Scraper,Lexis Solutions,https://apify.com/lexis-solutions/infojobs-net-scraper?fpr=youssef,jobs-hiring-signals,1,76,5,7,"Scraper to extract data from InfoJobs.net job postings such as company name, job title, location, salary, contract type, and job description"
Bandsintown Scraper,Lexis Solutions,https://apify.com/lexis-solutions/bandsintown-scraper?fpr=youssef,other-lead-sources,1,76,5,3,"Scrape event and artist data from Bandsintown.com - including event names, artists, dates, venues, and ticket links. Ideal for event aggregation, trend analysis, and marketing insights. Fast, structured, and customizable extraction from a leading live music platform"
Viewstats.com Search Results and Channel Details Scraper,Muhamed Didovic,https://apify.com/memo23/viewstats-scraper?fpr=youssef,social-leads,1,65,5,1,"Unlock powerful insights from YouTube channels with the Viewstats Search Results and Channel Details Scraper. Get in-depth analytics, growth metrics, and channel comparisons effortlessly"
"Eventbrite Email Scraper - Advanced, Cheapest & Reliable",ContactMinerLabs,https://apify.com/contactminerlabs/eventbrite-email-scraper---advanced-cheapest-reliable?fpr=youssef,email-finders,1,58,3.7,5,"Scrape Eventbrite Emails Enter your search parameters to collect verified contact emails from Eventbrite profiles, along with profile title, bio, source URL & platform info Perfect for lead generation, influencer outreach & data enrichment in tools like Google Sheets or CRMs"
Exa.ai People Search,Fantastic.jobs,https://apify.com/fantastic-jobs/exa-ai-people-search?fpr=youssef,enrichment-verification,1,57,,0,"Unofficial Apify wrapper for Exa.ai's People search. 1 Billion+ Profiles! Advanced people search for sales, recruiting, and market research. Find professionals by role, location, skills, and more across LinkedIn and other professional networks"
Youtube Ads Realtime Scraper,SASWAVE,https://apify.com/saswave/youtube-advertisers-scraper?fpr=youssef,social-leads,1,56,,0,"Youtube ads scraper, from a youtube video, extract youtube advertisers from youtube ads showing on youtube videos. Extract the list of advertisers with multiple data. Is ad skipable, ad duration, ad CTA, ad description, ad video url, advertiser name, website CTA"
Linkedin Network Scraper,Data LinkMiner,https://apify.com/data_link_miner/linkedin-network-scraper?fpr=youssef,linkedin,1,55,,0,"Extract and monitor profiles from your personal LinkedIn network. Monitor new connections over time. It is designed for founders, sales professionals, recruiters, creators, and RevOps teams who want structured visibility into their growing network"
"Etsy Email Scraper - Advanced, Cheapest & Reliable",ContactMinerLabs,https://apify.com/contactminerlabs/etsy-email-scraper---advanced-cheapest-reliable?fpr=youssef,email-finders,1,52,,0,"Scrape Mass/Bulk Etsy Emails Enter your search parameters to collect verified contact emails from Etsy profiles, along with profile title, bio, source URL & platform info Perfect for lead generation, influencer outreach & data enrichment in tools like Google Sheets or CRMs"
TikTok Phone Number Scraper - Cheapest & Reliable,ContactMinerLabs,https://apify.com/contactminerlabs/tiktok-phone-number-scraper---cheapest-reliable?fpr=youssef,email-finders,1,49,,0,"Scrape Mass/Bulk TikTok Phone Numbers Enter your search parameters to collect verified phone numbers from TikTok profiles, along with profile title, bio snippet, country, source URL & platform info Perfect for lead generation and contact enrichment in tools like Google Sheetsor CRMs"
Tinder Phone Number Scraper - Cheapest,ContactMinerLabs,https://apify.com/contactminerlabs/tinder-phone-number-scraper---cheapest?fpr=youssef,email-finders,1,39,,0,"Scrape Tinder Phone Numbers Instantly Enter a keyword & extract available phone numbers from Tinder profiles, including username, profile name, phone number & profile URL Perfect for lead generation, customer support outreach & enriching your data pipelines across automation tools"
LinkedIn Profile API,TrueFetch,https://apify.com/truefetch/linkedin-profile-api?fpr=youssef,linkedin,1,39,5,1,"LinkedIn profile scraper for one public member URL. Export a sparse 24-field person snapshot with identity, roles, experience, education, articles, activity, counts, and provenance"
DentalPlans.com Dentist Scraper,EasyApi,https://apify.com/easyapi/dentalplans-com-dentist-scraper?fpr=youssef,email-finders,1,38,5,1,"Extract detailed dentist information from DentalPlans.com search results, including practice details, contact info, and appointment availability. Perfect for healthcare research, provider analysis, and dental market insights"
AutoScout24.ch Scraper (Rental),3x1t,https://apify.com/3x1t/autoscout24-ch-scraper?fpr=youssef,other-lead-sources,1,38,,0,"Effortlessly scrape vehicle data from Switzerland’s version of the popular online car marketplace AutoScout24. Fast, cheap & reliable. Rental version"
Bluesky Followers Scraper,Storm_Scraper,https://apify.com/scrapestorm/bluesky-followers-scraper?fpr=youssef,b2b-databases,1,36,4.7,24,"Easily gather data about Bluesky followers. Enter a username or DID to retrieve key info like profile name, avatar image, description, account creation date, and labels. Seamlessly integrate with tools like Google Drive, Zapier, & more to streamline your workflow & boost productivity!"
Facebook Hashtag Posts Scraper - Cheap,ContactMinerLabs,https://apify.com/contactminerlabs/facebook-hashtag-posts-scraper---cheap?fpr=youssef,social-leads,1,34,,0,"Scrape Facebook Hashtag Posts Instantly Enter a hashtag and instantly extract highly relevant Facebook posts, including title, post type, date, views, description & post URL Perfect for content research, trend analysis, dataset creation, and enriching your automations or AI pipelines"
Mobile.de Reviews Scraper,Lexis Solutions,https://apify.com/lexis-solutions/mobile-de-reviews-scraper?fpr=youssef,other-lead-sources,1,29,5,5,Collect comprehensive reviews of auto sellers from Mobile.de for in-depth market analysis and competitor insights. | Sammeln Sie umfassende Bewertungen von Autoverkäufern auf Mobile.de für eine gründliche Marktanalyse und Wettbewerbsinformationen
CaleProcure California Contracts Scraper - No Login,Fortuitous Pirate,https://apify.com/fortuitous_pirate/caleprocure-scraper?fpr=youssef,other-lead-sources,1,27,,0,"Search California government contracts on CaleProcure. Get bid opportunities, RFPs, contract awards, and vendor info. Essential for CA government contractors. No login or cookies. MCP-ready for AI agents"
LinkedIn Ads Scraper (Advanced & Cheaper ),Storm_Scraper,https://apify.com/scrapestorm/linkedin-ads-scraper-advanced-cheaper?fpr=youssef,linkedin,1,23,2.8,6,"Looking for a LinkedIn ads scraper to fetch sponsored ad details? With the LinkedIn Ads Scraper, easily collect ad listings based on keywords, companies, locations & more. Retrieve details like advertiser names, ad headlines, commentary, image URLs, event dates, and links to detailed ad pages"
"GitHub Email Scraper - Advanced, Cheapest & Reliable",ContactMinerLabs,https://apify.com/contactminerlabs/my-actor-2?fpr=youssef,email-finders,1,21,,0,"Scrape GitHub Emails Enter your search parameters to collect verified contact emails from public GitHub profiles, along with profile title, bio snippet, source URL & platform info Perfect for lead generation, influencer outreach & data enrichment in tools like Google Sheets or CRMs"
LinkedIn Posts Scraper - Cheap,ContactMinerLabs,https://apify.com/contactminerlabs/linkedin-posts-scraper---cheap?fpr=youssef,linkedin,1,21,,0,"Scrape Mass/Bulk LinkedIn Posts Enter any keyword & extract highly relevant LinkedIn posts, including title, description, mentions & post URL Perfect for content research, trend analysis, audience insights, influencer tracking, competitor monitoring & enriching your CRM or AI pipelines"
Shopee Phone Number Scraper - Cheapest,ContactMinerLabs,https://apify.com/contactminerlabs/shopee-phone-number-scraper---cheapest?fpr=youssef,email-finders,1,19,,0,"Scrape Mass / Bulk Shopee Phone Numbers Enter your search criteria to collect phone numbers from Shopee shops, seller profiles and product listings, along with shop names, seller titles, URLs & listing details Perfect for lead generation, supplier research, e-commerce and market analysis"
"Mercadolibre Email Scraper - Advanced, Cheapest & Reliable",ContactMinerLabs,https://apify.com/contactminerlabs/mercadolibre-email-scraper---advanced-cheapest-reliable?fpr=youssef,email-finders,1,19,,0,"Scrape Mass/Bulk Mercadolibre Emails [Cheapest] Enter your search parameters to collect verified contact emails from Mercadolibre profiles, along with profile title, bio, URL & platform info Perfect for lead generation, influencer outreach & data enrichment in tools like Google Sheets or CRMs"
"Yelp Email Scraper - Advanced, Cheapest & Reliable",ContactMinerLabs,https://apify.com/contactminerlabs/yelp-email-scraper---advanced-cheapest-reliable?fpr=youssef,email-finders,1,18,,0,"Scrape Yelp Emails Enter your search parameters to collect verified contact emails from public Yelp profiles, along with profile title, bio, source URL & platform info Perfect for lead generation, influencer outreach & data enrichment in tools like Google Sheets or CRMs"
"Realtor Email Scraper - Advanced, Cheapest & Reliable",ContactMinerLabs,https://apify.com/contactminerlabs/realtor-email-scraper---advanced-cheapest-reliable?fpr=youssef,email-finders,1,18,,0,"Scrape Mass/Bulk Realtor Emails Enter your search parameters to collect verified contact emails from Realtor profiles, along with profile title, bio, source URL & platform info Perfect for lead generation, influencer outreach & data enrichment in tools like Google Sheets or CRMs"
Twitter X Media Posts Scraper - Cheap,ContactMinerLabs,https://apify.com/contactminerlabs/twitter-x-media-posts-scraper---cheap?fpr=youssef,social-leads,1,18,,0,"Scrape Mass/Bulk Twitter Posts Enter any keyword, hashtag, or username & extract all relevant tweets containing media - images, videos & GIFs Perfect for trend analysis, viral content discovery, social listening, marketing insights, AI/ML pipelines & feeding your CRM or analytics stack"
Yelp Phone Number Scraper - Cheapest,ContactMinerLabs,https://apify.com/contactminerlabs/yelp-phone-number-scraper---cheapest?fpr=youssef,email-finders,1,17,,0,"Scrape Yelp Phone Numbers Instantly Enter a keyword and extract phone numbers from Yelp business listings, including restaurants, salons, contractor & service providers - including business name, phone number, and source URL Perfect for local business outreach, lead generation & CRM enrichment"
"Reddit Bulk Scrape 10000 IDs V1 - Posts, Comments, Subs, Users",Red Crawler,https://apify.com/red_crawler/reddit-bulk-scrape?fpr=youssef,social-leads,1,16,5,6,"Bulk-hydrate up to 10,000 Reddit posts, comments, subreddits, or users per run. Paste IDs, names, or URLs - get one full record per item. No Reddit account, OAuth, or proxy required. Mix formats freely; duplicates auto-removed"
xe.gr Scraper - Greece Real Estate Data,Logiover,https://apify.com/logiover/xe-gr-real-estate-scraper-greece-property-data?fpr=youssef,ellada-kypros,1,16,,0,"xe.gr unofficial API alternative: scrape Greek real estate listings without login. Export property data to CSV, JSON or Excel by area, price and size"
"Goodreads Email Scraper - Advanced, Cheapest & Reliable",ContactMinerLabs,https://apify.com/contactminerlabs/goodreads-email-scraper---advanced-cheapest-reliable?fpr=youssef,email-finders,1,15,,0,"Scrape Goodreads Emails Enter your search parameters to collect verified contact emails from Goodreads profiles, along with profile title, bio, source URL & platform info Perfect for lead generation, influencer outreach & data enrichment in tools like Google Sheets or CRMs"
Telegram Phone Number Scraper - Cheapest,ContactMinerLabs,https://apify.com/contactminerlabs/telegram-phone-number-scraper---cheapest?fpr=youssef,email-finders,1,15,,0,"Scrape Mass / Bulk Telegram Phone Numbers Enter your search parameters to collect phone numbers from Telegram channels, groups, bots, and public profiles, along with channel or group name, URL and more Perfect for lead generation, marketing campaigns and contact enrichment"
"Pinterest Email Scraper - Advanced, Cheapest & Reliable",ContactMinerLabs,https://apify.com/contactminerlabs/pinterest-email-scraper---advanced-cheapest-reliable?fpr=youssef,email-finders,1,14,,0,"Scrape Pinterest Emails Enter your search parameters to collect verified contact emails from Pinterest profiles, along with profile title, bio, source URL & platform info Perfect for lead generation, influencer outreach & data enrichment in tools like Google Sheets or CRMs"
Any Website Phone Number Scraper - Cheapest,ContactMinerLabs,https://apify.com/contactminerlabs/any-website-phone-number-scraper---cheapest?fpr=youssef,email-finders,1,13,,0,"Scrape Phone Numbers from Any Website Instantly Enter a website or keyword and extract phone numbers from any public web page, including page title, contact number & source URL Perfect for lead generation, B2B outreach, sales, market research, OSINT & enriching your CRM & data pipelines"
Any Website Email Scraper - Cheapest,ContactMinerLabs,https://apify.com/contactminerlabs/any-website-email-scraper---cheapest?fpr=youssef,email-finders,1,13,,0,"Scrape Emails from Any Website Instantly Enter a website or keyword and extract emails from any public web page, including page title, email address, and source URL Perfect for lead generation, B2B outreach, sales teams, marketing campaigns, and enriching your CRM & data pipelines"
"Beacons Email Scraper - Advanced, Cheapest & Reliable",ContactMinerLabs,https://apify.com/contactminerlabs/beacons-email-scraper---advanced-cheapest-reliable?fpr=youssef,email-finders,1,12,,0,"Scrape Beacons Emails Enter your search parameters to collect verified contact emails from Beacons profiles, along with profile title, bio, source URL & platform info Perfect for lead generation, influencer outreach & data enrichment in tools like Google Sheets or CRMs"
Practo Doctor Scraper - Fast & Cheap,Storm_Scraper,https://apify.com/scrapestorm/practo-doctor-scraper---fast-cheap?fpr=youssef,other-lead-sources,1,12,,0,"Looking for a doctor listings scraper to fetch healthcare provider details from Practo.com, India's leading healthcare platform ? With this tool, easily gather doctor listings based on specialization, location, including doctor names, consultation fees, experience, reviews & practice details"
"Trustpilot Email Scraper - Advanced, Cheapest & Reliable",ContactMinerLabs,https://apify.com/contactminerlabs/trustpilot-email-scraper---advanced-cheapest-reliable?fpr=youssef,email-finders,1,11,,0,"Scrape Trustpilot Emails Enter your search parameters to collect verified contact emails from public Trustpilot profiles, along with profile title, bio, source URL & platform info Perfect for lead generation, influencer outreach & data enrichment in tools like Google Sheets or CRMs"
"Yellowpages Email Scraper - Advanced, Cheapest & Reliable",ContactMinerLabs,https://apify.com/contactminerlabs/yellowpages-email-scraper---advanced-cheapest-reliable?fpr=youssef,email-finders,1,11,,0,"Scrape Mass/Bulk Yellowpages Emails Enter your search parameters to collect verified contact emails from Yellowpages profiles, along with profile title, bio, source URL & platform info Perfect for lead generation, influencer outreach & data enrichment in tools like Google Sheets or CRMs"
Aleo Company Scraper,PowerAI,https://apify.com/powerai/aleo-company-scraper?fpr=youssef,b2b-databases,1,11,,0,"Scrape company information from Aleo.com by providing a search URL, with automatic pagination and comprehensive company data extraction"
"Quora Email Scraper - Advanced, Cheapest & Reliable",ContactMinerLabs,https://apify.com/contactminerlabs/quora-email-scraper---advanced-cheapest-reliable?fpr=youssef,email-finders,1,10,,0,"Scrape Quora Emails Enter your search parameters to collect verified contact emails from public Quora profiles, along with profile title, bio, source URL & platform info Perfect for lead generation, influencer outreach & data enrichment in tools like Google Sheets or CRMs"
Car.gr Vehicle Details Scraper,ecomscrape,https://apify.com/ecomscrape/car-gr-vehicle-details-scraper?fpr=youssef,ellada-kypros,1,10,,0,"Car.gr Vehicle Details Scraper automates extraction of comprehensive vehicle listings from Greece's leading automotive marketplace. Collect detailed car specifications, pricing, seller information, and market data for automotive intelligence, dealership analysis, and pricing research"
Whalewisdom 13f Scraper - No Login,Fortuitous Pirate,https://apify.com/fortuitous_pirate/whalewisdom-13f-scraper?fpr=youssef,other-lead-sources,1,9,,0,Whalewisdom 13f Scraper. No login or cookies. MCP-ready for AI agents
PropertyGuru Scraper | Singapore Malaysia Real Estate API,kane liu,https://apify.com/lentic_clockss/propertyguru-sg-scraper?fpr=youssef,other-lead-sources,1,7,,0,"Scrape PropertyGuru Singapore & Malaysia plus CommercialGuru - HDB, condo, landed, rooms, office & retail for sale or rent. Prices, agents & images - PropertyGuru API alternative"
Proff.no Scraper,SolidCode,https://apify.com/solidcode/proff-no-scraper?fpr=youssef,b2b-databases,1,7,,0,"[ ] Extract Norwegian company data from proff.no - names, organisation numbers, contacts, addresses, industries, and headline financials. Search by keyword and county, or by proff.no search URLs"
"Doctoranytime Scraper - Belgium, Greece Doctor Director",Giovanni Bianciardi,https://apify.com/giovannibiancia/doctoranytime-scraper----belgium-greece-doctor-director?fpr=youssef,ellada-kypros,1,7,,0,"Extract 10,000+ doctor & specialist profiles from Doctoranytime.be, Doctoranytime.gr and Cyprus. Name, specialty, address, phone, fees, ratings. B2B healthcare leads"
"Expedia Email Scraper - Advanced, Cheapest & Reliable",ContactMinerLabs,https://apify.com/contactminerlabs/expedia-email-scraper---advanced-cheapest-reliable?fpr=youssef,email-finders,1,6,,0,"Scrape Mass/Bulk Expedia Emails Enter your search parameters to collect verified contact emails from Expedia profiles, along with profile title, bio, source URL & platform info Perfect for lead generation, influencer outreach & data enrichment in tools like Google Sheets or CRMs"
Thumbtack Email Scraper - Cheapest,ContactMinerLabs,https://apify.com/contactminerlabs/thumbtack-email-scraper---cheapest?fpr=youssef,email-finders,1,6,,0,"Scrape Thumbtack Emails Instantly Enter a service keyword and extract emails and phone numbers from Thumbtack professional profiles, including contact details and profile URL Perfect for local lead generation, B2B outreach, agencies, SaaS sales, and enriching your CRM and data pipelines"
Zocdoc Scraper,Brennan Crawford,https://apify.com/fresh_cliff/zocdoc-scraper?fpr=youssef,other-lead-sources,1,6,,0,"Zocdoc Doctor Scraper - Extract doctor profiles, ratings, locations & availability from Zocdoc API. Search by location & specialty. Get clean structured data for healthcare research, competitor analysis & lead generation. Fast, reliable & bot-resistant scraping"
"Vimeo Email Scraper - Advanced, Cheapest & Reliable",ContactMinerLabs,https://apify.com/contactminerlabs/vimeo-email-scraper---advanced-cheapest-reliable?fpr=youssef,email-finders,1,6,,0,"Scrape Vimeo Emails Enter your search parameters to collect verified contact emails from public Vimeo profiles, along with profile title, bio snippet, source URL & platform info Perfect for lead generation, influencer outreach & data enrichment in tools like Google Sheets or CRMs"
Kariera.Sk Scraper,Unfenced Group,https://apify.com/unfenced-group/kariera-sk-scraper?fpr=youssef,ellada-kypros,1,6,,0,"Extract job listings from Kariera.sk - Slovakia's leading job board. Keyword search, salary parsing, contract type. No API key needed"
LinkedIn Services & Products Scraper - Cheap,ContactMinerLabs,https://apify.com/contactminerlabs/linkedin-services-products-scraper---cheap?fpr=youssef,linkedin,1,5,,0,"Search Mass/Bulk LinkedIn Services Enter any keyword & extract relevant LinkedIn services and products, including name, description, displayed URL & service page link Perfect for market research, B2B lead generation, competitor analysis, product discovery & feeding your CRM, AI pipelines"
Skroutz Price Comparison Scraper,Vitalii Bondarev,https://apify.com/bovi/skroutz-price-scraper?fpr=youssef,ellada-kypros,1,5,,0,"Scrape Skroutz.gr, Greece's largest price-comparison site. Search any product and get the lowest price, number of offers, rating, review count, brand, URL and image - one clean row per product. Pay per result; residential proxy built in"
Kariera Scraper - Greek Job Listings,Black Falcon Data,https://apify.com/blackfalcondata/kariera-scraper?fpr=youssef,ellada-kypros,1,5,,0,Scrape kariera.gr - Greece's leading job portal for structured job listings with filters for seniority level · employment type · remote work · company details per posting. Incremental mode flags new and changed jobs across scheduled runs
Skroutz Product Scraper,Scraping Crew,https://apify.com/scraping_crew/skroutz-scraper?fpr=youssef,ellada-kypros,1,5,,0,"Scrape Skroutz product data including prices, old prices, brands, EANs, categories, images, specifications, ratings, reviews and sellers. Monitor Greek e-commerce products, track prices, analyze competitors and build structured product datasets for AI and automation"
"Telegram Channel Scraper: Subscriber Count, Bio & Stats",Adrian Voss,https://apify.com/accountable_eel/telegram-channel-lookup?fpr=youssef,social-leads,1,4,,0,"Telegram channel scraper without login or API key: look up a list of public channels by username and get subscriber count, description, verification badge and recent-post stats, read straight from Telegram's own public preview pages. Charged only for channels actually found"
Tech Stack · M365 & Google Workspace,Corentin Robert,https://apify.com/corent1robert/collaboration-platform-detector?fpr=youssef,enrichment-verification,1,4,,0,"Paste company domains - see Microsoft 365, Google Workspace, or Slack per row. Confidence score, MX signals, CSV-ready. Built for outbound & HR tech sales. No API key"
REMAX Phone Numbers & Emails Real Estate Agents Scraper,ContactMinerLabs,https://apify.com/contactminerlabs/remax-phone-numbers-emails-real-estate-agents-scraper?fpr=youssef,email-finders,1,4,,0,"Easily collect agent emails & phone numbers Provide one or multiple agent search URLs and extract key contact data Agent Name Phone Number Professional Email Languages Spoken URL Perfect for email outreach campaigns, cold calling & building targeted real estate prospect lists"
Thomasnet Scraper | US Industrial Suppliers,kane liu,https://apify.com/lentic_clockss/thomasnet-scraper?fpr=youssef,b2b-databases,1,4,,0,"Scrape Thomasnet (www.thomasnet.com) US industrial B2B suppliers via keyword search, heading categories, and company profiles. Extract tgramsId, location, sales, employees, capabilities, and profile URLs. Export Excel, CSV, or JSON. Unofficial - not affiliated with Thomas Publishing / Thomasnet"
"Figma Email Scraper - Advanced, Cheapest & Reliable",ContactMinerLabs,https://apify.com/contactminerlabs/figma-email-scraper---advanced-cheapest-reliable?fpr=youssef,email-finders,1,4,,0,"Scrape Figma Emails Enter your search parameters to collect verified contact emails from public Figma profiles, along with profile title, bio, source URL & platform info Perfect for lead generation, influencer outreach & data enrichment in tools like Google Sheets or CRMs"
Skroutz Scraper - Greek Price Comparison & Marketplace,Studio Amba,https://apify.com/studio-amba/skroutz-scraper?fpr=youssef,ellada-kypros,1,4,,0,"Scrape products, prices, ratings, and seller data from Skroutz.gr. Supports search and category browsing. No login required"
Cyprus Company Registry Scraper - DRCOR,getregdata,https://apify.com/regdata/cyprus-drcor-company-scraper?fpr=youssef,ellada-kypros,1,4,,0,"Search the official Cyprus company register (DRCOR) by name or registration number. Returns organisation identity and status, directors and secretary, and registered office. No API key"
Buy Me a Coffee Email Scraper - Cheapest & Reliable,ContactMinerLabs,https://apify.com/contactminerlabs/buy-me-a-coffee-email-scraper---cheapest-reliable?fpr=youssef,email-finders,1,3,,0,"Scrape Buy Me a Coffee Emails Enter your search parameters to collect verified contact emails from Buy Me a Coffee profiles, along with profile title, bio, source URL & platform info Perfect for lead generation, influencer outreach & data enrichment in tools like Google Sheets or CRMs"
"Flickr Email Scraper - Advanced, Cheapest & Reliable",ContactMinerLabs,https://apify.com/contactminerlabs/flickr-email-scraper---advanced-cheapest-reliable?fpr=youssef,email-finders,1,3,,0,"Scrape Flickr Emails Enter your search parameters to collect verified contact emails from public Flickr profiles, along with profile title, bio, source URL & platform info Perfect for lead generation, influencer outreach & data enrichment in tools like Google Sheets or CRMs"
Strava Phone Number Scraper - Cheapest,ContactMinerLabs,https://apify.com/contactminerlabs/strava-phone-number-scraper---cheapest?fpr=youssef,email-finders,1,3,,0,"Scrape Mass / Bulk Strava Phone Numbers Enter your search parameters to collect phone numbers from Strava athlete profiles, clubs, and community content, along with athlete or club name, URL & more Perfect for lead generation, fitness outreach, club recruitment and contact enrichment"
Realtor.com Agents Scraper - Profiles & Contact Data,kane liu,https://apify.com/lentic_clockss/realtor-com-agents-scraper?fpr=youssef,email-finders,1,3,,0,"Scrape Realtor.com agents by US city or ZIP. Extract real estate agent phones, emails, ratings, sales stats, brokerage, languages, and served areas. A Realtor.com agent API alternative for Excel, CSV, or JSON"
Podcast Host Lead Scraper,Ken M,https://apify.com/scrapemint/podcast-host-leads?fpr=youssef,email-finders,1,3,,0,"Search the podcast directory by keyword and turn shows into B2B leads: the host's public email, show name, author, website, category, episode count, and last-episode date. One lead per podcast. Keyless, no API key"
ZAP Imóveis Brazil Real Estate Data Scraper,Latin America Data,https://apify.com/latinamericadata/zap-imoveis-brasil?fpr=youssef,other-lead-sources,1,3,,0,"Extraia anúncios do ZAP Imóveis com preços, localização, área, quartos, vagas e anunciante. Scraper para leads, pesquisa e inteligência imobiliária. Exporte em JSON, CSV ou Excel e integre por API, webhooks e automações"
Skywalker.gr Scraper,Unfenced Group,https://apify.com/unfenced-group/skywalker-gr-scraper?fpr=youssef,ellada-kypros,1,3,,0,"Scrape job listings from Skywalker.gr, Greece's largest job board (since 1999). Extracts titles, companies, locations, full descriptions and apply links. Keyword, location, category, contract type and date filters. No API key required"
Redbubble Phone Number Scraper - Cheapest,ContactMinerLabs,https://apify.com/contactminerlabs/redbubble-phone-number-scraper---cheapest?fpr=youssef,email-finders,1,2,,0,"Scrape Mass/Bulk Redbubble Phone Numbers Enter your search parameters to collect publicly available phone numbers from Redbubble profiles and product pages, along with profile or product title, bio, URL & platform info Perfect for lead generation, brand partnerships & contact enrichment"
Spotify Phone Number Scraper - Cheapest,ContactMinerLabs,https://apify.com/contactminerlabs/spotify-phone-number-scraper---cheapest?fpr=youssef,email-finders,1,2,,0,"Scrape Mass/Bulk Spotify Phone Numbers Enter your search parameters to collect verified phone numbers from Spotify profiles, along with profile title, bio, source URL & platform info Perfect for lead generation, influencer outreach, and contact enrichment in tools like Google Sheets or CRM"
Angi Scraper | Angie's List HVAC Near Me,kane liu,https://apify.com/lentic_clockss/angi-scraper?fpr=youssef,directories,1,2,,0,"Scrape Angi.com (formerly Angie's List) HVAC, plumbers, roofers and home-service contractors by ZIP. Export names, nearme street addresses, ratings, and Angi Inc contact phones. HomeStars Canada public phones when listed. Guest pages only - US merchant phones are gated. CSV, Excel, or JSON"
Wellfound Startup Scraper: Company Profiles & Funding,Adrian Voss,https://apify.com/accountable_eel/wellfound-company-lookup?fpr=youssef,jobs-hiring-signals,1,2,,0,"Wellfound (AngelList Talent) company profile lookup by URL or slug: tagline, company size, stage, primary location, website, open job count, and market/industry tags, straight from the company's own Wellfound profile. One row per company. Never charged for a miss"
"Shine Jobs Scraper & API: Real or Fake Check, Salary",Superior Actors,https://apify.com/s_actors/shine-jobs-scraper?fpr=youssef,jobs-hiring-signals,1,2,,0,"Scrape Shine.com India jobs with a real-or-fake check on every job: imported feed jobs that hide the employer, US jobs listed as ""All India"", fee and easy-money offers. Company or agency, salary in lakhs, applicants, recruiter contact, all results, job alerts"
Craigslist Search Scraper Api,Brennan Crawford,https://apify.com/fresh_cliff/craigslist-search-scraper-api?fpr=youssef,other-lead-sources,1,2,,0,"Craigslist Scraper API - Extract listings, prices, locations, images & timestamps. Real-time data export to JSON/CSV. Perfect for market research, price monitoring, competitive analysis, lead generation. Support ALL categories & locations. Anti-bot protection. 50-200 listings/min"
Jiffy On Demand Scraper | Pro Phones & Emails,kane liu,https://apify.com/lentic_clockss/jiffy-ondemand-scraper?fpr=youssef,email-finders,1,2,,0,"Scrape jiffyondemand.com (Jiffy On Demand) catalogs and public Pro pages in Canada and the US. Export names, phones, emails, city, service families, and HQ address. Guest pages only - no Book. CSV, Excel, or JSON"
Xometry Scraper | Capabilities Materials Case Studies,kane liu,https://apify.com/lentic_clockss/xometry-scraper?fpr=youssef,other-lead-sources,1,2,,0,"Scrape Xometry.com manufacturing capabilities, materials, finishes, industries, resources, and case studies. Extract titles, URLs, FAQ, images, and JSON-LD from public marketing CMS pages. Export Excel, CSV, JSON. Guest preview only - Instant Quote login economics out of scope"
"ATS Jobs API - Greenhouse, Lever, Ashby, Workable",NorthWestSouth Data,https://apify.com/northwestsouth/ats-job-board-scraper?fpr=youssef,jobs-hiring-signals,1,2,,0,"Give it company names, not board tokens. Finds each company's job board across 6 applicant tracking systems and returns every opening in one schema - normalised country, remote flag, salary. Pay per job; companies it cannot find are free"
Steam Phone Number Scraper - Cheapest,ContactMinerLabs,https://apify.com/contactminerlabs/steam-phone-number-scraper---cheapest?fpr=youssef,email-finders,1,2,,0,"Scrape Mass / Bulk Steam Phone Numbers Enter your search parameters to collect phone numbers from Steam profiles, game pages, studios, and community content, along with studio or profile name, URL & more Perfect for lead generation, game industry outreach & contact enrichment"
Vimeo Phone Number Scraper - Cheapest,ContactMinerLabs,https://apify.com/contactminerlabs/vimeo-phone-number-scraper---cheapest?fpr=youssef,email-finders,1,2,,0,"Scrape Taobao Emails Instantly Enter a keyword and extract public email addresses from Taobao sellers, merchants, shops, and customer service pages - including **store name, email address, and source URL**. Perfect for supplier sourcing, e-commerce research, lead generation, and CRM enrichment"
Reddit Phone Number Scraper - Cheapest,ContactMinerLabs,https://apify.com/contactminerlabs/reddit-phone-number-scraper---cheapest?fpr=youssef,email-finders,1,2,,0,"Scrape Mass / Bulk Reddit Phone Numbers Enter your search criteria to collect publicly available phone numbers from Reddit posts, comments, and user profiles, along with post titles, usernames, URLs, and discussion details Perfect for lead generation, OSINT research and market analysis"
UK Restaurant & Hospitality Territory Monitor,Chris Hopkin,https://apify.com/dig_stays/uk-hospitality-territory-monitor?fpr=youssef,other-lead-sources,1,2,,0,"Find and monitor UK restaurants, cafés, pubs, bars and takeaways by council and postcode district. Export FSA/FHRS names, addresses, ratings, inspection dates and coordinates. Schedule repeat runs to return only newly seen or changed businesses for sales territories, market research and alerts"
Medium Profile Scraper - Cheap,ContactMinerLabs,https://apify.com/contactminerlabs/medium-profile-scraper---cheap?fpr=youssef,social-leads,1,2,,0,"This Scraper lets you extract profiles from Medium Perfect for building targeted writer lists, influencer outreach campaigns, partnership discovery & connecting directly with authors, founders & thought leaders Built for content research, trend discovery & publishing intelligence on Medium"
Skyscanner Email Scraper - Cheapest,ContactMinerLabs,https://apify.com/contactminerlabs/skyscanner-email-scraper---cheapest?fpr=youssef,email-finders,1,2,,0,"Scrape Skyscanner Emails Instantly Enter a travel keyword & extract email addresses from Skyscanner partners, travel agencies, and listings, including company name, email address & URL Perfect for travel partnerships, affiliate outreach, lead generation, & enriching your data pipelines"
Patreon Phone Number Scraper - Cheapest,ContactMinerLabs,https://apify.com/contactminerlabs/patreon-phone-number-scraper---cheapest?fpr=youssef,email-finders,1,2,,0,"Scrape Mass/Bulk Patreon Phone Numbers Enter your search parameters to collect phone numbers from Patreon creator profiles, along with profile title, bio, source URL & platform info Perfect for lead generation, influencer outreach, partnerships & contact enrichment in tools like CRMs"
SeLoger Scraper - France Sale & Rent Property Listings,kane liu,https://apify.com/lentic_clockss/seloger-property-scraper?fpr=youssef,other-lead-sources,1,2,,0,"Scrape SeLoger sale/rent listings by location or URL across apartments, houses, parking, land, commercial, offices, loft and more. Extract prices, rooms, surface, DPE, agents, and photos as a SeLoger API alternative"
"IndiaMART Scraper | B2B Products, Phones & Suppliers",kane liu,https://apify.com/lentic_clockss/indiamart-scraper?fpr=youssef,b2b-databases,1,2,,0,Scrape IndiaMART India B2B products & suppliers. Guest phones from MCAT/PDP. Emails usually absent; street when directors exists. Export Excel/CSV/JSON
Walmart Phone Number Scraper - Cheapest,ContactMinerLabs,https://apify.com/contactminerlabs/walmart-phone-number-scraper---cheapest?fpr=youssef,email-finders,1,2,,0,"Scrape Walmart Emails Instantly Enter a keyword and extract public email addresses from Walmart business pages, vendors, partners and customer service sections including store or business name, email address & source URL Perfect for supplier discovery, B2B, lead generation, and CRM enrichment"
Eventbrite Scraper | Events Tickets Venues Organizers,kane liu,https://apify.com/lentic_clockss/eventbrite-scraper?fpr=youssef,other-lead-sources,1,2,,0,"Scrape Eventbrite public events - Discover, category browse, keyword search, free/online filters, multi-city batch, ticket prices, venues, organizers & series. Global TLDs. Export Excel/CSV/JSON. Unofficial - not affiliated with Eventbrite"
Rakuten Japan Phone Number Scraper - Cheapest,ContactMinerLabs,https://apify.com/contactminerlabs/rakuten-japan-phone-number-scraper---cheapest?fpr=youssef,email-finders,1,2,,0,"Scrape Mass / Bulk Rakuten Japan Phone Numbers Enter your search criteria to collect phone numbers from Rakuten Japan shops, and sellers along with the shop name, seller title, URL & other business details Perfect for lead generation, e-commerce, B2B campaigns, supplier partnerships"
Bluesky Mass Profile Scraper - Cheap,ContactMinerLabs,https://apify.com/contactminerlabs/bluesky-mass-profile-scraper---cheap?fpr=youssef,social-leads,1,2,,0,"This Scraper lets you extract profiles from Bluesky Perfect for building targeted creator lists, influencer outreach campaigns, partnership discovery & connecting directly with founders, creators and community leaders Built for community analysis, trend discovery & social intelligence"
DHgate Wholesale Scraper | Products Prices MOQ,kane liu,https://apify.com/lentic_clockss/dhgate-scraper?fpr=youssef,other-lead-sources,1,2,,0,"Scrape DHgate.com wholesale marketplace - keyword search, catalog categories, product PDP (SKU/shipping), and seller stores. Extract itemcode, prices, MOQ, free shipping, supplier URLs & images. Export Excel/CSV/JSON for sourcing & price research"
Redbubble Email Scraper - Cheapest,ContactMinerLabs,https://apify.com/contactminerlabs/redbubble-email-scraper---cheapest?fpr=youssef,email-finders,1,2,,0,"Scrape Redbubble Emails Instantly Enter a keyword & extract publicly available emails from Redbubble profiles and shops, including shop/artist name, email address & profile URL Perfect for lead generation, influencer outreach, collaborations, and enriching your data pipelines"
Luma Phone Number Scraper - Cheapest,ContactMinerLabs,https://apify.com/contactminerlabs/luma-phone-number-scraper---cheapest?fpr=youssef,email-finders,1,2,,0,"Scrape Mass/Bulk Luma Phone Numbers Enter your search parameters to collect phone numbers from Luma profiles, along with profile title, bio, source URL & platform info Perfect for lead generation, professional networking, recruiter outreach & contact enrichment in tools like CRMs"
Eventim Scraper | CTS Eventim Events & Tickets - 40+ Countries,kane liu,https://apify.com/lentic_clockss/eventim-scraper?fpr=youssef,other-lead-sources,1,2,,0,"Scrape CTS Eventim public events - search, categories, cities, venues, artists, tours & eventseries across 40+ shops (eventim.de, TicketOne, FNAC). Multi-city/category batch, filters, series expand. Export Excel/CSV/JSON. Unofficial - not affiliated with CTS EVENTIM"
Taobao Email Scraper - Cheapest,ContactMinerLabs,https://apify.com/contactminerlabs/my-actor-5?fpr=youssef,email-finders,1,2,,0,"**Scrape Taobao Emails Instantly** Enter a keyword & extract public email addresses from Taobao sellers, merchants, shops & customer service pages - including store name, email address & source URL Perfect for **supplier sourcing, e-commerce research, lead generation & CRM enrichment**"
iPROS Scraper | Japan B2B Products & Companies,kane liu,https://apify.com/lentic_clockss/ipros-scraper?fpr=youssef,b2b-databases,1,2,,0,"Scrape iPROS (www.ipros.com) Japan B2B products & companies in EN/JA. Search by category, industry, prefecture. Extract productId, companyId, titles, images, official sites. Export Excel/CSV/JSON. Unofficial - not affiliated with iPROS"
Pinterest Phone Number Scraper - Cheapest,ContactMinerLabs,https://apify.com/contactminerlabs/pinterest-phone-number-scraper---cheapest?fpr=youssef,email-finders,1,2,,0,"Scrape Pinterest Phone Numbers Instantly Enter a keyword and extract phone numbers from Pinterest pins, profiles & business listings including account name, phone number & source URL Perfect for brand outreach, local businesses, influencer marketing, lead generation & enriching your CRM"
MonotaRO Scraper | Japan MRO Products & Prices,kane liu,https://apify.com/lentic_clockss/monotaro-scraper?fpr=youssef,other-lead-sources,1,2,,0,"Scrape MonotaRO (www.monotaro.com) Japan MRO / industrial catalog - keyword search, categories, brands, product groups, SKUs, and review summaries. Extract productCode, monotaroNo, guest prices, ratings. Export Excel/CSV/JSON. Unofficial - not affiliated with MonotaRO"
Otomoto Listings Scraper,FalconScrape,https://apify.com/piotrv1001/otomoto-listings-scraper?fpr=youssef,email-finders,1,2,,0,"Scrape Otomoto.pl vehicle listings by filters or search URL: price, full specs, equipment, seller and location for cars, motorcycles, vans and trucks. Optional seller phone numbers, VIN, description and photos. No page cap, no duplicates"
Travelstart Flights Scraper | Africa OTA Fares,kane liu,https://apify.com/lentic_clockss/travelstart-scraper?fpr=youssef,other-lead-sources,1,2,,0,"Scrape Travelstart flight search results & airport suggestions across.com /.co.za /.com.ng /.co.ke. Extract fares, airlines, segments. Export Excel/CSV/JSON. Unofficial - not affiliated with Travelstart"
Idealista Scraper - Spain Italy Portugal Property,kane liu,https://apify.com/lentic_clockss/idealista-scraper?fpr=youssef,other-lead-sources,1,2,,0,"Scrape Idealista.com /.it /.pt across homes, new builds, rooms, garages, commercial, land, and business transfers by location or URL. Extract prices, rooms, living space, agencies, and photos as an Idealista API alternative"
RemoteOK Jobs Scraper - Remote Job Feed,Adderley Data,https://apify.com/adderleydata/remoteok-jobs-scraper?fpr=youssef,jobs-hiring-signals,1,2,,0,"The latest remote jobs RemoteOK publishes, as structured data: title, company, tags, location with country where stated, employment type, RemoteOK salary figures, posted date, full text on request. One request per run. Incremental mode charges only for changes. No personal data"
Hacker News Who is Hiring Scraper - Developer Jobs,Andres Garcia-Baquero Leon,https://apify.com/angaba92/hacker-news-who-is-hiring-scraper?fpr=youssef,jobs-hiring-signals,1,2,,0,"Turn the monthly Ask HN Who is hiring thread into structured developer jobs: company, role, location, salary, remote policy, job type and tech stack. For recruiting, job boards and hiring research. Official HN API, no proxies. Export CSV, JSON, Excel or API"
France PagesJaunes Scraper | B2B Leads,HappiTap,https://apify.com/happitap/france-pagesjaunes-business-scraper?fpr=youssef,b2b-databases,1,2,,0,"Extract verified French businesses, real estate agencies, and local services from PagesJaunes.fr. Premium EU B2B leads"
Stack Overflow Question Scraper,electra bot,https://apify.com/electrabot.info/stackoverflow-question-scraper?fpr=youssef,other-lead-sources,1,2,,0,"Search Stack Overflow questions by keyword or tag. Get title, full body, score, views, answers, accepted-answer status as JSON/CSV. Official API, pay per result"
FBI Wanted Scraper - No Login,Petey Boy,https://apify.com/quarterly_jingo/fbi-wanted-scraper?fpr=youssef,other-lead-sources,1,2,,0,FBI Wanted Scraper. No login or cookies. MCP-ready for AI agents
FAB Product Info Scraper,GetDataForMe,https://apify.com/getdataforme/fab-productInfo-scraper?fpr=youssef,other-lead-sources,1,2,,0,"The Fab ProductInfo Scraper efficiently extracts detailed product data from Fab.com, including title, price, and availability. It offers high-quality, up-to-date data, handles multiple URLs, and supports JSON, CSV, and Excel outputs"
Dental & Healthcare Provider Google Maps Lead Generator,Clura,https://apify.com/clura/dental-google-maps-lead-generator?fpr=youssef,google-maps,1,2,,0,"Scrapes dentist, orthodontist, and healthcare provider leads from Google Maps by location, with email/services/social enrichment from each practice's website. Drives the real Clura Chrome extension headlessly"
Ungerboeck Exhibitor List Scraper: Any Event,GetAScraper,https://apify.com/getascraper/ungerboeck-exhibitor-directory-scraper?fpr=youssef,directories,1,2,5,1,"Scrape the exhibitor list and booth numbers from any event on the Ungerboeck (Momentus) platform. Paste your event's floor plan link and export every company name and booth to Excel, CSV, or JSON. No code needed"
Zonaprop Scraper - Argentina Real Estate,Ben,https://apify.com/benthepythondev/zonaprop-scraper?fpr=youssef,social-leads,1,2,,0,"Scrape Zonaprop Argentina property listings with prices, dimensions, location, coordinates, agency, phone, WhatsApp, images and lead scores"
French Company Registry Scraper,deriverge s.r.o,https://apify.com/deriverge/french-company-check?fpr=youssef,other-lead-sources,1,2,,0,"French companies by SIREN, SIRET or VAT number from the Sirene register, with collective proceedings from the BODACC gazette and a VIES check. An opening judgment in BODACC is flagged even while Sirene still lists the company as active"
SEEK Jobs Scraper: Australia and New Zealand Jobs,PulseData,https://apify.com/pulsedata/seek-jobs-scraper?fpr=youssef,jobs-hiring-signals,1,2,,0,"Scrape job listings from SEEK Australia and New Zealand by keyword, location, classification and work type. Returns salary, full description, applicant count, screening questions, contact details and company rating"
TED Tenders Scraper - EU Public Procurement,Tom Awake,https://apify.com/dataio/ted-eu-tenders-procurement?fpr=youssef,other-lead-sources,1,2,,0,"Scrape EU public tenders from TED (Tenders Electronic Daily): open notices with the days remaining to bid, buyer, CPV codes, estimated value and place of performance, or contract awards with the winner. Titles in a readable language. Filter by CPV, country, date"
Remote Job Listings & Salary Data - We Work Remotely,BowTiedRaccoon,https://apify.com/jungle_synthesizer/weworkremotely-scraper?fpr=youssef,jobs-hiring-signals,1,2,,0,"Remote job listings with salary data, from We Work Remotely. Returns job title, company, salary range and currency, category, job type, location restriction, tags and apply URL. Filter by category and job type. For remote job boards and recruiters"
Google Maps Businesses Without Website,Aiden Boudreau,https://apify.com/aiden_boudreau/google-maps-businesses-without-website?fpr=youssef,google-maps,1,2,,0,"Find local businesses on Google Maps that have no website, or only a dead, parked or Facebook-only one. Phone, address and rating included. Pay per business found"
X (twitter) Search Scraper,Datamagnet,https://apify.com/datamagnet/x-twitter-search-actor?fpr=youssef,social-leads,1,2,,0,"Search for posts or content matching a keyword and return the results in a simple, readable format"
Greensboro Building Permits - No Login,Peters Bugs,https://apify.com/velvety_bedbug/greensboro-building-permits?fpr=youssef,enrichment-verification,1,2,,0,"Greensboro Building Permits: extract permitNumber, permitType, applicationType, currentStatus, description, fullAddress, contractor, ownerName. For lead generation, data enrichment, and research. No login or cookies. MCP-ready for AI agents"
Workable Jobs Scraper - ATS Job Listings & Apply Links,ninhothedev,https://apify.com/ninhothedev/workable-jobs-scraper?fpr=youssef,jobs-hiring-signals,1,2,,0,"ATS jobs scraper! Pull ANY company's careers board - title, department, location, remote & link. No key. JSON, CSV, Excel or API in seconds. Perfect for recruiting & hiring intel"
LinkedIn Pharma & Biotech Jobs Scraper,Neuton Scripts,https://apify.com/neuton/linkedin-pharma-biotech-jobs-intelligence?fpr=youssef,linkedin,1,2,,0,"Scrape public LinkedIn pharma and biotech jobs without login. Export evidence-backed clinical research, drug discovery, regulatory, and bioinformatics demand"
Dr House Immo · Advisor Phones & Profiles,Corentin Robert,https://apify.com/corent1robert/drhouse-conseillers-scraper?fpr=youssef,email-finders,1,2,,0,"Export Dr House Immo advisors from the public directory. Name, phone, ratings, reviews and socials - one row per advisor. Emails are guessed from the name: verify before outreach. No login"
Lansfast.se Scraper,rainminer,https://apify.com/rainminer/lansfast-se-scraper?fpr=youssef,other-lead-sources,1,2,,0,"Extract property listings from lansfast.se (Länsförsäkringar Fastighetsförmedling). Capture prices, addresses, rooms, living area, tenure type, images, and brokers"
Himalayas Jobs Scraper - Salary & Ghost Job Filter,Dave Fergins,https://apify.com/rolescout/himalayas-remote-jobs-scraper-salary-data?fpr=youssef,jobs-hiring-signals,1,2,,0,"Scrape every remote job on Himalayas into a clean JSON or CSV job dataset. Parsed salary data, normalised hiring regions, numeric timezone restrictions, real expiry dates, and a ghost-job score that flags expired and stale job postings rather than guessing from age"
LinkedIn Jobs Scraper Pro,AutomateLab,https://apify.com/red.cars/linkedin-jobs-scraper-pro?fpr=youssef,linkedin,1,2,,0,"LinkedIn jobs with full description, applicant count, seniority and salary at a fl plan. Remote, job type, experience, Easy Apply and posted-within filters, plus company, title and applicant filters applied before billing"
YouTube Comments Scraper PRO (Keyword & Sentiment Filter),Aether,https://apify.com/aetherlabx/youtube-comments-scraper-pro?fpr=youssef,social-leads,1,2,,0,"Export YouTube comments to CSV/JSON. Filter by keywords, minimum length, and exclude spam. Built for B2B lead gen, sentiment analysis, and competitor research"
Tech Stack Detector - BuiltWith & Wappalyzer Alternative,Yukai Lin,https://apify.com/tidytools/website-tech-stack-detector?fpr=youssef,enrichment-verification,1,2,,0,"Tech stack detector and website technology lookup for site lists: CMS, e-commerce, JS frameworks, analytics, CDN, hosting, payments. 480+ technologies with evidence.; none found = free"
US Grants.gov Eligibility Changes Scraper,NexGen Watch,https://apify.com/nexgenwatch/us-grants-eligibility-change-watch?fpr=youssef,other-lead-sources,1,2,,0,"Scrape US Grants.gov applicant eligibility changes: opportunity, agency and eligibility before and after. Every run returns the current records as a dataset. Optional watch mode returns only what changed since your last run. Pay per result"
Workable Jobs Scraper & API - Any Workable Board,Blackcube,https://apify.com/vonsensey/workable-jobs-scraper-api?fpr=youssef,jobs-hiring-signals,1,2,,0,"Workable jobs API. Paste a Workable board slug, board URL or company domain and get every open role on that board, read live when you run it. One normalized schema with parsed salary, seniority, remote flag and direct apply URLs. Pay per job; boards we cannot reach are free"
ATS Job Listing Scraper - No Login,Petey Boy,https://apify.com/quarterly_jingo/ats-job-listing-scraper?fpr=youssef,jobs-hiring-signals,1,2,,0,ATS Job Listing Scraper. No login or cookies. MCP-ready for AI agents
Remote Jobs Aggregator,Ken Agland,https://apify.com/agentictools/remote-jobs-aggregator?fpr=youssef,jobs-hiring-signals,1,2,,0,"Aggregate remote jobs from multiple job boards into one clean, deduplicated feed. No API key"
"Job Postings API · Live, All ATS · Greenhouse, Lever, Ashby +3",Samuel Elsner,https://apify.com/samikok/job-postings-api-all-ats?fpr=youssef,jobs-hiring-signals,1,2,,0,"Live job postings from any company as clean JSON - fetched directly from the ATS, zero lag"
Domain RDAP / WHOIS Lookup,Britton Furness,https://apify.com/mahogany_songbird/domain-whois-lookup?fpr=youssef,enrichment-verification,1,2,,0,Registration and expiry dates via RDAP
Mastodon Scraper - No Login,Peters Bugs,https://apify.com/velvety_bedbug/mastodon-scraper?fpr=youssef,other-lead-sources,1,2,,0,Scrape public posts (toots) from any Mastodon instance. Supports public timeline and hashtag timelines. No login or cookies. MCP-ready for AI agents
Zillow Data Scraper,ReapX,https://apify.com/reapx/zillow-data-scraper?fpr=youssef,other-lead-sources,1,2,,0,"Compare Zillow property records and local-market facts. Start with Zillow URLs; each returned record keeps titles, authors, addresses, descriptions, and publication dates"
"Medicare Cost Report Data - Hospital, SNF & Home Health (HCRIS)",NexGen Signal,https://apify.com/nexgensignal/us-medicare-cost-report-records?fpr=youssef,other-lead-sources,1,2,,0,"CMS Medicare cost reports for hospitals, skilled nursing facilities and home health agencies: beds, days, discharges, costs, revenue, balance sheet and net income per facility per year. Part of NexGen Signal - official-source data products"
"LinkedIn Company Scraper - Company Data API, No Login",Raffy,https://apify.com/glasswing/linkedin-company-scraper?fpr=youssef,linkedin,1,2,,0,"Scrape public LinkedIn company pages without an account: name, website, industry, company size, headquarters, founded, specialties, followers, logo, locations, similar pages and open jobs. By URL, slug, id or company name. No people data"
Private Company Data API - Funding and Valuation,Nabeel Hassan,https://apify.com/nabeelbaghoor/private-company-data-api?fpr=youssef,b2b-databases,1,2,,0,"Search a private-market company intelligence database by industry, market, technology, geography, headcount, funding and valuation, and optionally attach every funding round. Pay per result. Bring your own API key"
WARN Layoff Monitor - New Mass-Layoff & Closure Alerts,Scrapers Delight,https://apify.com/scrapersdelight/warn-layoff-monitor?fpr=youssef,email-finders,1,2,,0,"Monitor public WARN Act filings for new mass-layoff & plant-closure notices across US states (TX, IN - more coming). Company, location, employees affected, notice & effective dates. A delta feed for recruiters, sales & M&A - alerts via Slack, email or webhook"
BestColleges Scraper,Crawler Bros,https://apify.com/crawlerbros/best-colleges-scraper?fpr=youssef,other-lead-sources,1,2,,0,"Scrape ranked US college programs and school profiles from BestColleges (bestcolleges.com). Fetch ranked schools with tuition, admission rates, retention, and earnings data; school profiles; or program pages from subject hubs"
AutoScout24 Cars Scraper - Used Listings DE AT IT,Noah Adler,https://apify.com/noahadler/autoscout24-cars?fpr=youssef,other-lead-sources,1,2,,0,"Scrape AutoScout24 used-car listings (DE/AT/IT) by make and model - BMW 3er, Golf, A4. Price EUR, mileage, year, fuel, dealer, detail URL. HTTP scraper; enable RESIDENTIAL proxy (DE/AT/IT) if you hit 403"
Government Contract Award Monitor Federal Grant Winners,Mamba Labs,https://apify.com/mambalabs/public-award-monitor?fpr=youssef,other-lead-sources,1,2,,0,"Finds the companies that won US federal contracts, US federal grants, NIH SBIR awards, or UK public contracts in the last N days. Returns one row per winning company with award count, total value, awarding body, award date, and a resolved company domain. Built for Clay and outbound"
"Shopify Store Intelligence: Apps, Markets, Tech",Ahmed Ibrahim,https://apify.com/launchgulf/shopify-store-intelligence?fpr=youssef,other-lead-sources,1,2,,0,"Analyze any Shopify store: installed apps, theme, currencies, languages, international markets, shipping countries, payment and buy-now-pay-later options, product count, prices and social links"
PitchPilot - Agency Prospect Scorer & Outreach Agent,Daniel Lozano,https://apify.com/orbitai/agency-prospect-qualification-scorer?fpr=youssef,other-lead-sources,1,2,,0,"Ranks business website prospects by reachable contact data, CTA gaps, website weakness, and improvement potential"
"DOL Prevailing-Wage Worksites (FY2026 Q3, quarter-to-date)",NexGen Watch,https://apify.com/nexgenwatch/dol-prevailing-wage-worksites?fpr=youssef,other-lead-sources,1,2,,0,Structured worksite-level prevailing-wage detail - the per-worksite companion to the OFLC prevailing-wage determinations - read directly from the official U.S
Workday Jobs Scraper,Dektion Studio,https://apify.com/dektionstudio/workday-jobs-scraper?fpr=youssef,jobs-hiring-signals,1,2,,0,"Open jobs from company career sites on Workday (myworkdayjobs.com): title, locations and time type, plus the full description and exact posting date when descriptions are on. Reads every page of big sites like NVIDIA with 2,000 jobs"
"npm Registry Intel: Packages, Releases & Maintainer Leads",Obsidian IT Consulting SRL,https://apify.com/obsidian937/npm-registry-intel?fpr=youssef,email-finders,1,2,,0,"Turn the npm registry into structured B2B data. Discover packages by keyword or scope, monitor releases of any package list, or build developer lead lists from maintainer emails. Official public npm API, no proxy, no auth. Delta mode for recurring monitoring"
GLEIF LEI Scraper - Legal Entity Identifier Records,DevilScrapes,https://apify.com/devilscrapes/gleif-lei-records-scraper?fpr=youssef,other-lead-sources,1,2,,0,"Export Legal Entity Identifier records from the GLEIF global register - LEI code, legal name, entity status, legal form, jurisdiction, registered address, BIC codes and registration dates - as clean JSON, CSV or Excel. Bulk LEI lookup for counterparty screening and KYC onboarding"
YouTube Debate Transcript & Argument Map,Rodolfo Martins,https://apify.com/vanheelsing/youtube-debate-argument-map?fpr=youssef,social-leads,1,2,,0,"Extract public YouTube debate captions into timestamped topics, claims-to-verify, and transparent argument scorecards"
Pancakeswap Liquiditypool Spider,GetDataForMe,https://apify.com/getdataforme/pancakeswap-liquiditypool-spider?fpr=youssef,other-lead-sources,1,2,5,1,"This Apify Actor scrapes articles from DailyAffairs.org using Python and Scrapy, extracting titles, authors, dates, full text, summaries, categories, and tags"
Notino Greece Scraper - Perfume & Cosmetics Prices,Studio Amba,https://apify.com/studio-amba/notino-gr-scraper?fpr=youssef,ellada-kypros,1,2,,0,"Scrape Notino Greece (notino.gr): perfume and cosmetics product names, brands, EUR prices, size variants, ratings, reviews, stock, EAN/GTIN, categories and images. Search by brand or keyword, or pass product URLs. No login, no cookies"
Greece Data Gov Scraper,Ben,https://apify.com/benthepythondev/greece-data-gov-scraper?fpr=youssef,ellada-kypros,1,2,,0,"Collect Greece data.gov.gr records and export id, name, state, display name, source, scraped at as structured JSON, CSV or Excel data"
"kariera.gr Scraper: Greece Jobs, Salaries & Employers",NanoScrape,https://apify.com/santamaria-automations/kariera-gr-scraper?fpr=youssef,ellada-kypros,1,2,,0,"Scrape job listings from kariera.gr, Greece's #1 job board. Returns title, company, Greek periphery (region), prefecture, employment type, remote type, EUR salary, seniority level, and full HTML description. No browser required"
GEMI Greece Scraper - Greek Business Registry & KYB Data,Studio Amba,https://apify.com/studio-amba/publicity-businessportal-gr-scraper?fpr=youssef,ellada-kypros,1,2,,0,"Search Greek companies on GEMI, the national business registry. Look up by name, AFM (tax number) or GEMI number and get legal form, status, address, share capital, board members, representatives, branches and filing history. No API key, no login required"
Greece Company Registry (GEMI) Publicity Fresh Data,Karl Sundström,https://apify.com/vhsgreed/greece-gemi-publicity-api-fresh?fpr=youssef,ellada-kypros,1,2,,0,"Fetch official Greek company records from the GEMI publicity registry by name or registration number. Returns legal form, status, address, activity codes and officers"
Pharm24.gr Scraper - Greece Pharmacy Products & Prices,Studio Amba,https://apify.com/studio-amba/pharm24-gr-scraper?fpr=youssef,ellada-kypros,1,2,,0,"Scrape products, prices, brands, EANs, and stock status from Pharm24.gr, one of Greece's largest online pharmacies. Covers OTC medicines, supplements, cosmetics, and parapharmacy products"
Xe.gr Greek Property Scraper,rainminer,https://apify.com/rainminer/xe-gr-scraper?fpr=youssef,ellada-kypros,1,2,,0,"Scrape public property listings from Xe.gr in Greece. Export title, price, rooms, area, location, transaction type, and listing URLs to JSON or CSV for housing market research and lead generation - no login required"
Spitogatos.gr Scraper - Greek Real Estate Property Listings,Haketa,https://apify.com/haketa/spitogatos-scraper?fpr=youssef,ellada-kypros,1,2,,0,"Scrape Spitogatos.gr for Greek real estate listings by location and type. Extract property price, area, rooms, location, agent info, images, and full details. For real estate market research, property investment analysis, and lead generation in Greece"
Spitogatos Scraper - Greek Real Estate Listings,Studio Amba,https://apify.com/studio-amba/spitogatos-scraper?fpr=youssef,ellada-kypros,1,2,,0,"Scrape real estate listings from Spitogatos.gr - Greece's #1 property portal. Extract apartments, houses, studios, land, and commercial properties for sale or rent with prices, locations, areas, and photos"
Spitogatos.gr Property Scraper,Muhamed Didovic,https://apify.com/memo23/spitogatos-scraper?fpr=youssef,ellada-kypros,1,2,,0,"Scrape property listings from Spitogatos.gr - Greece's largest real estate portal. Sale or rent, any area, full details optional. JSON/CSV/Excel out"
Xe.gr Scraper - Greek Commercial Property & Land,Studio Amba,https://apify.com/studio-amba/xe-gr-commercial-scraper?fpr=youssef,ellada-kypros,1,2,,0,"Scrape commercial property and land listings from xe.gr, Greece's largest classifieds portal: offices, stores, industrial and craft spaces, plots and parcels for rent or sale. Prices in EUR, price per m2, surfaces, coordinates and agency names"
Skywalker.gr Scraper - Greek Job Listings & Employers,Studio Amba,https://apify.com/studio-amba/skywalker-gr-scraper?fpr=youssef,ellada-kypros,1,2,,0,"Scrape job offers from Skywalker.gr, Greece's #2 job board. Search by keyword and extract job titles, companies, categories, position levels, work models, locations, full descriptions and dates. No login required"
Spitogatos Scraper - Greek Property Listings,SIÁN OÜ,https://apify.com/sian.agency/spitogatos-property-scraper?fpr=youssef,ellada-kypros,1,2,,0,"Scrape Spitogatos.gr, Greece's largest property portal: asking price, price per square metre, size, rooms, floor, energy class, year built, GPS, every photo and the listing agency's phone numbers. Sale and rent, all of Greece. JSON, CSV or Excel"
Jobfind.gr Scraper - Greek Job Listings by City,Studio Amba,https://apify.com/studio-amba/jobfind-gr-scraper?fpr=youssef,ellada-kypros,1,2,,0,"Scrape job listings from Jobfind.gr, a general Greek jobs board (~1.1M visits/mo). Browse by city/area across all of Greece, filter by keyword, and get title, category, location, salary and employment type. No login needed"
Jobfind.gr Scraper,Unfenced Group,https://apify.com/unfenced-group/jobfind-gr-scraper?fpr=youssef,ellada-kypros,1,2,,0,"Scrape job listings from Jobfind.gr, Greece's #4 job board with 50,000+ listings. Filter by category (IT, tourism, hospitality, 20+ more) and location. Full descriptions optional. No API key needed"
"XO.gr Scraper: Greek Business Directory, Phones & Emails",Youssef Farhan,https://apify.com/fayoussef/xo-gr-scraper?fpr=youssef,ellada-kypros,1,2,,0,"Scrape Greek business leads from xo.gr (Χρυσός Οδηγός, the Greek Yellow Pages) by category and place: name, phones, mobile, email, website, address, GPS and sponsored flag, plus fax, contact person, hours and rating. Search in English or Greek, or paste xo.gr URLs"
Greek Real Estate Scraper (realestate.gr),Crawler Bros,https://apify.com/crawlerbros/greek-real-estate-scraper?fpr=youssef,ellada-kypros,1,2,,0,"Scrape Greek real estate listings (Crete-focused), price, surface, rooms, images, category, area, descriptions. Powered by the realestate.gr WordPress REST API. HTTP-only, no proxy, no auth"
Car.gr Scraper - Χαμηλού κόστους Low-cost,Prime Scrape,https://apify.com/delectable_incubator/car-gr-scraper-hamiloy-kostoys-low-cost?fpr=youssef,ellada-kypros,1,2,5,1,"Scrape vehicle listings from car.gr with a powerful Greek automotive scraper. Extract makes, models, prices, mileage, engine specs, fuel types, transmission, sellers, locations, photos, promotions & listing URLs. Perfect for price analysis, dealer intelligence & vehicle datasets"
Pals Cyprus Directory Scraper - Cyprus Business Directory,Crawler Bros,https://apify.com/crawlerbros/cypindex-scraper?fpr=youssef,ellada-kypros,1,2,,0,"Scrape Pals Cyprus Directory (palscyprus.directory), a free Cyprus business directory. Browse by category or fetch profiles by URL. Get names, phones, addresses, categories, descriptions, and source links"
Cyprus Company Register Scraper - DRCOR KYB Data,Studio Amba,https://apify.com/studio-amba/cyprus-drcor-scraper?fpr=youssef,ellada-kypros,1,2,,0,"Search Cyprus companies on the Registrar of Companies (DRCOR) public search portal. Look up by name or HE registration number and get entity type, status, registration date, directors, secretary, and registered office address. No login, no API key required"
Spitogatos Property Url Listing,GetDataForMe,https://apify.com/getdataforme/spitogatos-property-url-listing?fpr=youssef,ellada-kypros,1,2,5,1,"The Spitogatos Property Url Listing Actor efficiently extracts comprehensive property data from Spitogatos, enhancing real estate research and decision-making. Features include accurate data extraction, fast performance, user-friendly setup, and flexible output formats (JSON, CSV, Excel)"
KarieraWFinansach.pl Scraper - Poland Finance Job Listings,Studio Amba,https://apify.com/studio-amba/karierawfinansach-scraper?fpr=youssef,ellada-kypros,1,2,,0,"Scrape finance, accounting, audit, banking, tax and BPO/SSC job listings from karierawfinansach.pl, Poland's dedicated finance-sector jobs board. Search by keyword and get titles, employers, locations, categories, salary and direct apply links"
Linkedin Posts Reactions,Data LinkMiner,https://apify.com/data_link_miner/linkedin-posts-reactions?fpr=youssef,linkedin,1,1,,0,"Extract posts, engagement metrics, and media from LinkedIn profiles & company pages. This actor allows you to scrape LinkedIn posts from personal profiles or company pages"
"ImmoScout24 Scraper - Germany, Austria & Spain Property",kane liu,https://apify.com/lentic_clockss/immobilienscout24-scraper?fpr=youssef,other-lead-sources,1,1,,0,"Scrape ImmobilienScout24.de, ImmobilienScout24.at, Fotocasa, and Habitaclia homes for sale and to rent. Extract prices, rooms, living space, agents, and photos as an ImmoScout24 API alternative"
ASOS Product Scraper | Fashion Prices & SKUs,kane liu,https://apify.com/lentic_clockss/asos-scraper?fpr=youssef,other-lead-sources,1,1,,0,"Scrape ASOS.com fashion products - keyword search, category PLP & PDP. Extract prices, brands, colourWayId, sizes, images across global markets. Export Excel/CSV/JSON. Unofficial"
Greenhouse Jobs Scraper,ParseBird,https://apify.com/parsebird/greenhouse-jobs-scraper?fpr=youssef,jobs-hiring-signals,1,1,,0,"Search live job postings across 140+ companies on Greenhouse. Filter by title, location, remote/hybrid/onsite, salary, experience level, and company"
Luma Attendee Profile Exporter,Trove Vault,https://apify.com/trovevault/luma-attendee-profile-exporter?fpr=youssef,enrichment-verification,1,1,,0,"Exports enriched Luma event attendee rows with registration answers, social profile links, company, job title, and follow-up segments"
Bayut Scraper | UAE Saudi Egypt Bahrain Qatar,kane liu,https://apify.com/lentic_clockss/bayut-uae-scraper?fpr=youssef,other-lead-sources,1,1,,0,"Scrape Bayut UAE, Saudi Arabia, Egypt, Bahrain & Qatar listings for sale or rent. Extract prices, beds, agency & photos. Bayut API alternative"
App Store Scraper | Charts & Developer Sites,kane liu,https://apify.com/lentic_clockss/apple-app-store-scraper?fpr=youssef,email-finders,1,1,,0,"Scrape Apple App Store search, charts, reviews and developer pages. Extract adamId, ratings, seller/developer names, and Developer Website URLs. Guest pages only - App Store listings do not publish developer phone, email, or street address. 174 storefronts. Excel, CSV, JSON"
Skool Events Scraper - Community Calendar & Reminders,Scrapers Delight,https://apify.com/scrapersdelight/skool-events-scraper?fpr=youssef,email-finders,1,1,,0,"scrape any Skool community calendar - title, description, start/end time, timezone, recurring flag, host, location & link. Public communities need no login; bring your own Skool login for member-only data. Monitor mode alerts you to new events via Slack/email/webhook"
"Google Maps Business Scraper - Name, Rating, Address",Khandji Omar,https://apify.com/om_kh/google-maps-business-scraper?fpr=youssef,google-maps,1,1,,0,"Scrape Google Maps businesses for any search and location: name, address, phone, website, category, rating, review count and coordinates. Export to JSON, CSV or Excel, or call it from the API, n8n or Make. No login or Google API key needed. For lead generation and local-market research"
Bug Bounty Finder: HackerOne and Bugcrowd Programs as Flat Data,GetAScraper,https://apify.com/getascraper/bug-bounty-finder?fpr=youssef,other-lead-sources,1,1,,0,"Find every public bug bounty program for a company on HackerOne and Bugcrowd, plus its published security.txt contact, in one run. Returns one flat row per program or contact: bounty range, currency, resolved reports, program link. No program found still returns a security contact"
Trulia Scraper,ONE API,https://apify.com/one-api/trulia-scraper?fpr=youssef,other-lead-sources,1,1,,0,"Scrape Trulia listings, full property details, similar homes, local amenities, and location autocomplete. Search by location, ZIP, coordinates, or Trulia URL with price, beds, baths, sqft and property-type filters. One flat row per result plus full raw JSON"
Cyprus Property Scraper: Spitogatos.com.cy Listings & Agents,Youssef Farhan,https://apify.com/fayoussef/spitogatos-cy-scraper?fpr=youssef,ellada-kypros,1,1,,0,"Scrape Cyprus real estate listings and estate agents from Spitogatos.com.cy, in English or Greek. Search by town, price and property type, or paste any URL, and get price, area, rooms, GPS, photos and the agent's phone across Limassol, Nicosia, Larnaca, Paphos and Famagusta"
Bazaraki Property Scraper - Cyprus Real Estate,SIÁN OÜ,https://apify.com/sian.agency/bazaraki-property-scraper?fpr=youssef,ellada-kypros,1,1,,0,"Scrape Bazaraki.com for Cyprus property: asking price, €/m², covered and plot area, bedrooms, GPS, energy rating and seller. Sale and rent, JSON or CSV"
Bazaraki.com Scraper - Cyprus Classifieds Data Extractor,Studio Amba,https://apify.com/studio-amba/bazaraki-scraper?fpr=youssef,ellada-kypros,1,1,,0,"Scrape classified ads from Bazaraki.com, Cyprus's largest general classifieds portal. Extract titles, prices, categories, locations, images, and descriptions across real estate, cars, electronics, jobs, and more. No login needed"
